matchurl,home_team,away_team,event,player_name,team,minute,is_home,home_team_goals,away_team_goals,team_against,team against,Goal total event,Goal new diff
https://www.rbfa.be/nl/wedstrijd/7520914,K. SV Veurne A,Club Roeselare,Yellow Card,Sam Vanhuyse,Club Roeselare,21,0,0,0,K. SV Veurne A,K. SV Veurne A,0,
https://www.rbfa.be/nl/wedstrijd/7520914,K. SV Veurne A,Club Roeselare,Goal,Yoran Deleu,Club Roeselare,37,0,0,1,K. SV Veurne A,K. SV Veurne A,1,1.0
https://www.rbfa.be/nl/wedstrijd/7520914,K. SV Veurne A,Club Roeselare,Goal,Bart Winnock,K. SV Veurne A,50,1,1,1,Club Roeselare,Club Roeselare,1,0.0
https://www.rbfa.be/nl/wedstrijd/7520914,K. SV Veurne A,Club Roeselare,Yellow Card,Sebastiaan Maesen,Club Roeselare,57,0,1,1,K. SV Veurne A,K. SV Veurne A,0,
https://www.rbfa.be/nl/wedstrijd/7520914,K. SV Veurne A,Club Roeselare,Substitute In,Michiel Verlinde,Club Roeselare,62,0,1,1,K. SV Veurne A,K. SV Veurne A,0,
https://www.rbfa.be/nl/wedstrijd/7520914,K. SV Veurne A,Club Roeselare,Substitute Out,Sebastiaan Maesen,Club Roeselare,62,0,1,1,K. SV Veurne A,K. SV Veurne A,0,
https://www.rbfa.be/nl/wedstrijd/7520914,K. SV Veurne A,Club Roeselare,Substitute In,Tristan Prinsier,Club Roeselare,69,0,1,1,K. SV Veurne A,K. SV Veurne A,0,
https://www.rbfa.be/nl/wedstrijd/7520914,K. SV Veurne A,Club Roeselare,Substitute In,Vincent Provoost,Club Roeselare,69,0,1,1,K. SV Veurne A,K. SV Veurne A,0,
https://www.rbfa.be/nl/wedstrijd/7520914,K. SV Veurne A,Club Roeselare,Substitute Out,Gianni Vandecasteele,Club Roeselare,69,0,1,1,K. SV Veurne A,K. SV Veurne A,0,
https://www.rbfa.be/nl/wedstrijd/7520914,K. SV Veurne A,Club Roeselare,Substitute Out,Sam Vanhuyse,Club Roeselare,69,0,1,1,K. SV Veurne A,K. SV Veurne A,0,
https://www.rbfa.be/nl/wedstrijd/7520914,K. SV Veurne A,Club Roeselare,Substitute In,Jessy Blanckaert,K. SV Veurne A,85,1,1,1,Club Roeselare,Club Roeselare,0,
https://www.rbfa.be/nl/wedstrijd/7520914,K. SV Veurne A,Club Roeselare,Substitute Out,Dante Blanckaert,K. SV Veurne A,85,1,1,1,Club Roeselare,Club Roeselare,0,
https://www.rbfa.be/nl/wedstrijd/7520914,K. SV Veurne A,Club Roeselare,Substitute In,Mauro Dumoulin,Club Roeselare,87,0,1,1,K. SV Veurne A,K. SV Veurne A,0,
https://www.rbfa.be/nl/wedstrijd/7520914,K. SV Veurne A,Club Roeselare,Substitute Out,Cedric Makekula Mitu Muendele,Club Roeselare,87,0,1,1,K. SV Veurne A,K. SV Veurne A,0,
https://www.rbfa.be/nl/wedstrijd/7520919,K. FC Heist A,KFC Aalbeke Sport A,Substitute In,Corentin Fabrice Cottenceau,KFC Aalbeke Sport A,46,0,0,0,K. FC Heist A,K. FC Heist A,0,
https://www.rbfa.be/nl/wedstrijd/7520919,K. FC Heist A,KFC Aalbeke Sport A,Substitute Out,Amine Ahdach,KFC Aalbeke Sport A,46,0,0,0,K. FC Heist A,K. FC Heist A,0,
https://www.rbfa.be/nl/wedstrijd/7520919,K. FC Heist A,KFC Aalbeke Sport A,Yellow Card,Tenas Virgili,K. FC Heist A,53,1,0,0,KFC Aalbeke Sport A,KFC Aalbeke Sport A,0,
https://www.rbfa.be/nl/wedstrijd/7520919,K. FC Heist A,KFC Aalbeke Sport A,Substitute In,Sabri Bensalim,KFC Aalbeke Sport A,56,0,0,0,K. FC Heist A,K. FC Heist A,0,
https://www.rbfa.be/nl/wedstrijd/7520919,K. FC Heist A,KFC Aalbeke Sport A,Substitute Out,Kevin Gallo,KFC Aalbeke Sport A,56,0,0,0,K. FC Heist A,K. FC Heist A,0,
https://www.rbfa.be/nl/wedstrijd/7520919,K. FC Heist A,KFC Aalbeke Sport A,Substitute In,Bixenti Ducoulombier,K. FC Heist A,60,1,0,0,KFC Aalbeke Sport A,KFC Aalbeke Sport A,0,
https://www.rbfa.be/nl/wedstrijd/7520919,K. FC Heist A,KFC Aalbeke Sport A,Substitute Out,Tenas Virgili,K. FC Heist A,60,1,0,0,KFC Aalbeke Sport A,KFC Aalbeke Sport A,0,
https://www.rbfa.be/nl/wedstrijd/7520919,K. FC Heist A,KFC Aalbeke Sport A,Substitute In,Marwane El Houfi,K. FC Heist A,81,1,0,0,KFC Aalbeke Sport A,KFC Aalbeke Sport A,0,
https://www.rbfa.be/nl/wedstrijd/7520919,K. FC Heist A,KFC Aalbeke Sport A,Substitute In,Pascal Ohiaeri,K. FC Heist A,81,1,0,0,KFC Aalbeke Sport A,KFC Aalbeke Sport A,0,
https://www.rbfa.be/nl/wedstrijd/7520919,K. FC Heist A,KFC Aalbeke Sport A,Substitute Out,Tibo Andries,K. FC Heist A,81,1,0,0,KFC Aalbeke Sport A,KFC Aalbeke Sport A,0,
https://www.rbfa.be/nl/wedstrijd/7520919,K. FC Heist A,KFC Aalbeke Sport A,Substitute Out,Jan Claessens,K. FC Heist A,81,1,0,0,KFC Aalbeke Sport A,KFC Aalbeke Sport A,0,
https://www.rbfa.be/nl/wedstrijd/7520919,K. FC Heist A,KFC Aalbeke Sport A,Substitute In,Taybi Bensalem,KFC Aalbeke Sport A,85,0,0,0,K. FC Heist A,K. FC Heist A,0,
https://www.rbfa.be/nl/wedstrijd/7520919,K. FC Heist A,KFC Aalbeke Sport A,Substitute In,Wassim Essaddiki,KFC Aalbeke Sport A,85,0,0,0,K. FC Heist A,K. FC Heist A,0,
https://www.rbfa.be/nl/wedstrijd/7520919,K. FC Heist A,KFC Aalbeke Sport A,Substitute Out,Thibaut Millecamps,KFC Aalbeke Sport A,85,0,0,0,K. FC Heist A,K. FC Heist A,0,
https://www.rbfa.be/nl/wedstrijd/7520919,K. FC Heist A,KFC Aalbeke Sport A,Substitute Out,Marvin Pierre Turcan,KFC Aalbeke Sport A,85,0,0,0,K. FC Heist A,K. FC Heist A,0,
https://www.rbfa.be/nl/wedstrijd/7520919,K. FC Heist A,KFC Aalbeke Sport A,Substitute In,Kjell Delos,K. FC Heist A,89,1,0,0,KFC Aalbeke Sport A,KFC Aalbeke Sport A,0,
https://www.rbfa.be/nl/wedstrijd/7520919,K. FC Heist A,KFC Aalbeke Sport A,Substitute Out,Diaz Denise Axelsson De Baets,K. FC Heist A,89,1,0,0,KFC Aalbeke Sport A,KFC Aalbeke Sport A,0,
https://www.rbfa.be/nl/wedstrijd/7520916,K. FC Varsenare A,K. Sassp. Boezinge A,Yellow Card,Milan Van De Maele,K. FC Varsenare A,24,1,0,0,K. Sassp. Boezinge A,K. Sassp. Boezinge A,0,
https://www.rbfa.be/nl/wedstrijd/7520916,K. FC Varsenare A,K. Sassp. Boezinge A,Goal,Matteo Compernolle,K. FC Varsenare A,26,1,1,0,K. Sassp. Boezinge A,K. Sassp. Boezinge A,1,1.0
https://www.rbfa.be/nl/wedstrijd/7520916,K. FC Varsenare A,K. Sassp. Boezinge A,Substitute In,Brent Ooghe,K. FC Varsenare A,46,1,1,0,K. Sassp. Boezinge A,K. Sassp. Boezinge A,0,
https://www.rbfa.be/nl/wedstrijd/7520916,K. FC Varsenare A,K. Sassp. Boezinge A,Substitute Out,Eleazar Osei-Berkoe,K. FC Varsenare A,46,1,1,0,K. Sassp. Boezinge A,K. Sassp. Boezinge A,0,
https://www.rbfa.be/nl/wedstrijd/7520916,K. FC Varsenare A,K. Sassp. Boezinge A,Substitute In,Owen Casier,K. Sassp. Boezinge A,60,0,1,0,K. FC Varsenare A,K. FC Varsenare A,0,
https://www.rbfa.be/nl/wedstrijd/7520916,K. FC Varsenare A,K. Sassp. Boezinge A,Substitute Out,Seppe Gantois,K. Sassp. Boezinge A,60,0,1,0,K. FC Varsenare A,K. FC Varsenare A,0,
https://www.rbfa.be/nl/wedstrijd/7520916,K. FC Varsenare A,K. Sassp. Boezinge A,Substitute In,Jules Colpaert,K. FC Varsenare A,75,1,1,0,K. Sassp. Boezinge A,K. Sassp. Boezinge A,0,
https://www.rbfa.be/nl/wedstrijd/7520916,K. FC Varsenare A,K. Sassp. Boezinge A,Substitute Out,Bavo Butaye,K. FC Varsenare A,75,1,1,0,K. Sassp. Boezinge A,K. Sassp. Boezinge A,0,
https://www.rbfa.be/nl/wedstrijd/7520916,K. FC Varsenare A,K. Sassp. Boezinge A,Yellow Card,Benoit Onraet,K. FC Varsenare A,75,1,1,0,K. Sassp. Boezinge A,K. Sassp. Boezinge A,0,
https://www.rbfa.be/nl/wedstrijd/7520916,K. FC Varsenare A,K. Sassp. Boezinge A,Substitute In,Joenes Kasmi,K. Sassp. Boezinge A,80,0,1,0,K. FC Varsenare A,K. FC Varsenare A,0,
https://www.rbfa.be/nl/wedstrijd/7520916,K. FC Varsenare A,K. Sassp. Boezinge A,Substitute Out,Mouhamed Sarr,K. Sassp. Boezinge A,80,0,1,0,K. FC Varsenare A,K. FC Varsenare A,0,
https://www.rbfa.be/nl/wedstrijd/7520916,K. FC Varsenare A,K. Sassp. Boezinge A,Yellow Card,Brent Ooghe,K. FC Varsenare A,84,1,1,0,K. Sassp. Boezinge A,K. Sassp. Boezinge A,0,
https://www.rbfa.be/nl/wedstrijd/7520916,K. FC Varsenare A,K. Sassp. Boezinge A,Goal,Matteo Compernolle,K. FC Varsenare A,86,1,2,0,K. Sassp. Boezinge A,K. Sassp. Boezinge A,1,2.0
https://www.rbfa.be/nl/wedstrijd/7520916,K. FC Varsenare A,K. Sassp. Boezinge A,Substitute In,Colin Sohier,K. Sassp. Boezinge A,89,0,2,0,K. FC Varsenare A,K. FC Varsenare A,0,
https://www.rbfa.be/nl/wedstrijd/7520916,K. FC Varsenare A,K. Sassp. Boezinge A,Substitute In,Remko Vandamme,K. Sassp. Boezinge A,89,0,2,0,K. FC Varsenare A,K. FC Varsenare A,0,
https://www.rbfa.be/nl/wedstrijd/7520916,K. FC Varsenare A,K. Sassp. Boezinge A,Substitute Out,Lilian Bochet,K. Sassp. Boezinge A,89,0,2,0,K. FC Varsenare A,K. FC Varsenare A,0,
https://www.rbfa.be/nl/wedstrijd/7520916,K. FC Varsenare A,K. Sassp. Boezinge A,Substitute Out,Fabian Rassalle,K. Sassp. Boezinge A,89,0,2,0,K. FC Varsenare A,K. FC Varsenare A,0,
https://www.rbfa.be/nl/wedstrijd/7520916,K. FC Varsenare A,K. Sassp. Boezinge A,Yellow Card,Jari Van De Maele,K. FC Varsenare A,92,1,2,0,K. Sassp. Boezinge A,K. Sassp. Boezinge A,0,
https://www.rbfa.be/nl/wedstrijd/7520915,S.V. Wevelgem City A,FC Sp. Heestert A,Yellow Card,Thibau Laevens,S.V. Wevelgem City A,17,1,0,0,FC Sp. Heestert A,FC Sp. Heestert A,0,
https://www.rbfa.be/nl/wedstrijd/7520915,S.V. Wevelgem City A,FC Sp. Heestert A,Yellow Card,Mehdi Oumedjeber,S.V. Wevelgem City A,19,1,0,0,FC Sp. Heestert A,FC Sp. Heestert A,0,
https://www.rbfa.be/nl/wedstrijd/7520915,S.V. Wevelgem City A,FC Sp. Heestert A,Yellow Card,Aristote Madiani,FC Sp. Heestert A,27,0,0,0,S.V. Wevelgem City A,S.V. Wevelgem City A,0,
https://www.rbfa.be/nl/wedstrijd/7520915,S.V. Wevelgem City A,FC Sp. Heestert A,Yellow Card,Fries Legein,FC Sp. Heestert A,36,0,0,0,S.V. Wevelgem City A,S.V. Wevelgem City A,0,
https://www.rbfa.be/nl/wedstrijd/7520915,S.V. Wevelgem City A,FC Sp. Heestert A,Yellow Card,Gauthier Van De Geuchte,S.V. Wevelgem City A,37,1,0,0,FC Sp. Heestert A,FC Sp. Heestert A,0,
https://www.rbfa.be/nl/wedstrijd/7520915,S.V. Wevelgem City A,FC Sp. Heestert A,Yellow Card,Jordy Beirlaen,S.V. Wevelgem City A,63,1,0,0,FC Sp. Heestert A,FC Sp. Heestert A,0,
https://www.rbfa.be/nl/wedstrijd/7520915,S.V. Wevelgem City A,FC Sp. Heestert A,Substitute In,Niels Stael,FC Sp. Heestert A,63,0,0,0,S.V. Wevelgem City A,S.V. Wevelgem City A,0,
https://www.rbfa.be/nl/wedstrijd/7520915,S.V. Wevelgem City A,FC Sp. Heestert A,Substitute Out,Dries Loosveldt,FC Sp. Heestert A,63,0,0,0,S.V. Wevelgem City A,S.V. Wevelgem City A,0,
https://www.rbfa.be/nl/wedstrijd/7520915,S.V. Wevelgem City A,FC Sp. Heestert A,Substitute In,Said Hafidh Khatib,S.V. Wevelgem City A,70,1,0,0,FC Sp. Heestert A,FC Sp. Heestert A,0,
https://www.rbfa.be/nl/wedstrijd/7520915,S.V. Wevelgem City A,FC Sp. Heestert A,Substitute In,Tibo Margo,S.V. Wevelgem City A,70,1,0,0,FC Sp. Heestert A,FC Sp. Heestert A,0,
https://www.rbfa.be/nl/wedstrijd/7520915,S.V. Wevelgem City A,FC Sp. Heestert A,Substitute Out,Maxime Cottignie,S.V. Wevelgem City A,70,1,0,0,FC Sp. Heestert A,FC Sp. Heestert A,0,
https://www.rbfa.be/nl/wedstrijd/7520915,S.V. Wevelgem City A,FC Sp. Heestert A,Substitute Out,Gilles Hamers,S.V. Wevelgem City A,70,1,0,0,FC Sp. Heestert A,FC Sp. Heestert A,0,
https://www.rbfa.be/nl/wedstrijd/7520915,S.V. Wevelgem City A,FC Sp. Heestert A,Yellow Card,Eddy Verbeeck,S.V. Wevelgem City A,71,1,0,0,FC Sp. Heestert A,FC Sp. Heestert A,0,
https://www.rbfa.be/nl/wedstrijd/7520915,S.V. Wevelgem City A,FC Sp. Heestert A,Goal,Gauthier Van De Geuchte,S.V. Wevelgem City A,80,1,1,0,FC Sp. Heestert A,FC Sp. Heestert A,1,1.0
https://www.rbfa.be/nl/wedstrijd/7520915,S.V. Wevelgem City A,FC Sp. Heestert A,Goal,Tibo Margo,S.V. Wevelgem City A,84,1,2,0,FC Sp. Heestert A,FC Sp. Heestert A,1,2.0
https://www.rbfa.be/nl/wedstrijd/7520915,S.V. Wevelgem City A,FC Sp. Heestert A,Yellow Card,Gilles Bouckaert,S.V. Wevelgem City A,84,1,2,0,FC Sp. Heestert A,FC Sp. Heestert A,0,
https://www.rbfa.be/nl/wedstrijd/7520915,S.V. Wevelgem City A,FC Sp. Heestert A,Substitute In,Louis Callewier,FC Sp. Heestert A,84,0,2,0,S.V. Wevelgem City A,S.V. Wevelgem City A,0,
https://www.rbfa.be/nl/wedstrijd/7520915,S.V. Wevelgem City A,FC Sp. Heestert A,Substitute Out,Adrien Michel Hermant,FC Sp. Heestert A,84,0,2,0,S.V. Wevelgem City A,S.V. Wevelgem City A,0,
https://www.rbfa.be/nl/wedstrijd/7520915,S.V. Wevelgem City A,FC Sp. Heestert A,Substitute In,Emiel Bridelance,S.V. Wevelgem City A,86,1,2,0,FC Sp. Heestert A,FC Sp. Heestert A,0,
https://www.rbfa.be/nl/wedstrijd/7520915,S.V. Wevelgem City A,FC Sp. Heestert A,Substitute Out,Mehdi Oumedjeber,S.V. Wevelgem City A,86,1,2,0,FC Sp. Heestert A,FC Sp. Heestert A,0,
https://www.rbfa.be/nl/wedstrijd/7520915,S.V. Wevelgem City A,FC Sp. Heestert A,Substitute In,Lenny Rassalle,FC Sp. Heestert A,87,0,2,0,S.V. Wevelgem City A,S.V. Wevelgem City A,0,
https://www.rbfa.be/nl/wedstrijd/7520915,S.V. Wevelgem City A,FC Sp. Heestert A,Substitute Out,Mattice Bekaert,FC Sp. Heestert A,87,0,2,0,S.V. Wevelgem City A,S.V. Wevelgem City A,0,
https://www.rbfa.be/nl/wedstrijd/7520915,S.V. Wevelgem City A,FC Sp. Heestert A,Goal,Said Hafidh Khatib,S.V. Wevelgem City A,89,1,3,0,FC Sp. Heestert A,FC Sp. Heestert A,1,3.0
https://www.rbfa.be/nl/wedstrijd/7520915,S.V. Wevelgem City A,FC Sp. Heestert A,Substitute In,Raf Vanhuylebrouck,S.V. Wevelgem City A,90,1,3,0,FC Sp. Heestert A,FC Sp. Heestert A,0,
https://www.rbfa.be/nl/wedstrijd/7520915,S.V. Wevelgem City A,FC Sp. Heestert A,Substitute Out,Thibau Laevens,S.V. Wevelgem City A,90,1,3,0,FC Sp. Heestert A,FC Sp. Heestert A,0,
https://www.rbfa.be/nl/wedstrijd/7520920,K. FC Marke A,K. RC Bissegem,Yellow Card,Elias Ben Ali,K. RC Bissegem,21,0,0,0,K. FC Marke A,K. FC Marke A,0,
https://www.rbfa.be/nl/wedstrijd/7520920,K. FC Marke A,K. RC Bissegem,Own Goal,Amaury Demuynck,K. RC Bissegem,30,0,0,1,K. FC Marke A,K. FC Marke A,1,1.0
https://www.rbfa.be/nl/wedstrijd/7520920,K. FC Marke A,K. RC Bissegem,Goal,Rutger Sturm,K. RC Bissegem,46,0,0,2,K. FC Marke A,K. FC Marke A,1,2.0
https://www.rbfa.be/nl/wedstrijd/7520920,K. FC Marke A,K. RC Bissegem,Yellow Card,Ismaïl El Ouassif,K. RC Bissegem,55,0,0,2,K. FC Marke A,K. FC Marke A,0,
https://www.rbfa.be/nl/wedstrijd/7520920,K. FC Marke A,K. RC Bissegem,Substitute In,Lucas Coornaert,K. FC Marke A,56,1,0,2,K. RC Bissegem,K. RC Bissegem,0,
https://www.rbfa.be/nl/wedstrijd/7520920,K. FC Marke A,K. RC Bissegem,Substitute In,Bob Desmet,K. FC Marke A,56,1,0,2,K. RC Bissegem,K. RC Bissegem,0,
https://www.rbfa.be/nl/wedstrijd/7520920,K. FC Marke A,K. RC Bissegem,Substitute In,Noé Dirk Rogard,K. FC Marke A,56,1,0,2,K. RC Bissegem,K. RC Bissegem,0,
https://www.rbfa.be/nl/wedstrijd/7520920,K. FC Marke A,K. RC Bissegem,Substitute Out,Amaury Demuynck,K. FC Marke A,56,1,0,2,K. RC Bissegem,K. RC Bissegem,0,
https://www.rbfa.be/nl/wedstrijd/7520920,K. FC Marke A,K. RC Bissegem,Substitute Out,Thomas Menghis,K. FC Marke A,56,1,0,2,K. RC Bissegem,K. RC Bissegem,0,
https://www.rbfa.be/nl/wedstrijd/7520920,K. FC Marke A,K. RC Bissegem,Substitute Out,Hannes Tieberghien,K. FC Marke A,56,1,0,2,K. RC Bissegem,K. RC Bissegem,0,
https://www.rbfa.be/nl/wedstrijd/7520920,K. FC Marke A,K. RC Bissegem,Goal,August Laverge,K. RC Bissegem,63,0,0,3,K. FC Marke A,K. FC Marke A,1,3.0
https://www.rbfa.be/nl/wedstrijd/7520920,K. FC Marke A,K. RC Bissegem,Yellow Card,Jelle Duthoo,K. FC Marke A,65,1,0,3,K. RC Bissegem,K. RC Bissegem,0,
https://www.rbfa.be/nl/wedstrijd/7520920,K. FC Marke A,K. RC Bissegem,Substitute In,Glenn Lapeire,K. RC Bissegem,65,0,0,3,K. FC Marke A,K. FC Marke A,0,
https://www.rbfa.be/nl/wedstrijd/7520920,K. FC Marke A,K. RC Bissegem,Substitute Out,Rutger Sturm,K. RC Bissegem,65,0,0,3,K. FC Marke A,K. FC Marke A,0,
https://www.rbfa.be/nl/wedstrijd/7520920,K. FC Marke A,K. RC Bissegem,Goal,Jelle Duthoo,K. FC Marke A,73,1,1,3,K. RC Bissegem,K. RC Bissegem,1,-2.0
https://www.rbfa.be/nl/wedstrijd/7520920,K. FC Marke A,K. RC Bissegem,Substitute In,Noah Vanhouwaert,K. RC Bissegem,73,0,1,3,K. FC Marke A,K. FC Marke A,0,
https://www.rbfa.be/nl/wedstrijd/7520920,K. FC Marke A,K. RC Bissegem,Substitute Out,Ismaïl El Ouassif,K. RC Bissegem,73,0,1,3,K. FC Marke A,K. FC Marke A,0,
https://www.rbfa.be/nl/wedstrijd/7520920,K. FC Marke A,K. RC Bissegem,Substitute In,Jannis Bourgeois,K. FC Marke A,77,1,1,3,K. RC Bissegem,K. RC Bissegem,0,
https://www.rbfa.be/nl/wedstrijd/7520920,K. FC Marke A,K. RC Bissegem,Substitute Out,Thibault Trioen,K. FC Marke A,77,1,1,3,K. RC Bissegem,K. RC Bissegem,0,
https://www.rbfa.be/nl/wedstrijd/7520920,K. FC Marke A,K. RC Bissegem,Substitute In,Lennert Lingier,K. RC Bissegem,85,0,1,3,K. FC Marke A,K. FC Marke A,0,
https://www.rbfa.be/nl/wedstrijd/7520920,K. FC Marke A,K. RC Bissegem,Substitute Out,Andres Dewaele,K. RC Bissegem,85,0,1,3,K. FC Marke A,K. FC Marke A,0,
https://www.rbfa.be/nl/wedstrijd/7520918,K.S.C. Wielsbeke,SV Ingelmunster A,Yellow Card,Andres Baert,SV Ingelmunster A,13,0,0,0,K.S.C. Wielsbeke,K.S.C. Wielsbeke,0,
https://www.rbfa.be/nl/wedstrijd/7520918,K.S.C. Wielsbeke,SV Ingelmunster A,Yellow Card,Dries Wysselinck,K.S.C. Wielsbeke,15,1,0,0,SV Ingelmunster A,SV Ingelmunster A,0,
https://www.rbfa.be/nl/wedstrijd/7520918,K.S.C. Wielsbeke,SV Ingelmunster A,Goal,Charles Noppe,K.S.C. Wielsbeke,19,1,1,0,SV Ingelmunster A,SV Ingelmunster A,1,1.0
https://www.rbfa.be/nl/wedstrijd/7520918,K.S.C. Wielsbeke,SV Ingelmunster A,Yellow Card,Tibo Vandendriessche,SV Ingelmunster A,27,0,1,0,K.S.C. Wielsbeke,K.S.C. Wielsbeke,0,
https://www.rbfa.be/nl/wedstrijd/7520918,K.S.C. Wielsbeke,SV Ingelmunster A,Goal,Seppe Jeroen Lecour,K.S.C. Wielsbeke,44,1,2,0,SV Ingelmunster A,SV Ingelmunster A,1,2.0
https://www.rbfa.be/nl/wedstrijd/7520918,K.S.C. Wielsbeke,SV Ingelmunster A,Substitute In,Remco Kentie,SV Ingelmunster A,45,0,2,0,K.S.C. Wielsbeke,K.S.C. Wielsbeke,0,
https://www.rbfa.be/nl/wedstrijd/7520918,K.S.C. Wielsbeke,SV Ingelmunster A,Substitute Out,Andres Baert,SV Ingelmunster A,45,0,2,0,K.S.C. Wielsbeke,K.S.C. Wielsbeke,0,
https://www.rbfa.be/nl/wedstrijd/7520918,K.S.C. Wielsbeke,SV Ingelmunster A,Substitute In,Alexandre Vandemaele,SV Ingelmunster A,53,0,2,0,K.S.C. Wielsbeke,K.S.C. Wielsbeke,0,
https://www.rbfa.be/nl/wedstrijd/7520918,K.S.C. Wielsbeke,SV Ingelmunster A,Substitute Out,Dylan Seys,SV Ingelmunster A,53,0,2,0,K.S.C. Wielsbeke,K.S.C. Wielsbeke,0,
https://www.rbfa.be/nl/wedstrijd/7520918,K.S.C. Wielsbeke,SV Ingelmunster A,Substitute In,Gilles Van Maeldergem,K.S.C. Wielsbeke,73,1,2,0,SV Ingelmunster A,SV Ingelmunster A,0,
https://www.rbfa.be/nl/wedstrijd/7520918,K.S.C. Wielsbeke,SV Ingelmunster A,Substitute In,Rune Jacques Vandenborre,K.S.C. Wielsbeke,73,1,2,0,SV Ingelmunster A,SV Ingelmunster A,0,
https://www.rbfa.be/nl/wedstrijd/7520918,K.S.C. Wielsbeke,SV Ingelmunster A,Substitute Out,Ian Maes,K.S.C. Wielsbeke,73,1,2,0,SV Ingelmunster A,SV Ingelmunster A,0,
https://www.rbfa.be/nl/wedstrijd/7520918,K.S.C. Wielsbeke,SV Ingelmunster A,Substitute Out,Charles Noppe,K.S.C. Wielsbeke,73,1,2,0,SV Ingelmunster A,SV Ingelmunster A,0,
https://www.rbfa.be/nl/wedstrijd/7520918,K.S.C. Wielsbeke,SV Ingelmunster A,Substitute In,Jorrit Vanden Berghe,SV Ingelmunster A,73,0,2,0,K.S.C. Wielsbeke,K.S.C. Wielsbeke,0,
https://www.rbfa.be/nl/wedstrijd/7520918,K.S.C. Wielsbeke,SV Ingelmunster A,Substitute Out,Tibo Vandendriessche,SV Ingelmunster A,73,0,2,0,K.S.C. Wielsbeke,K.S.C. Wielsbeke,0,
https://www.rbfa.be/nl/wedstrijd/7520918,K.S.C. Wielsbeke,SV Ingelmunster A,Goal,Xander Vankeirsbilck,SV Ingelmunster A,75,0,2,1,K.S.C. Wielsbeke,K.S.C. Wielsbeke,1,-1.0
https://www.rbfa.be/nl/wedstrijd/7520918,K.S.C. Wielsbeke,SV Ingelmunster A,Goal,Gilles Van Maeldergem,K.S.C. Wielsbeke,78,1,3,1,SV Ingelmunster A,SV Ingelmunster A,1,2.0
https://www.rbfa.be/nl/wedstrijd/7520918,K.S.C. Wielsbeke,SV Ingelmunster A,Substitute In,Arne Beeuwsaert,K.S.C. Wielsbeke,85,1,3,1,SV Ingelmunster A,SV Ingelmunster A,0,
https://www.rbfa.be/nl/wedstrijd/7520918,K.S.C. Wielsbeke,SV Ingelmunster A,Substitute In,Lars De Meester,K.S.C. Wielsbeke,85,1,3,1,SV Ingelmunster A,SV Ingelmunster A,0,
https://www.rbfa.be/nl/wedstrijd/7520918,K.S.C. Wielsbeke,SV Ingelmunster A,Substitute Out,Thomas Coopman,K.S.C. Wielsbeke,85,1,3,1,SV Ingelmunster A,SV Ingelmunster A,0,
https://www.rbfa.be/nl/wedstrijd/7520918,K.S.C. Wielsbeke,SV Ingelmunster A,Substitute Out,Berre De Smet,K.S.C. Wielsbeke,85,1,3,1,SV Ingelmunster A,SV Ingelmunster A,0,
https://www.rbfa.be/nl/wedstrijd/7520921,K. VC Ardooie A,K. Eendr. Wervik A,Penalty,Gregory Hermans,K. VC Ardooie A,1,1,1,0,K. Eendr. Wervik A,K. Eendr. Wervik A,1,1.0
https://www.rbfa.be/nl/wedstrijd/7520921,K. VC Ardooie A,K. Eendr. Wervik A,Substitute In,Aiden Lenihan,K. VC Ardooie A,28,1,1,0,K. Eendr. Wervik A,K. Eendr. Wervik A,0,
https://www.rbfa.be/nl/wedstrijd/7520921,K. VC Ardooie A,K. Eendr. Wervik A,Substitute Out,Gregory Hermans,K. VC Ardooie A,28,1,1,0,K. Eendr. Wervik A,K. Eendr. Wervik A,0,
https://www.rbfa.be/nl/wedstrijd/7520921,K. VC Ardooie A,K. Eendr. Wervik A,Yellow Card,Matisse Maelfait,K. VC Ardooie A,35,1,1,0,K. Eendr. Wervik A,K. Eendr. Wervik A,0,
https://www.rbfa.be/nl/wedstrijd/7520921,K. VC Ardooie A,K. Eendr. Wervik A,Substitute In,Billal Debiche,K. Eendr. Wervik A,46,0,1,0,K. VC Ardooie A,K. VC Ardooie A,0,
https://www.rbfa.be/nl/wedstrijd/7520921,K. VC Ardooie A,K. Eendr. Wervik A,Substitute In,Yann-Moussa André Diallo,K. Eendr. Wervik A,46,0,1,0,K. VC Ardooie A,K. VC Ardooie A,0,
https://www.rbfa.be/nl/wedstrijd/7520921,K. VC Ardooie A,K. Eendr. Wervik A,Substitute Out,Youssef Bouyfoulkitne,K. Eendr. Wervik A,46,0,1,0,K. VC Ardooie A,K. VC Ardooie A,0,
https://www.rbfa.be/nl/wedstrijd/7520921,K. VC Ardooie A,K. Eendr. Wervik A,Substitute Out,Abdoul Salam Sow,K. Eendr. Wervik A,46,0,1,0,K. VC Ardooie A,K. VC Ardooie A,0,
https://www.rbfa.be/nl/wedstrijd/7520921,K. VC Ardooie A,K. Eendr. Wervik A,Yellow Card,Emiel Stevens,K. Eendr. Wervik A,51,0,1,0,K. VC Ardooie A,K. VC Ardooie A,0,
https://www.rbfa.be/nl/wedstrijd/7520921,K. VC Ardooie A,K. Eendr. Wervik A,Goal,Maxim Ver Eecke,K. VC Ardooie A,55,1,2,0,K. Eendr. Wervik A,K. Eendr. Wervik A,1,2.0
https://www.rbfa.be/nl/wedstrijd/7520921,K. VC Ardooie A,K. Eendr. Wervik A,Goal,Aiden Lenihan,K. VC Ardooie A,60,1,3,0,K. Eendr. Wervik A,K. Eendr. Wervik A,1,3.0
https://www.rbfa.be/nl/wedstrijd/7520921,K. VC Ardooie A,K. Eendr. Wervik A,Substitute In,Gianluca Cardoen,K. VC Ardooie A,62,1,3,0,K. Eendr. Wervik A,K. Eendr. Wervik A,0,
https://www.rbfa.be/nl/wedstrijd/7520921,K. VC Ardooie A,K. Eendr. Wervik A,Substitute In,Edouard Holvoet,K. VC Ardooie A,62,1,3,0,K. Eendr. Wervik A,K. Eendr. Wervik A,0,
https://www.rbfa.be/nl/wedstrijd/7520921,K. VC Ardooie A,K. Eendr. Wervik A,Substitute Out,Jordi Loncke,K. VC Ardooie A,62,1,3,0,K. Eendr. Wervik A,K. Eendr. Wervik A,0,
https://www.rbfa.be/nl/wedstrijd/7520921,K. VC Ardooie A,K. Eendr. Wervik A,Substitute Out,Lennert Van De Putte,K. VC Ardooie A,62,1,3,0,K. Eendr. Wervik A,K. Eendr. Wervik A,0,
https://www.rbfa.be/nl/wedstrijd/7520921,K. VC Ardooie A,K. Eendr. Wervik A,Yellow Card,Bilal Al Ghami,K. Eendr. Wervik A,66,0,3,0,K. VC Ardooie A,K. VC Ardooie A,0,
https://www.rbfa.be/nl/wedstrijd/7520921,K. VC Ardooie A,K. Eendr. Wervik A,Goal,Aiden Lenihan,K. VC Ardooie A,68,1,4,0,K. Eendr. Wervik A,K. Eendr. Wervik A,1,4.0
https://www.rbfa.be/nl/wedstrijd/7520921,K. VC Ardooie A,K. Eendr. Wervik A,Yellow Card,Younes Haci,K. Eendr. Wervik A,73,0,4,0,K. VC Ardooie A,K. VC Ardooie A,0,
https://www.rbfa.be/nl/wedstrijd/7520921,K. VC Ardooie A,K. Eendr. Wervik A,Substitute In,Adil Haci,K. Eendr. Wervik A,75,0,4,0,K. VC Ardooie A,K. VC Ardooie A,0,
https://www.rbfa.be/nl/wedstrijd/7520921,K. VC Ardooie A,K. Eendr. Wervik A,Substitute In,Jonathan Harrang,K. Eendr. Wervik A,75,0,4,0,K. VC Ardooie A,K. VC Ardooie A,0,
https://www.rbfa.be/nl/wedstrijd/7520921,K. VC Ardooie A,K. Eendr. Wervik A,Substitute In,Walid Meftah Ben Abed,K. Eendr. Wervik A,75,0,4,0,K. VC Ardooie A,K. VC Ardooie A,0,
https://www.rbfa.be/nl/wedstrijd/7520921,K. VC Ardooie A,K. Eendr. Wervik A,Substitute Out,Bilal Al Ghami,K. Eendr. Wervik A,75,0,4,0,K. VC Ardooie A,K. VC Ardooie A,0,
https://www.rbfa.be/nl/wedstrijd/7520921,K. VC Ardooie A,K. Eendr. Wervik A,Substitute Out,Arthur Crombez,K. Eendr. Wervik A,75,0,4,0,K. VC Ardooie A,K. VC Ardooie A,0,
https://www.rbfa.be/nl/wedstrijd/7520921,K. VC Ardooie A,K. Eendr. Wervik A,Substitute Out,Neil Serbouh,K. Eendr. Wervik A,75,0,4,0,K. VC Ardooie A,K. VC Ardooie A,0,
https://www.rbfa.be/nl/wedstrijd/7520921,K. VC Ardooie A,K. Eendr. Wervik A,Yellow Card,Guillaume Tournicourt,K. VC Ardooie A,78,1,4,0,K. Eendr. Wervik A,K. Eendr. Wervik A,0,
https://www.rbfa.be/nl/wedstrijd/7520921,K. VC Ardooie A,K. Eendr. Wervik A,Substitute In,Brian Depondt,K. VC Ardooie A,79,1,4,0,K. Eendr. Wervik A,K. Eendr. Wervik A,0,
https://www.rbfa.be/nl/wedstrijd/7520921,K. VC Ardooie A,K. Eendr. Wervik A,Substitute In,Milan Rudy Deprest,K. VC Ardooie A,79,1,4,0,K. Eendr. Wervik A,K. Eendr. Wervik A,0,
https://www.rbfa.be/nl/wedstrijd/7520921,K. VC Ardooie A,K. Eendr. Wervik A,Substitute Out,Noah Dumortier,K. VC Ardooie A,79,1,4,0,K. Eendr. Wervik A,K. Eendr. Wervik A,0,
https://www.rbfa.be/nl/wedstrijd/7520921,K. VC Ardooie A,K. Eendr. Wervik A,Substitute Out,Guillaume Tournicourt,K. VC Ardooie A,79,1,4,0,K. Eendr. Wervik A,K. Eendr. Wervik A,0,
https://www.rbfa.be/nl/wedstrijd/7520921,K. VC Ardooie A,K. Eendr. Wervik A,Yellow Card,Geoffrey Coppin,K. Eendr. Wervik A,79,0,4,0,K. VC Ardooie A,K. VC Ardooie A,0,
https://www.rbfa.be/nl/wedstrijd/7520921,K. VC Ardooie A,K. Eendr. Wervik A,Yellow Card,Dylan Olievier,K. Eendr. Wervik A,80,0,4,0,K. VC Ardooie A,K. VC Ardooie A,0,
https://www.rbfa.be/nl/wedstrijd/7520921,K. VC Ardooie A,K. Eendr. Wervik A,Yellow Card,Milan Rudy Deprest,K. VC Ardooie A,88,1,4,0,K. Eendr. Wervik A,K. Eendr. Wervik A,0,
https://www.rbfa.be/nl/wedstrijd/7520917,K. SK Beveren-Leie A,K.R.C. Waregem A,Yellow Card,Yani Desmet,K. SK Beveren-Leie A,16,1,0,0,K.R.C. Waregem A,K.R.C. Waregem A,0,
https://www.rbfa.be/nl/wedstrijd/7520917,K. SK Beveren-Leie A,K.R.C. Waregem A,Substitute In,Robbe Debue,K.R.C. Waregem A,30,0,0,0,K. SK Beveren-Leie A,K. SK Beveren-Leie A,0,
https://www.rbfa.be/nl/wedstrijd/7520917,K. SK Beveren-Leie A,K.R.C. Waregem A,Substitute Out,Mathis Lievens,K.R.C. Waregem A,30,0,0,0,K. SK Beveren-Leie A,K. SK Beveren-Leie A,0,
https://www.rbfa.be/nl/wedstrijd/7520917,K. SK Beveren-Leie A,K.R.C. Waregem A,Yellow Card,Gianni Sobrie,K. SK Beveren-Leie A,55,1,0,0,K.R.C. Waregem A,K.R.C. Waregem A,0,
https://www.rbfa.be/nl/wedstrijd/7520917,K. SK Beveren-Leie A,K.R.C. Waregem A,Substitute In,Matteo Dujardin,K.R.C. Waregem A,55,0,0,0,K. SK Beveren-Leie A,K. SK Beveren-Leie A,0,
https://www.rbfa.be/nl/wedstrijd/7520917,K. SK Beveren-Leie A,K.R.C. Waregem A,Substitute Out,Emiel Delmulle,K.R.C. Waregem A,55,0,0,0,K. SK Beveren-Leie A,K. SK Beveren-Leie A,0,
https://www.rbfa.be/nl/wedstrijd/7520917,K. SK Beveren-Leie A,K.R.C. Waregem A,Goal,Siebe Depraetere,K.R.C. Waregem A,56,0,0,1,K. SK Beveren-Leie A,K. SK Beveren-Leie A,1,1.0
https://www.rbfa.be/nl/wedstrijd/7520917,K. SK Beveren-Leie A,K.R.C. Waregem A,Yellow Card,Alessandro Dujardin,K. SK Beveren-Leie A,68,1,0,1,K.R.C. Waregem A,K.R.C. Waregem A,0,
https://www.rbfa.be/nl/wedstrijd/7520917,K. SK Beveren-Leie A,K.R.C. Waregem A,Yellow Card,Matteo Dujardin,K.R.C. Waregem A,75,0,0,1,K. SK Beveren-Leie A,K. SK Beveren-Leie A,0,
https://www.rbfa.be/nl/wedstrijd/7520917,K. SK Beveren-Leie A,K.R.C. Waregem A,Substitute In,Rimas Vande Vyver,K. SK Beveren-Leie A,84,1,0,1,K.R.C. Waregem A,K.R.C. Waregem A,0,
https://www.rbfa.be/nl/wedstrijd/7520917,K. SK Beveren-Leie A,K.R.C. Waregem A,Substitute In,Baptiste Vandoorne,K. SK Beveren-Leie A,84,1,0,1,K.R.C. Waregem A,K.R.C. Waregem A,0,
https://www.rbfa.be/nl/wedstrijd/7520917,K. SK Beveren-Leie A,K.R.C. Waregem A,Substitute Out,Bryan Khetta,K. SK Beveren-Leie A,84,1,0,1,K.R.C. Waregem A,K.R.C. Waregem A,0,
https://www.rbfa.be/nl/wedstrijd/7520917,K. SK Beveren-Leie A,K.R.C. Waregem A,Substitute Out,Dmitry Konstantinovich Kryzhanovskiy,K. SK Beveren-Leie A,84,1,0,1,K.R.C. Waregem A,K.R.C. Waregem A,0,
https://www.rbfa.be/nl/wedstrijd/7520917,K. SK Beveren-Leie A,K.R.C. Waregem A,Substitute In,Kengi Callens,K.R.C. Waregem A,84,0,0,1,K. SK Beveren-Leie A,K. SK Beveren-Leie A,0,
https://www.rbfa.be/nl/wedstrijd/7520917,K. SK Beveren-Leie A,K.R.C. Waregem A,Substitute In,Leko Albert Verbauwhede,K.R.C. Waregem A,84,0,0,1,K. SK Beveren-Leie A,K. SK Beveren-Leie A,0,
https://www.rbfa.be/nl/wedstrijd/7520917,K. SK Beveren-Leie A,K.R.C. Waregem A,Substitute Out,Simon Vandenabeele,K.R.C. Waregem A,84,0,0,1,K. SK Beveren-Leie A,K. SK Beveren-Leie A,0,
https://www.rbfa.be/nl/wedstrijd/7520917,K. SK Beveren-Leie A,K.R.C. Waregem A,Substitute Out,Tjardo Vanderghinste,K.R.C. Waregem A,84,0,0,1,K. SK Beveren-Leie A,K. SK Beveren-Leie A,0,
https://www.rbfa.be/nl/wedstrijd/7520917,K. SK Beveren-Leie A,K.R.C. Waregem A,Substitute In,Jari Longueville,K. SK Beveren-Leie A,88,1,0,1,K.R.C. Waregem A,K.R.C. Waregem A,0,
https://www.rbfa.be/nl/wedstrijd/7520917,K. SK Beveren-Leie A,K.R.C. Waregem A,Substitute Out,Safouane Rahhab,K. SK Beveren-Leie A,88,1,0,1,K.R.C. Waregem A,K.R.C. Waregem A,0,
https://www.rbfa.be/nl/wedstrijd/7520917,K. SK Beveren-Leie A,K.R.C. Waregem A,Yellow Card,Denzel Van Fleteren,K.R.C. Waregem A,90,0,0,1,K. SK Beveren-Leie A,K. SK Beveren-Leie A,0,
https://www.rbfa.be/nl/wedstrijd/7520924,K. Sassp. Boezinge A,K. SV Veurne A,Goal,Fabian Rassalle,K. Sassp. Boezinge A,9,1,1,0,K. SV Veurne A,K. SV Veurne A,1,1.0
https://www.rbfa.be/nl/wedstrijd/7520924,K. Sassp. Boezinge A,K. SV Veurne A,Substitute In,Jordy Bardyn,K. SV Veurne A,32,0,1,0,K. Sassp. Boezinge A,K. Sassp. Boezinge A,0,
https://www.rbfa.be/nl/wedstrijd/7520924,K. Sassp. Boezinge A,K. SV Veurne A,Substitute Out,Wietse Deprez,K. SV Veurne A,32,0,1,0,K. Sassp. Boezinge A,K. Sassp. Boezinge A,0,
https://www.rbfa.be/nl/wedstrijd/7520924,K. Sassp. Boezinge A,K. SV Veurne A,Yellow Card,Ward Maerten,K. Sassp. Boezinge A,48,1,1,0,K. SV Veurne A,K. SV Veurne A,0,
https://www.rbfa.be/nl/wedstrijd/7520924,K. Sassp. Boezinge A,K. SV Veurne A,Substitute In,Seppe Gantois,K. Sassp. Boezinge A,64,1,1,0,K. SV Veurne A,K. SV Veurne A,0,
https://www.rbfa.be/nl/wedstrijd/7520924,K. Sassp. Boezinge A,K. SV Veurne A,Substitute Out,Fabian Rassalle,K. Sassp. Boezinge A,64,1,1,0,K. SV Veurne A,K. SV Veurne A,0,
https://www.rbfa.be/nl/wedstrijd/7520924,K. Sassp. Boezinge A,K. SV Veurne A,Goal,Dante Blanckaert,K. SV Veurne A,67,0,1,1,K. Sassp. Boezinge A,K. Sassp. Boezinge A,1,0.0
https://www.rbfa.be/nl/wedstrijd/7520924,K. Sassp. Boezinge A,K. SV Veurne A,Goal,Seppe Gantois,K. Sassp. Boezinge A,69,1,2,1,K. SV Veurne A,K. SV Veurne A,1,1.0
https://www.rbfa.be/nl/wedstrijd/7520924,K. Sassp. Boezinge A,K. SV Veurne A,Yellow Card,Gianni Jooris,K. SV Veurne A,70,0,2,1,K. Sassp. Boezinge A,K. Sassp. Boezinge A,0,
https://www.rbfa.be/nl/wedstrijd/7520924,K. Sassp. Boezinge A,K. SV Veurne A,Own Goal,Owen Casier,K. SV Veurne A,75,0,2,2,K. Sassp. Boezinge A,K. Sassp. Boezinge A,1,0.0
https://www.rbfa.be/nl/wedstrijd/7520924,K. Sassp. Boezinge A,K. SV Veurne A,Substitute In,Joenes Kasmi,K. Sassp. Boezinge A,77,1,2,2,K. SV Veurne A,K. SV Veurne A,0,
https://www.rbfa.be/nl/wedstrijd/7520924,K. Sassp. Boezinge A,K. SV Veurne A,Substitute Out,Lilian Bochet,K. Sassp. Boezinge A,77,1,2,2,K. SV Veurne A,K. SV Veurne A,0,
https://www.rbfa.be/nl/wedstrijd/7520924,K. Sassp. Boezinge A,K. SV Veurne A,Yellow Card,Seppe Gantois,K. Sassp. Boezinge A,83,1,2,2,K. SV Veurne A,K. SV Veurne A,0,
https://www.rbfa.be/nl/wedstrijd/7520924,K. Sassp. Boezinge A,K. SV Veurne A,Substitute In,Cis Goesaert,K. SV Veurne A,85,0,2,2,K. Sassp. Boezinge A,K. Sassp. Boezinge A,0,
https://www.rbfa.be/nl/wedstrijd/7520924,K. Sassp. Boezinge A,K. SV Veurne A,Substitute In,Joppe Rathé,K. SV Veurne A,85,0,2,2,K. Sassp. Boezinge A,K. Sassp. Boezinge A,0,
https://www.rbfa.be/nl/wedstrijd/7520924,K. Sassp. Boezinge A,K. SV Veurne A,Substitute Out,Dante Blanckaert,K. SV Veurne A,85,0,2,2,K. Sassp. Boezinge A,K. Sassp. Boezinge A,0,
https://www.rbfa.be/nl/wedstrijd/7520924,K. Sassp. Boezinge A,K. SV Veurne A,Substitute Out,Dayne Clarebout,K. SV Veurne A,85,0,2,2,K. Sassp. Boezinge A,K. Sassp. Boezinge A,0,
https://www.rbfa.be/nl/wedstrijd/7520924,K. Sassp. Boezinge A,K. SV Veurne A,Yellow Card,Mouhamed Sarr,K. Sassp. Boezinge A,86,1,2,2,K. SV Veurne A,K. SV Veurne A,0,
https://www.rbfa.be/nl/wedstrijd/7520924,K. Sassp. Boezinge A,K. SV Veurne A,Substitute In,Ilyas Lakfif,K. Sassp. Boezinge A,88,1,2,2,K. SV Veurne A,K. SV Veurne A,0,
https://www.rbfa.be/nl/wedstrijd/7520924,K. Sassp. Boezinge A,K. SV Veurne A,Substitute Out,Mouhamed Sarr,K. Sassp. Boezinge A,88,1,2,2,K. SV Veurne A,K. SV Veurne A,0,
https://www.rbfa.be/nl/wedstrijd/7520923,K. Eendr. Wervik A,K. FC Varsenare A,Goal,Jari Van De Maele,K. FC Varsenare A,6,0,0,1,K. Eendr. Wervik A,K. Eendr. Wervik A,1,1.0
https://www.rbfa.be/nl/wedstrijd/7520923,K. Eendr. Wervik A,K. FC Varsenare A,Yellow Card,Youssef Bouyfoulkitne,K. Eendr. Wervik A,10,1,0,1,K. FC Varsenare A,K. FC Varsenare A,0,
https://www.rbfa.be/nl/wedstrijd/7520923,K. Eendr. Wervik A,K. FC Varsenare A,Yellow Card,Benoit Onraet,K. FC Varsenare A,13,0,0,1,K. Eendr. Wervik A,K. Eendr. Wervik A,0,
https://www.rbfa.be/nl/wedstrijd/7520923,K. Eendr. Wervik A,K. FC Varsenare A,Goal,Bilal Al Ghami,K. Eendr. Wervik A,43,1,1,1,K. FC Varsenare A,K. FC Varsenare A,1,0.0
https://www.rbfa.be/nl/wedstrijd/7520923,K. Eendr. Wervik A,K. FC Varsenare A,Substitute In,Martijn Ameel,K. FC Varsenare A,65,0,1,1,K. Eendr. Wervik A,K. Eendr. Wervik A,0,
https://www.rbfa.be/nl/wedstrijd/7520923,K. Eendr. Wervik A,K. FC Varsenare A,Substitute In,Kiron Beernaert,K. FC Varsenare A,65,0,1,1,K. Eendr. Wervik A,K. Eendr. Wervik A,0,
https://www.rbfa.be/nl/wedstrijd/7520923,K. Eendr. Wervik A,K. FC Varsenare A,Substitute In,Rune Vandamme-Vinckier,K. FC Varsenare A,65,0,1,1,K. Eendr. Wervik A,K. Eendr. Wervik A,0,
https://www.rbfa.be/nl/wedstrijd/7520923,K. Eendr. Wervik A,K. FC Varsenare A,Substitute Out,Timon Bogaert,K. FC Varsenare A,65,0,1,1,K. Eendr. Wervik A,K. Eendr. Wervik A,0,
https://www.rbfa.be/nl/wedstrijd/7520923,K. Eendr. Wervik A,K. FC Varsenare A,Substitute Out,Matteo Compernolle,K. FC Varsenare A,65,0,1,1,K. Eendr. Wervik A,K. Eendr. Wervik A,0,
https://www.rbfa.be/nl/wedstrijd/7520923,K. Eendr. Wervik A,K. FC Varsenare A,Substitute Out,Eleazar Osei-Berkoe,K. FC Varsenare A,65,0,1,1,K. Eendr. Wervik A,K. Eendr. Wervik A,0,
https://www.rbfa.be/nl/wedstrijd/7520923,K. Eendr. Wervik A,K. FC Varsenare A,Substitute In,Yann-Moussa André Diallo,K. Eendr. Wervik A,68,1,1,1,K. FC Varsenare A,K. FC Varsenare A,0,
https://www.rbfa.be/nl/wedstrijd/7520923,K. Eendr. Wervik A,K. FC Varsenare A,Substitute In,Yanis Gaci,K. Eendr. Wervik A,68,1,1,1,K. FC Varsenare A,K. FC Varsenare A,0,
https://www.rbfa.be/nl/wedstrijd/7520923,K. Eendr. Wervik A,K. FC Varsenare A,Substitute Out,Bilal Al Ghami,K. Eendr. Wervik A,68,1,1,1,K. FC Varsenare A,K. FC Varsenare A,0,
https://www.rbfa.be/nl/wedstrijd/7520923,K. Eendr. Wervik A,K. FC Varsenare A,Substitute Out,Youssef Bouyfoulkitne,K. Eendr. Wervik A,68,1,1,1,K. FC Varsenare A,K. FC Varsenare A,0,
https://www.rbfa.be/nl/wedstrijd/7520923,K. Eendr. Wervik A,K. FC Varsenare A,Substitute In,Billal Debiche,K. Eendr. Wervik A,80,1,1,1,K. FC Varsenare A,K. FC Varsenare A,0,
https://www.rbfa.be/nl/wedstrijd/7520923,K. Eendr. Wervik A,K. FC Varsenare A,Substitute In,Kamal Diaz Jlal,K. Eendr. Wervik A,80,1,1,1,K. FC Varsenare A,K. FC Varsenare A,0,
https://www.rbfa.be/nl/wedstrijd/7520923,K. Eendr. Wervik A,K. FC Varsenare A,Substitute Out,Geoffrey Coppin,K. Eendr. Wervik A,80,1,1,1,K. FC Varsenare A,K. FC Varsenare A,0,
https://www.rbfa.be/nl/wedstrijd/7520923,K. Eendr. Wervik A,K. FC Varsenare A,Substitute Out,Abdoul Salam Sow,K. Eendr. Wervik A,80,1,1,1,K. FC Varsenare A,K. FC Varsenare A,0,
https://www.rbfa.be/nl/wedstrijd/7520923,K. Eendr. Wervik A,K. FC Varsenare A,Red Card,Jakob Crombez,K. Eendr. Wervik A,90,1,1,1,K. FC Varsenare A,K. FC Varsenare A,0,
https://www.rbfa.be/nl/wedstrijd/7520923,K. Eendr. Wervik A,K. FC Varsenare A,Yellow Card,Arthur Crombez,K. Eendr. Wervik A,90,1,1,1,K. FC Varsenare A,K. FC Varsenare A,0,
https://www.rbfa.be/nl/wedstrijd/7520923,K. Eendr. Wervik A,K. FC Varsenare A,Yellow Card,Younes Haci,K. Eendr. Wervik A,90,1,1,1,K. FC Varsenare A,K. FC Varsenare A,0,
https://www.rbfa.be/nl/wedstrijd/7520923,K. Eendr. Wervik A,K. FC Varsenare A,Goal,Jari Van De Maele,K. FC Varsenare A,90,0,1,2,K. Eendr. Wervik A,K. Eendr. Wervik A,1,1.0
https://www.rbfa.be/nl/wedstrijd/7520922,KFC Aalbeke Sport A,K. SK Beveren-Leie A,Goal,Yani Desmet,K. SK Beveren-Leie A,10,0,0,1,KFC Aalbeke Sport A,KFC Aalbeke Sport A,1,1.0
https://www.rbfa.be/nl/wedstrijd/7520922,KFC Aalbeke Sport A,K. SK Beveren-Leie A,Goal,Bjarne Vanderstraeten,KFC Aalbeke Sport A,29,1,1,1,K. SK Beveren-Leie A,K. SK Beveren-Leie A,1,0.0
https://www.rbfa.be/nl/wedstrijd/7520922,KFC Aalbeke Sport A,K. SK Beveren-Leie A,Goal,Dmitry Konstantinovich Kryzhanovskiy,K. SK Beveren-Leie A,43,0,1,2,KFC Aalbeke Sport A,KFC Aalbeke Sport A,1,1.0
https://www.rbfa.be/nl/wedstrijd/7520922,KFC Aalbeke Sport A,K. SK Beveren-Leie A,Goal,Corentin Fabrice Cottenceau,KFC Aalbeke Sport A,45,1,2,2,K. SK Beveren-Leie A,K. SK Beveren-Leie A,1,0.0
https://www.rbfa.be/nl/wedstrijd/7520922,KFC Aalbeke Sport A,K. SK Beveren-Leie A,Goal,Thibaut Millecamps,KFC Aalbeke Sport A,51,1,3,2,K. SK Beveren-Leie A,K. SK Beveren-Leie A,1,1.0
https://www.rbfa.be/nl/wedstrijd/7520922,KFC Aalbeke Sport A,K. SK Beveren-Leie A,Yellow Card,Taybi Bensalem,KFC Aalbeke Sport A,55,1,3,2,K. SK Beveren-Leie A,K. SK Beveren-Leie A,0,
https://www.rbfa.be/nl/wedstrijd/7520922,KFC Aalbeke Sport A,K. SK Beveren-Leie A,Substitute In,Klaas Lievrouw,KFC Aalbeke Sport A,61,1,3,2,K. SK Beveren-Leie A,K. SK Beveren-Leie A,0,
https://www.rbfa.be/nl/wedstrijd/7520922,KFC Aalbeke Sport A,K. SK Beveren-Leie A,Substitute In,Nathan Bunga Mbuta,KFC Aalbeke Sport A,61,1,3,2,K. SK Beveren-Leie A,K. SK Beveren-Leie A,0,
https://www.rbfa.be/nl/wedstrijd/7520922,KFC Aalbeke Sport A,K. SK Beveren-Leie A,Substitute Out,Pieter De Winter,KFC Aalbeke Sport A,61,1,3,2,K. SK Beveren-Leie A,K. SK Beveren-Leie A,0,
https://www.rbfa.be/nl/wedstrijd/7520922,KFC Aalbeke Sport A,K. SK Beveren-Leie A,Substitute Out,Thibaut Millecamps,KFC Aalbeke Sport A,61,1,3,2,K. SK Beveren-Leie A,K. SK Beveren-Leie A,0,
https://www.rbfa.be/nl/wedstrijd/7520922,KFC Aalbeke Sport A,K. SK Beveren-Leie A,Goal,Bryan Khetta,K. SK Beveren-Leie A,61,0,3,3,KFC Aalbeke Sport A,KFC Aalbeke Sport A,1,0.0
https://www.rbfa.be/nl/wedstrijd/7520922,KFC Aalbeke Sport A,K. SK Beveren-Leie A,Goal,Bjarne Vanderstraeten,KFC Aalbeke Sport A,70,1,4,3,K. SK Beveren-Leie A,K. SK Beveren-Leie A,1,1.0
https://www.rbfa.be/nl/wedstrijd/7520922,KFC Aalbeke Sport A,K. SK Beveren-Leie A,Yellow Card,Jan De Winter,KFC Aalbeke Sport A,72,1,4,3,K. SK Beveren-Leie A,K. SK Beveren-Leie A,0,
https://www.rbfa.be/nl/wedstrijd/7520922,KFC Aalbeke Sport A,K. SK Beveren-Leie A,Goal,Alpha Mamoudou Sylla,K. SK Beveren-Leie A,76,0,4,4,KFC Aalbeke Sport A,KFC Aalbeke Sport A,1,0.0
https://www.rbfa.be/nl/wedstrijd/7520922,KFC Aalbeke Sport A,K. SK Beveren-Leie A,Substitute In,Amine Ahdach,KFC Aalbeke Sport A,82,1,4,4,K. SK Beveren-Leie A,K. SK Beveren-Leie A,0,
https://www.rbfa.be/nl/wedstrijd/7520922,KFC Aalbeke Sport A,K. SK Beveren-Leie A,Substitute In,Lander Wyseur,KFC Aalbeke Sport A,82,1,4,4,K. SK Beveren-Leie A,K. SK Beveren-Leie A,0,
https://www.rbfa.be/nl/wedstrijd/7520922,KFC Aalbeke Sport A,K. SK Beveren-Leie A,Substitute Out,Sabri Bensalim,KFC Aalbeke Sport A,82,1,4,4,K. SK Beveren-Leie A,K. SK Beveren-Leie A,0,
https://www.rbfa.be/nl/wedstrijd/7520922,KFC Aalbeke Sport A,K. SK Beveren-Leie A,Substitute Out,Kevin Gallo,KFC Aalbeke Sport A,82,1,4,4,K. SK Beveren-Leie A,K. SK Beveren-Leie A,0,
https://www.rbfa.be/nl/wedstrijd/7520922,KFC Aalbeke Sport A,K. SK Beveren-Leie A,Substitute In,Rimas Vande Vyver,K. SK Beveren-Leie A,83,0,4,4,KFC Aalbeke Sport A,KFC Aalbeke Sport A,0,
https://www.rbfa.be/nl/wedstrijd/7520922,KFC Aalbeke Sport A,K. SK Beveren-Leie A,Substitute Out,Bryan Khetta,K. SK Beveren-Leie A,83,0,4,4,KFC Aalbeke Sport A,KFC Aalbeke Sport A,0,
https://www.rbfa.be/nl/wedstrijd/7520922,KFC Aalbeke Sport A,K. SK Beveren-Leie A,Penalty,Marvin Pierre Turcan,KFC Aalbeke Sport A,86,1,5,4,K. SK Beveren-Leie A,K. SK Beveren-Leie A,1,1.0
https://www.rbfa.be/nl/wedstrijd/7520922,KFC Aalbeke Sport A,K. SK Beveren-Leie A,Goal,Bjarne Vanderstraeten,KFC Aalbeke Sport A,89,1,6,4,K. SK Beveren-Leie A,K. SK Beveren-Leie A,1,2.0
https://www.rbfa.be/nl/wedstrijd/7520922,KFC Aalbeke Sport A,K. SK Beveren-Leie A,Substitute In,Jasper Vanneste,KFC Aalbeke Sport A,91,1,6,4,K. SK Beveren-Leie A,K. SK Beveren-Leie A,0,
https://www.rbfa.be/nl/wedstrijd/7520922,KFC Aalbeke Sport A,K. SK Beveren-Leie A,Substitute Out,Bjarne Vanderstraeten,KFC Aalbeke Sport A,91,1,6,4,K. SK Beveren-Leie A,K. SK Beveren-Leie A,0,
https://www.rbfa.be/nl/wedstrijd/7520927,K. RC Bissegem,K.S.C. Wielsbeke,Goal,Lars Vandenbroucke,K.S.C. Wielsbeke,65,0,0,1,K. RC Bissegem,K. RC Bissegem,1,1.0
https://www.rbfa.be/nl/wedstrijd/7520927,K. RC Bissegem,K.S.C. Wielsbeke,Goal,Ian Maes,K.S.C. Wielsbeke,67,0,0,2,K. RC Bissegem,K. RC Bissegem,1,2.0
https://www.rbfa.be/nl/wedstrijd/7520927,K. RC Bissegem,K.S.C. Wielsbeke,Substitute In,Gilles Van Maeldergem,K.S.C. Wielsbeke,67,0,0,2,K. RC Bissegem,K. RC Bissegem,0,
https://www.rbfa.be/nl/wedstrijd/7520927,K. RC Bissegem,K.S.C. Wielsbeke,Substitute Out,Seppe Jeroen Lecour,K.S.C. Wielsbeke,67,0,0,2,K. RC Bissegem,K. RC Bissegem,0,
https://www.rbfa.be/nl/wedstrijd/7520927,K. RC Bissegem,K.S.C. Wielsbeke,Substitute In,Glenn Lapeire,K. RC Bissegem,84,1,0,2,K.S.C. Wielsbeke,K.S.C. Wielsbeke,0,
https://www.rbfa.be/nl/wedstrijd/7520927,K. RC Bissegem,K.S.C. Wielsbeke,Substitute In,Ennio Franklin Tack,K. RC Bissegem,84,1,0,2,K.S.C. Wielsbeke,K.S.C. Wielsbeke,0,
https://www.rbfa.be/nl/wedstrijd/7520927,K. RC Bissegem,K.S.C. Wielsbeke,Substitute Out,Robin Douven,K. RC Bissegem,84,1,0,2,K.S.C. Wielsbeke,K.S.C. Wielsbeke,0,
https://www.rbfa.be/nl/wedstrijd/7520927,K. RC Bissegem,K.S.C. Wielsbeke,Substitute Out,Orry Vancraeyveldt,K. RC Bissegem,84,1,0,2,K.S.C. Wielsbeke,K.S.C. Wielsbeke,0,
https://www.rbfa.be/nl/wedstrijd/7520927,K. RC Bissegem,K.S.C. Wielsbeke,Substitute In,Arne Beeuwsaert,K.S.C. Wielsbeke,84,0,0,2,K. RC Bissegem,K. RC Bissegem,0,
https://www.rbfa.be/nl/wedstrijd/7520927,K. RC Bissegem,K.S.C. Wielsbeke,Substitute In,Loris D'Haene,K.S.C. Wielsbeke,84,0,0,2,K. RC Bissegem,K. RC Bissegem,0,
https://www.rbfa.be/nl/wedstrijd/7520927,K. RC Bissegem,K.S.C. Wielsbeke,Substitute Out,Charles Noppe,K.S.C. Wielsbeke,84,0,0,2,K. RC Bissegem,K. RC Bissegem,0,
https://www.rbfa.be/nl/wedstrijd/7520927,K. RC Bissegem,K.S.C. Wielsbeke,Substitute Out,Rune Jacques Vandenborre,K.S.C. Wielsbeke,84,0,0,2,K. RC Bissegem,K. RC Bissegem,0,
https://www.rbfa.be/nl/wedstrijd/7520927,K. RC Bissegem,K.S.C. Wielsbeke,Substitute In,Lars De Meester,K.S.C. Wielsbeke,90,0,0,2,K. RC Bissegem,K. RC Bissegem,0,
https://www.rbfa.be/nl/wedstrijd/7520927,K. RC Bissegem,K.S.C. Wielsbeke,Substitute Out,Ian Maes,K.S.C. Wielsbeke,90,0,0,2,K. RC Bissegem,K. RC Bissegem,0,
https://www.rbfa.be/nl/wedstrijd/7520925,SV Ingelmunster A,K. FC Marke A,Goal,Jarne Wullaert,K. FC Marke A,16,0,0,1,SV Ingelmunster A,SV Ingelmunster A,1,1.0
https://www.rbfa.be/nl/wedstrijd/7520925,SV Ingelmunster A,K. FC Marke A,Goal,Tibo Vandendriessche,SV Ingelmunster A,43,1,1,1,K. FC Marke A,K. FC Marke A,1,0.0
https://www.rbfa.be/nl/wedstrijd/7520925,SV Ingelmunster A,K. FC Marke A,Substitute In,Noé Dirk Rogard,K. FC Marke A,46,0,1,1,SV Ingelmunster A,SV Ingelmunster A,0,
https://www.rbfa.be/nl/wedstrijd/7520925,SV Ingelmunster A,K. FC Marke A,Substitute Out,Benjamin Bonte,K. FC Marke A,46,0,1,1,SV Ingelmunster A,SV Ingelmunster A,0,
https://www.rbfa.be/nl/wedstrijd/7520925,SV Ingelmunster A,K. FC Marke A,Yellow Card,Simon Vanmarcke,SV Ingelmunster A,55,1,1,1,K. FC Marke A,K. FC Marke A,0,
https://www.rbfa.be/nl/wedstrijd/7520925,SV Ingelmunster A,K. FC Marke A,Substitute In,Alexandre Vandemaele,SV Ingelmunster A,62,1,1,1,K. FC Marke A,K. FC Marke A,0,
https://www.rbfa.be/nl/wedstrijd/7520925,SV Ingelmunster A,K. FC Marke A,Substitute Out,Tibo Vandendriessche,SV Ingelmunster A,62,1,1,1,K. FC Marke A,K. FC Marke A,0,
https://www.rbfa.be/nl/wedstrijd/7520925,SV Ingelmunster A,K. FC Marke A,Yellow Card,Amaury Demuynck,K. FC Marke A,69,0,1,1,SV Ingelmunster A,SV Ingelmunster A,0,
https://www.rbfa.be/nl/wedstrijd/7520925,SV Ingelmunster A,K. FC Marke A,Substitute In,Thibault Trioen,K. FC Marke A,71,0,1,1,SV Ingelmunster A,SV Ingelmunster A,0,
https://www.rbfa.be/nl/wedstrijd/7520925,SV Ingelmunster A,K. FC Marke A,Substitute Out,Jelle Duthoo,K. FC Marke A,71,0,1,1,SV Ingelmunster A,SV Ingelmunster A,0,
https://www.rbfa.be/nl/wedstrijd/7520925,SV Ingelmunster A,K. FC Marke A,Substitute In,Remco Kentie,SV Ingelmunster A,80,1,1,1,K. FC Marke A,K. FC Marke A,0,
https://www.rbfa.be/nl/wedstrijd/7520925,SV Ingelmunster A,K. FC Marke A,Substitute Out,Andres Verschelde,SV Ingelmunster A,80,1,1,1,K. FC Marke A,K. FC Marke A,0,
https://www.rbfa.be/nl/wedstrijd/7520925,SV Ingelmunster A,K. FC Marke A,Substitute In,Jannis Bourgeois,K. FC Marke A,80,0,1,1,SV Ingelmunster A,SV Ingelmunster A,0,
https://www.rbfa.be/nl/wedstrijd/7520925,SV Ingelmunster A,K. FC Marke A,Substitute In,Lucas Coornaert,K. FC Marke A,80,0,1,1,SV Ingelmunster A,SV Ingelmunster A,0,
https://www.rbfa.be/nl/wedstrijd/7520925,SV Ingelmunster A,K. FC Marke A,Substitute Out,Thomas Menghis,K. FC Marke A,80,0,1,1,SV Ingelmunster A,SV Ingelmunster A,0,
https://www.rbfa.be/nl/wedstrijd/7520925,SV Ingelmunster A,K. FC Marke A,Substitute Out,Arne Naessens,K. FC Marke A,80,0,1,1,SV Ingelmunster A,SV Ingelmunster A,0,
https://www.rbfa.be/nl/wedstrijd/7520925,SV Ingelmunster A,K. FC Marke A,Yellow Card,Glenn Vanhollebeke,SV Ingelmunster A,84,1,1,1,K. FC Marke A,K. FC Marke A,0,
https://www.rbfa.be/nl/wedstrijd/7520925,SV Ingelmunster A,K. FC Marke A,Goal,Thibault Trioen,K. FC Marke A,84,0,1,2,SV Ingelmunster A,SV Ingelmunster A,1,1.0
https://www.rbfa.be/nl/wedstrijd/7520925,SV Ingelmunster A,K. FC Marke A,Substitute In,Emile Vanluchene,K. FC Marke A,84,0,1,2,SV Ingelmunster A,SV Ingelmunster A,0,
https://www.rbfa.be/nl/wedstrijd/7520925,SV Ingelmunster A,K. FC Marke A,Substitute Out,Amaury Demuynck,K. FC Marke A,84,0,1,2,SV Ingelmunster A,SV Ingelmunster A,0,
https://www.rbfa.be/nl/wedstrijd/7520926,FC Sp. Heestert A,K. VC Ardooie A,Substitute In,Edouard Holvoet,K. VC Ardooie A,9,0,0,0,FC Sp. Heestert A,FC Sp. Heestert A,0,
https://www.rbfa.be/nl/wedstrijd/7520926,FC Sp. Heestert A,K. VC Ardooie A,Substitute Out,Jordi Loncke,K. VC Ardooie A,9,0,0,0,FC Sp. Heestert A,FC Sp. Heestert A,0,
https://www.rbfa.be/nl/wedstrijd/7520926,FC Sp. Heestert A,K. VC Ardooie A,Goal,Lennert Van De Putte,K. VC Ardooie A,14,0,0,1,FC Sp. Heestert A,FC Sp. Heestert A,1,1.0
https://www.rbfa.be/nl/wedstrijd/7520926,FC Sp. Heestert A,K. VC Ardooie A,Yellow Card,Aristote Madiani,FC Sp. Heestert A,30,1,0,1,K. VC Ardooie A,K. VC Ardooie A,0,
https://www.rbfa.be/nl/wedstrijd/7520926,FC Sp. Heestert A,K. VC Ardooie A,Yellow Card,Guillaume Tournicourt,K. VC Ardooie A,39,0,0,1,FC Sp. Heestert A,FC Sp. Heestert A,0,
https://www.rbfa.be/nl/wedstrijd/7520926,FC Sp. Heestert A,K. VC Ardooie A,Yellow Card,Dylan David Bourquin,FC Sp. Heestert A,44,1,0,1,K. VC Ardooie A,K. VC Ardooie A,0,
https://www.rbfa.be/nl/wedstrijd/7520926,FC Sp. Heestert A,K. VC Ardooie A,Substitute In,Niels Stael,FC Sp. Heestert A,63,1,0,1,K. VC Ardooie A,K. VC Ardooie A,0,
https://www.rbfa.be/nl/wedstrijd/7520926,FC Sp. Heestert A,K. VC Ardooie A,Substitute Out,Lenny Rassalle,FC Sp. Heestert A,63,1,0,1,K. VC Ardooie A,K. VC Ardooie A,0,
https://www.rbfa.be/nl/wedstrijd/7520926,FC Sp. Heestert A,K. VC Ardooie A,Substitute In,Gianluca Cardoen,K. VC Ardooie A,63,0,0,1,FC Sp. Heestert A,FC Sp. Heestert A,0,
https://www.rbfa.be/nl/wedstrijd/7520926,FC Sp. Heestert A,K. VC Ardooie A,Substitute In,Achiel Denijs,K. VC Ardooie A,63,0,0,1,FC Sp. Heestert A,FC Sp. Heestert A,0,
https://www.rbfa.be/nl/wedstrijd/7520926,FC Sp. Heestert A,K. VC Ardooie A,Substitute Out,Noah Dumortier,K. VC Ardooie A,63,0,0,1,FC Sp. Heestert A,FC Sp. Heestert A,0,
https://www.rbfa.be/nl/wedstrijd/7520926,FC Sp. Heestert A,K. VC Ardooie A,Substitute Out,Aiden Lenihan,K. VC Ardooie A,63,0,0,1,FC Sp. Heestert A,FC Sp. Heestert A,0,
https://www.rbfa.be/nl/wedstrijd/7520926,FC Sp. Heestert A,K. VC Ardooie A,Yellow Card,Tim Langeraet,K. VC Ardooie A,72,0,0,1,FC Sp. Heestert A,FC Sp. Heestert A,0,
https://www.rbfa.be/nl/wedstrijd/7520926,FC Sp. Heestert A,K. VC Ardooie A,Yellow Card,Achiel Denijs,K. VC Ardooie A,75,0,0,1,FC Sp. Heestert A,FC Sp. Heestert A,0,
https://www.rbfa.be/nl/wedstrijd/7520926,FC Sp. Heestert A,K. VC Ardooie A,Yellow Card,Brent Callewaert,K. VC Ardooie A,82,0,0,1,FC Sp. Heestert A,FC Sp. Heestert A,0,
https://www.rbfa.be/nl/wedstrijd/7520926,FC Sp. Heestert A,K. VC Ardooie A,Substitute In,Louis Callewier,FC Sp. Heestert A,85,1,0,1,K. VC Ardooie A,K. VC Ardooie A,0,
https://www.rbfa.be/nl/wedstrijd/7520926,FC Sp. Heestert A,K. VC Ardooie A,Substitute Out,Dries Loosveldt,FC Sp. Heestert A,85,1,0,1,K. VC Ardooie A,K. VC Ardooie A,0,
https://www.rbfa.be/nl/wedstrijd/7520926,FC Sp. Heestert A,K. VC Ardooie A,Yellow Card,Joran Lievrouw,K. VC Ardooie A,88,0,0,1,FC Sp. Heestert A,FC Sp. Heestert A,0,
https://www.rbfa.be/nl/wedstrijd/7520926,FC Sp. Heestert A,K. VC Ardooie A,Yellow Card,Gianluca Cardoen,K. VC Ardooie A,90,0,0,1,FC Sp. Heestert A,FC Sp. Heestert A,0,
https://www.rbfa.be/nl/wedstrijd/7520928,K.R.C. Waregem A,K. FC Heist A,Yellow Card,Robbe Debue,K.R.C. Waregem A,30,1,0,0,K. FC Heist A,K. FC Heist A,0,
https://www.rbfa.be/nl/wedstrijd/7520928,K.R.C. Waregem A,K. FC Heist A,Goal,Siebe Depraetere,K.R.C. Waregem A,32,1,1,0,K. FC Heist A,K. FC Heist A,1,1.0
https://www.rbfa.be/nl/wedstrijd/7520928,K.R.C. Waregem A,K. FC Heist A,Goal,Tjardo Vanderghinste,K.R.C. Waregem A,43,1,2,0,K. FC Heist A,K. FC Heist A,1,2.0
https://www.rbfa.be/nl/wedstrijd/7520928,K.R.C. Waregem A,K. FC Heist A,Substitute In,Bixenti Ducoulombier,K. FC Heist A,46,0,2,0,K.R.C. Waregem A,K.R.C. Waregem A,0,
https://www.rbfa.be/nl/wedstrijd/7520928,K.R.C. Waregem A,K. FC Heist A,Substitute Out,Diaz Denise Axelsson De Baets,K. FC Heist A,46,0,2,0,K.R.C. Waregem A,K.R.C. Waregem A,0,
https://www.rbfa.be/nl/wedstrijd/7520928,K.R.C. Waregem A,K. FC Heist A,Goal,Simon Vandenabeele,K.R.C. Waregem A,50,1,3,0,K. FC Heist A,K. FC Heist A,1,3.0
https://www.rbfa.be/nl/wedstrijd/7520928,K.R.C. Waregem A,K. FC Heist A,Goal,Thomas Vuyts,K. FC Heist A,52,0,3,1,K.R.C. Waregem A,K.R.C. Waregem A,1,-2.0
https://www.rbfa.be/nl/wedstrijd/7520928,K.R.C. Waregem A,K. FC Heist A,Substitute In,Mathis Lievens,K.R.C. Waregem A,65,1,3,1,K. FC Heist A,K. FC Heist A,0,
https://www.rbfa.be/nl/wedstrijd/7520928,K.R.C. Waregem A,K. FC Heist A,Substitute In,Leko Albert Verbauwhede,K.R.C. Waregem A,65,1,3,1,K. FC Heist A,K. FC Heist A,0,
https://www.rbfa.be/nl/wedstrijd/7520928,K.R.C. Waregem A,K. FC Heist A,Substitute Out,Robbe Debue,K.R.C. Waregem A,65,1,3,1,K. FC Heist A,K. FC Heist A,0,
https://www.rbfa.be/nl/wedstrijd/7520928,K.R.C. Waregem A,K. FC Heist A,Substitute Out,Simon Vandenabeele,K.R.C. Waregem A,65,1,3,1,K. FC Heist A,K. FC Heist A,0,
https://www.rbfa.be/nl/wedstrijd/7520928,K.R.C. Waregem A,K. FC Heist A,Substitute In,Jarne Vancompernolle,K. FC Heist A,65,0,3,1,K.R.C. Waregem A,K.R.C. Waregem A,0,
https://www.rbfa.be/nl/wedstrijd/7520928,K.R.C. Waregem A,K. FC Heist A,Substitute In,Tenas Virgili,K. FC Heist A,65,0,3,1,K.R.C. Waregem A,K.R.C. Waregem A,0,
https://www.rbfa.be/nl/wedstrijd/7520928,K.R.C. Waregem A,K. FC Heist A,Substitute Out,Xander Timmerman,K. FC Heist A,65,0,3,1,K.R.C. Waregem A,K.R.C. Waregem A,0,
https://www.rbfa.be/nl/wedstrijd/7520928,K.R.C. Waregem A,K. FC Heist A,Substitute Out,Brecht Timmerman,K. FC Heist A,65,0,3,1,K.R.C. Waregem A,K.R.C. Waregem A,0,
https://www.rbfa.be/nl/wedstrijd/7520928,K.R.C. Waregem A,K. FC Heist A,Goal,Jörg Roger Dutoit,K.R.C. Waregem A,74,1,4,1,K. FC Heist A,K. FC Heist A,1,3.0
https://www.rbfa.be/nl/wedstrijd/7520928,K.R.C. Waregem A,K. FC Heist A,Substitute In,Kengi Callens,K.R.C. Waregem A,75,1,4,1,K. FC Heist A,K. FC Heist A,0,
https://www.rbfa.be/nl/wedstrijd/7520928,K.R.C. Waregem A,K. FC Heist A,Substitute In,Matteo Dujardin,K.R.C. Waregem A,75,1,4,1,K. FC Heist A,K. FC Heist A,0,
https://www.rbfa.be/nl/wedstrijd/7520928,K.R.C. Waregem A,K. FC Heist A,Substitute Out,Emiel Delmulle,K.R.C. Waregem A,75,1,4,1,K. FC Heist A,K. FC Heist A,0,
https://www.rbfa.be/nl/wedstrijd/7520928,K.R.C. Waregem A,K. FC Heist A,Substitute Out,Tjardo Vanderghinste,K.R.C. Waregem A,75,1,4,1,K. FC Heist A,K. FC Heist A,0,
https://www.rbfa.be/nl/wedstrijd/7520928,K.R.C. Waregem A,K. FC Heist A,Substitute In,Kjell Delos,K. FC Heist A,78,0,4,1,K.R.C. Waregem A,K.R.C. Waregem A,0,
https://www.rbfa.be/nl/wedstrijd/7520928,K.R.C. Waregem A,K. FC Heist A,Substitute Out,Tibo Andries,K. FC Heist A,78,0,4,1,K.R.C. Waregem A,K.R.C. Waregem A,0,
https://www.rbfa.be/nl/wedstrijd/7520928,K.R.C. Waregem A,K. FC Heist A,Substitute In,Marwane El Houfi,K. FC Heist A,85,0,4,1,K.R.C. Waregem A,K.R.C. Waregem A,0,
https://www.rbfa.be/nl/wedstrijd/7520928,K.R.C. Waregem A,K. FC Heist A,Substitute Out,Jan Claessens,K. FC Heist A,85,0,4,1,K.R.C. Waregem A,K.R.C. Waregem A,0,
https://www.rbfa.be/nl/wedstrijd/7520929,Club Roeselare,S.V. Wevelgem City A,Substitute In,Mauro Dumoulin,Club Roeselare,18,1,0,0,S.V. Wevelgem City A,S.V. Wevelgem City A,0,
https://www.rbfa.be/nl/wedstrijd/7520929,Club Roeselare,S.V. Wevelgem City A,Substitute Out,Sebastiaan Maesen,Club Roeselare,18,1,0,0,S.V. Wevelgem City A,S.V. Wevelgem City A,0,
https://www.rbfa.be/nl/wedstrijd/7520929,Club Roeselare,S.V. Wevelgem City A,Substitute In,Vincent Provoost,Club Roeselare,31,1,0,0,S.V. Wevelgem City A,S.V. Wevelgem City A,0,
https://www.rbfa.be/nl/wedstrijd/7520929,Club Roeselare,S.V. Wevelgem City A,Substitute Out,Jobbe Dekimpe,Club Roeselare,31,1,0,0,S.V. Wevelgem City A,S.V. Wevelgem City A,0,
https://www.rbfa.be/nl/wedstrijd/7520929,Club Roeselare,S.V. Wevelgem City A,Goal,Jasper Noël Beyens,S.V. Wevelgem City A,39,0,0,1,Club Roeselare,Club Roeselare,1,1.0
https://www.rbfa.be/nl/wedstrijd/7520929,Club Roeselare,S.V. Wevelgem City A,Goal,Bram Helin,Club Roeselare,44,1,1,1,S.V. Wevelgem City A,S.V. Wevelgem City A,1,0.0
https://www.rbfa.be/nl/wedstrijd/7520929,Club Roeselare,S.V. Wevelgem City A,Yellow Card,Yoran Deleu,Club Roeselare,44,1,1,1,S.V. Wevelgem City A,S.V. Wevelgem City A,0,
https://www.rbfa.be/nl/wedstrijd/7520929,Club Roeselare,S.V. Wevelgem City A,Substitute In,Robbe Dekiere,S.V. Wevelgem City A,52,0,1,1,Club Roeselare,Club Roeselare,0,
https://www.rbfa.be/nl/wedstrijd/7520929,Club Roeselare,S.V. Wevelgem City A,Substitute Out,Jordy Beirlaen,S.V. Wevelgem City A,52,0,1,1,Club Roeselare,Club Roeselare,0,
https://www.rbfa.be/nl/wedstrijd/7520929,Club Roeselare,S.V. Wevelgem City A,Goal,Robbe Dekiere,S.V. Wevelgem City A,65,0,1,2,Club Roeselare,Club Roeselare,1,1.0
https://www.rbfa.be/nl/wedstrijd/7520929,Club Roeselare,S.V. Wevelgem City A,Substitute In,Tibo Margo,S.V. Wevelgem City A,65,0,1,2,Club Roeselare,Club Roeselare,0,
https://www.rbfa.be/nl/wedstrijd/7520929,Club Roeselare,S.V. Wevelgem City A,Substitute Out,Gilles Hamers,S.V. Wevelgem City A,65,0,1,2,Club Roeselare,Club Roeselare,0,
https://www.rbfa.be/nl/wedstrijd/7520929,Club Roeselare,S.V. Wevelgem City A,Substitute In,Robbie Bolombo,Club Roeselare,68,1,1,2,S.V. Wevelgem City A,S.V. Wevelgem City A,0,
https://www.rbfa.be/nl/wedstrijd/7520929,Club Roeselare,S.V. Wevelgem City A,Substitute In,Gilles Decuyper,Club Roeselare,68,1,1,2,S.V. Wevelgem City A,S.V. Wevelgem City A,0,
https://www.rbfa.be/nl/wedstrijd/7520929,Club Roeselare,S.V. Wevelgem City A,Substitute In,Brent Mandeville,Club Roeselare,68,1,1,2,S.V. Wevelgem City A,S.V. Wevelgem City A,0,
https://www.rbfa.be/nl/wedstrijd/7520929,Club Roeselare,S.V. Wevelgem City A,Substitute Out,Yoran Deleu,Club Roeselare,68,1,1,2,S.V. Wevelgem City A,S.V. Wevelgem City A,0,
https://www.rbfa.be/nl/wedstrijd/7520929,Club Roeselare,S.V. Wevelgem City A,Substitute Out,Gianni Vandecasteele,Club Roeselare,68,1,1,2,S.V. Wevelgem City A,S.V. Wevelgem City A,0,
https://www.rbfa.be/nl/wedstrijd/7520929,Club Roeselare,S.V. Wevelgem City A,Substitute Out,Simon Verlinde,Club Roeselare,68,1,1,2,S.V. Wevelgem City A,S.V. Wevelgem City A,0,
https://www.rbfa.be/nl/wedstrijd/7520929,Club Roeselare,S.V. Wevelgem City A,Substitute In,Emiel Bridelance,S.V. Wevelgem City A,80,0,1,2,Club Roeselare,Club Roeselare,0,
https://www.rbfa.be/nl/wedstrijd/7520929,Club Roeselare,S.V. Wevelgem City A,Substitute In,Said Hafidh Khatib,S.V. Wevelgem City A,80,0,1,2,Club Roeselare,Club Roeselare,0,
https://www.rbfa.be/nl/wedstrijd/7520929,Club Roeselare,S.V. Wevelgem City A,Substitute In,Raf Vanhuylebrouck,S.V. Wevelgem City A,80,0,1,2,Club Roeselare,Club Roeselare,0,
https://www.rbfa.be/nl/wedstrijd/7520929,Club Roeselare,S.V. Wevelgem City A,Substitute Out,Jasper Noël Beyens,S.V. Wevelgem City A,80,0,1,2,Club Roeselare,Club Roeselare,0,
https://www.rbfa.be/nl/wedstrijd/7520929,Club Roeselare,S.V. Wevelgem City A,Substitute Out,Victor Cuvelier,S.V. Wevelgem City A,80,0,1,2,Club Roeselare,Club Roeselare,0,
https://www.rbfa.be/nl/wedstrijd/7520929,Club Roeselare,S.V. Wevelgem City A,Substitute Out,Thibau Laevens,S.V. Wevelgem City A,80,0,1,2,Club Roeselare,Club Roeselare,0,
https://www.rbfa.be/nl/wedstrijd/7520929,Club Roeselare,S.V. Wevelgem City A,Yellow Card,Bram Helin,Club Roeselare,81,1,1,2,S.V. Wevelgem City A,S.V. Wevelgem City A,0,
https://www.rbfa.be/nl/wedstrijd/7520929,Club Roeselare,S.V. Wevelgem City A,Goal,Said Hafidh Khatib,S.V. Wevelgem City A,82,0,1,3,Club Roeselare,Club Roeselare,1,2.0
https://www.rbfa.be/nl/wedstrijd/7520931,K. Eendr. Wervik A,SV Ingelmunster A,Goal,Jean-Louis Vyaene,SV Ingelmunster A,17,0,0,1,K. Eendr. Wervik A,K. Eendr. Wervik A,1,1.0
https://www.rbfa.be/nl/wedstrijd/7520931,K. Eendr. Wervik A,SV Ingelmunster A,Substitute In,Andres Baert,SV Ingelmunster A,22,0,0,1,K. Eendr. Wervik A,K. Eendr. Wervik A,0,
https://www.rbfa.be/nl/wedstrijd/7520931,K. Eendr. Wervik A,SV Ingelmunster A,Substitute Out,Jorrit Vanden Berghe,SV Ingelmunster A,22,0,0,1,K. Eendr. Wervik A,K. Eendr. Wervik A,0,
https://www.rbfa.be/nl/wedstrijd/7520931,K. Eendr. Wervik A,SV Ingelmunster A,Goal,Yoric Volckaert,SV Ingelmunster A,28,0,0,2,K. Eendr. Wervik A,K. Eendr. Wervik A,1,2.0
https://www.rbfa.be/nl/wedstrijd/7520931,K. Eendr. Wervik A,SV Ingelmunster A,Substitute In,Yanis Gaci,K. Eendr. Wervik A,46,1,0,2,SV Ingelmunster A,SV Ingelmunster A,0,
https://www.rbfa.be/nl/wedstrijd/7520931,K. Eendr. Wervik A,SV Ingelmunster A,Substitute Out,Abdoul Salam Sow,K. Eendr. Wervik A,46,1,0,2,SV Ingelmunster A,SV Ingelmunster A,0,
https://www.rbfa.be/nl/wedstrijd/7520931,K. Eendr. Wervik A,SV Ingelmunster A,Substitute In,Alexandre Vandemaele,SV Ingelmunster A,46,0,0,2,K. Eendr. Wervik A,K. Eendr. Wervik A,0,
https://www.rbfa.be/nl/wedstrijd/7520931,K. Eendr. Wervik A,SV Ingelmunster A,Substitute Out,Andres Verschelde,SV Ingelmunster A,46,0,0,2,K. Eendr. Wervik A,K. Eendr. Wervik A,0,
https://www.rbfa.be/nl/wedstrijd/7520931,K. Eendr. Wervik A,SV Ingelmunster A,Substitute In,Adil Haci,K. Eendr. Wervik A,61,1,0,2,SV Ingelmunster A,SV Ingelmunster A,0,
https://www.rbfa.be/nl/wedstrijd/7520931,K. Eendr. Wervik A,SV Ingelmunster A,Substitute Out,Bilal Al Ghami,K. Eendr. Wervik A,61,1,0,2,SV Ingelmunster A,SV Ingelmunster A,0,
https://www.rbfa.be/nl/wedstrijd/7520931,K. Eendr. Wervik A,SV Ingelmunster A,Substitute In,Yann-Moussa André Diallo,K. Eendr. Wervik A,67,1,0,2,SV Ingelmunster A,SV Ingelmunster A,0,
https://www.rbfa.be/nl/wedstrijd/7520931,K. Eendr. Wervik A,SV Ingelmunster A,Substitute Out,Neil Serbouh,K. Eendr. Wervik A,67,1,0,2,SV Ingelmunster A,SV Ingelmunster A,0,
https://www.rbfa.be/nl/wedstrijd/7520931,K. Eendr. Wervik A,SV Ingelmunster A,Substitute In,Tibo Vandendriessche,SV Ingelmunster A,69,0,0,2,K. Eendr. Wervik A,K. Eendr. Wervik A,0,
https://www.rbfa.be/nl/wedstrijd/7520931,K. Eendr. Wervik A,SV Ingelmunster A,Substitute Out,Vedran Verheule,SV Ingelmunster A,69,0,0,2,K. Eendr. Wervik A,K. Eendr. Wervik A,0,
https://www.rbfa.be/nl/wedstrijd/7520931,K. Eendr. Wervik A,SV Ingelmunster A,Goal,Alexandre Vandemaele,SV Ingelmunster A,75,0,0,3,K. Eendr. Wervik A,K. Eendr. Wervik A,1,3.0
https://www.rbfa.be/nl/wedstrijd/7520931,K. Eendr. Wervik A,SV Ingelmunster A,Substitute In,Kamal Diaz Jlal,K. Eendr. Wervik A,77,1,0,3,SV Ingelmunster A,SV Ingelmunster A,0,
https://www.rbfa.be/nl/wedstrijd/7520931,K. Eendr. Wervik A,SV Ingelmunster A,Substitute Out,Geoffrey Coppin,K. Eendr. Wervik A,77,1,0,3,SV Ingelmunster A,SV Ingelmunster A,0,
https://www.rbfa.be/nl/wedstrijd/7520931,K. Eendr. Wervik A,SV Ingelmunster A,Goal,Remco Kentie,SV Ingelmunster A,78,0,0,4,K. Eendr. Wervik A,K. Eendr. Wervik A,1,4.0
https://www.rbfa.be/nl/wedstrijd/7520930,K. Sassp. Boezinge A,K. SK Beveren-Leie A,Goal,Seppe Gantois,K. Sassp. Boezinge A,18,1,1,0,K. SK Beveren-Leie A,K. SK Beveren-Leie A,1,1.0
https://www.rbfa.be/nl/wedstrijd/7520930,K. Sassp. Boezinge A,K. SK Beveren-Leie A,Goal,Valentin Mahieu,K. Sassp. Boezinge A,41,1,2,0,K. SK Beveren-Leie A,K. SK Beveren-Leie A,1,2.0
https://www.rbfa.be/nl/wedstrijd/7520930,K. Sassp. Boezinge A,K. SK Beveren-Leie A,Substitute In,Colin Sohier,K. Sassp. Boezinge A,45,1,2,0,K. SK Beveren-Leie A,K. SK Beveren-Leie A,0,
https://www.rbfa.be/nl/wedstrijd/7520930,K. Sassp. Boezinge A,K. SK Beveren-Leie A,Substitute Out,Maxime Vanackere,K. Sassp. Boezinge A,45,1,2,0,K. SK Beveren-Leie A,K. SK Beveren-Leie A,0,
https://www.rbfa.be/nl/wedstrijd/7520930,K. Sassp. Boezinge A,K. SK Beveren-Leie A,Substitute In,Rimas Vande Vyver,K. SK Beveren-Leie A,57,0,2,0,K. Sassp. Boezinge A,K. Sassp. Boezinge A,0,
https://www.rbfa.be/nl/wedstrijd/7520930,K. Sassp. Boezinge A,K. SK Beveren-Leie A,Substitute Out,Bryan Khetta,K. SK Beveren-Leie A,57,0,2,0,K. Sassp. Boezinge A,K. Sassp. Boezinge A,0,
https://www.rbfa.be/nl/wedstrijd/7520930,K. Sassp. Boezinge A,K. SK Beveren-Leie A,Goal,Ilyas Lakfif,K. Sassp. Boezinge A,60,1,3,0,K. SK Beveren-Leie A,K. SK Beveren-Leie A,1,3.0
https://www.rbfa.be/nl/wedstrijd/7520930,K. Sassp. Boezinge A,K. SK Beveren-Leie A,Substitute In,Baptiste Vandoorne,K. SK Beveren-Leie A,67,0,3,0,K. Sassp. Boezinge A,K. Sassp. Boezinge A,0,
https://www.rbfa.be/nl/wedstrijd/7520930,K. Sassp. Boezinge A,K. SK Beveren-Leie A,Substitute In,Dario Wandels,K. SK Beveren-Leie A,67,0,3,0,K. Sassp. Boezinge A,K. Sassp. Boezinge A,0,
https://www.rbfa.be/nl/wedstrijd/7520930,K. Sassp. Boezinge A,K. SK Beveren-Leie A,Substitute Out,Safouane Rahhab,K. SK Beveren-Leie A,67,0,3,0,K. Sassp. Boezinge A,K. Sassp. Boezinge A,0,
https://www.rbfa.be/nl/wedstrijd/7520930,K. Sassp. Boezinge A,K. SK Beveren-Leie A,Substitute Out,Maarten Vanlerberghe,K. SK Beveren-Leie A,67,0,3,0,K. Sassp. Boezinge A,K. Sassp. Boezinge A,0,
https://www.rbfa.be/nl/wedstrijd/7520930,K. Sassp. Boezinge A,K. SK Beveren-Leie A,Goal,Ilyas Lakfif,K. Sassp. Boezinge A,78,1,4,0,K. SK Beveren-Leie A,K. SK Beveren-Leie A,1,4.0
https://www.rbfa.be/nl/wedstrijd/7520930,K. Sassp. Boezinge A,K. SK Beveren-Leie A,Substitute In,Joenes Kasmi,K. Sassp. Boezinge A,80,1,4,0,K. SK Beveren-Leie A,K. SK Beveren-Leie A,0,
https://www.rbfa.be/nl/wedstrijd/7520930,K. Sassp. Boezinge A,K. SK Beveren-Leie A,Substitute Out,Lilian Bochet,K. Sassp. Boezinge A,80,1,4,0,K. SK Beveren-Leie A,K. SK Beveren-Leie A,0,
https://www.rbfa.be/nl/wedstrijd/7520930,K. Sassp. Boezinge A,K. SK Beveren-Leie A,Substitute In,Remko Vandamme,K. Sassp. Boezinge A,82,1,4,0,K. SK Beveren-Leie A,K. SK Beveren-Leie A,0,
https://www.rbfa.be/nl/wedstrijd/7520930,K. Sassp. Boezinge A,K. SK Beveren-Leie A,Substitute In,Robbe Vandergunst,K. Sassp. Boezinge A,82,1,4,0,K. SK Beveren-Leie A,K. SK Beveren-Leie A,0,
https://www.rbfa.be/nl/wedstrijd/7520930,K. Sassp. Boezinge A,K. SK Beveren-Leie A,Substitute Out,Ilyas Lakfif,K. Sassp. Boezinge A,82,1,4,0,K. SK Beveren-Leie A,K. SK Beveren-Leie A,0,
https://www.rbfa.be/nl/wedstrijd/7520930,K. Sassp. Boezinge A,K. SK Beveren-Leie A,Substitute Out,Ward Maerten,K. Sassp. Boezinge A,82,1,4,0,K. SK Beveren-Leie A,K. SK Beveren-Leie A,0,
https://www.rbfa.be/nl/wedstrijd/7520930,K. Sassp. Boezinge A,K. SK Beveren-Leie A,Substitute In,Ilyas Akhandaf,K. SK Beveren-Leie A,90,0,4,0,K. Sassp. Boezinge A,K. Sassp. Boezinge A,0,
https://www.rbfa.be/nl/wedstrijd/7520930,K. Sassp. Boezinge A,K. SK Beveren-Leie A,Substitute In,Mathis De Vreeze,K. SK Beveren-Leie A,90,0,4,0,K. Sassp. Boezinge A,K. Sassp. Boezinge A,0,
https://www.rbfa.be/nl/wedstrijd/7520930,K. Sassp. Boezinge A,K. SK Beveren-Leie A,Substitute Out,Vincenzo Dujardin,K. SK Beveren-Leie A,90,0,4,0,K. Sassp. Boezinge A,K. Sassp. Boezinge A,0,
https://www.rbfa.be/nl/wedstrijd/7520930,K. Sassp. Boezinge A,K. SK Beveren-Leie A,Substitute Out,Alpha Mamoudou Sylla,K. SK Beveren-Leie A,90,0,4,0,K. Sassp. Boezinge A,K. Sassp. Boezinge A,0,
https://www.rbfa.be/nl/wedstrijd/7520932,K. SV Veurne A,K.R.C. Waregem A,Goal,Dayne Clarebout,K. SV Veurne A,3,1,1,0,K.R.C. Waregem A,K.R.C. Waregem A,1,1.0
https://www.rbfa.be/nl/wedstrijd/7520932,K. SV Veurne A,K.R.C. Waregem A,Yellow Card,Pieter Dedrie,K. SV Veurne A,28,1,1,0,K.R.C. Waregem A,K.R.C. Waregem A,0,
https://www.rbfa.be/nl/wedstrijd/7520932,K. SV Veurne A,K.R.C. Waregem A,Goal,Dayne Clarebout,K. SV Veurne A,42,1,2,0,K.R.C. Waregem A,K.R.C. Waregem A,1,2.0
https://www.rbfa.be/nl/wedstrijd/7520932,K. SV Veurne A,K.R.C. Waregem A,Substitute In,Kengi Callens,K.R.C. Waregem A,58,0,2,0,K. SV Veurne A,K. SV Veurne A,0,
https://www.rbfa.be/nl/wedstrijd/7520932,K. SV Veurne A,K.R.C. Waregem A,Substitute In,Robbe Debue,K.R.C. Waregem A,58,0,2,0,K. SV Veurne A,K. SV Veurne A,0,
https://www.rbfa.be/nl/wedstrijd/7520932,K. SV Veurne A,K.R.C. Waregem A,Substitute In,Leko Albert Verbauwhede,K.R.C. Waregem A,58,0,2,0,K. SV Veurne A,K. SV Veurne A,0,
https://www.rbfa.be/nl/wedstrijd/7520932,K. SV Veurne A,K.R.C. Waregem A,Substitute Out,Robbe Driessens,K.R.C. Waregem A,58,0,2,0,K. SV Veurne A,K. SV Veurne A,0,
https://www.rbfa.be/nl/wedstrijd/7520932,K. SV Veurne A,K.R.C. Waregem A,Substitute Out,Mathis Lievens,K.R.C. Waregem A,58,0,2,0,K. SV Veurne A,K. SV Veurne A,0,
https://www.rbfa.be/nl/wedstrijd/7520932,K. SV Veurne A,K.R.C. Waregem A,Substitute Out,Tjardo Vanderghinste,K.R.C. Waregem A,58,0,2,0,K. SV Veurne A,K. SV Veurne A,0,
https://www.rbfa.be/nl/wedstrijd/7520932,K. SV Veurne A,K.R.C. Waregem A,Substitute In,Axel Leeman,K. SV Veurne A,75,1,2,0,K.R.C. Waregem A,K.R.C. Waregem A,0,
https://www.rbfa.be/nl/wedstrijd/7520932,K. SV Veurne A,K.R.C. Waregem A,Substitute Out,Kevin Chateau,K. SV Veurne A,75,1,2,0,K.R.C. Waregem A,K.R.C. Waregem A,0,
https://www.rbfa.be/nl/wedstrijd/7520932,K. SV Veurne A,K.R.C. Waregem A,Substitute In,Matteo Dujardin,K.R.C. Waregem A,78,0,2,0,K. SV Veurne A,K. SV Veurne A,0,
https://www.rbfa.be/nl/wedstrijd/7520932,K. SV Veurne A,K.R.C. Waregem A,Substitute Out,Emiel Delmulle,K.R.C. Waregem A,78,0,2,0,K. SV Veurne A,K. SV Veurne A,0,
https://www.rbfa.be/nl/wedstrijd/7520932,K. SV Veurne A,K.R.C. Waregem A,Yellow Card,Arnaut Devenyns,K.R.C. Waregem A,83,0,2,0,K. SV Veurne A,K. SV Veurne A,0,
https://www.rbfa.be/nl/wedstrijd/7520932,K. SV Veurne A,K.R.C. Waregem A,Substitute In,Joppe Rathé,K. SV Veurne A,89,1,2,0,K.R.C. Waregem A,K.R.C. Waregem A,0,
https://www.rbfa.be/nl/wedstrijd/7520932,K. SV Veurne A,K.R.C. Waregem A,Substitute Out,Dayne Clarebout,K. SV Veurne A,89,1,2,0,K.R.C. Waregem A,K.R.C. Waregem A,0,
https://www.rbfa.be/nl/wedstrijd/7520934,K. FC Varsenare A,K. FC Heist A,Goal,Tibo Andries,K. FC Heist A,17,0,0,1,K. FC Varsenare A,K. FC Varsenare A,1,1.0
https://www.rbfa.be/nl/wedstrijd/7520934,K. FC Varsenare A,K. FC Heist A,Goal,Tibo Andries,K. FC Heist A,31,0,0,2,K. FC Varsenare A,K. FC Varsenare A,1,2.0
https://www.rbfa.be/nl/wedstrijd/7520934,K. FC Varsenare A,K. FC Heist A,Substitute In,Rune Vandamme-Vinckier,K. FC Varsenare A,45,1,0,2,K. FC Heist A,K. FC Heist A,0,
https://www.rbfa.be/nl/wedstrijd/7520934,K. FC Varsenare A,K. FC Heist A,Substitute Out,Matteo Compernolle,K. FC Varsenare A,45,1,0,2,K. FC Heist A,K. FC Heist A,0,
https://www.rbfa.be/nl/wedstrijd/7520934,K. FC Varsenare A,K. FC Heist A,Substitute In,Bruno Delhaye,K. FC Heist A,45,0,0,2,K. FC Varsenare A,K. FC Varsenare A,0,
https://www.rbfa.be/nl/wedstrijd/7520934,K. FC Varsenare A,K. FC Heist A,Substitute Out,Jarno Boone,K. FC Heist A,45,0,0,2,K. FC Varsenare A,K. FC Varsenare A,0,
https://www.rbfa.be/nl/wedstrijd/7520934,K. FC Varsenare A,K. FC Heist A,Yellow Card,Timon Bogaert,K. FC Varsenare A,54,1,0,2,K. FC Heist A,K. FC Heist A,0,
https://www.rbfa.be/nl/wedstrijd/7520934,K. FC Varsenare A,K. FC Heist A,Goal,Ilko Kesteleyn,K. FC Varsenare A,62,1,1,2,K. FC Heist A,K. FC Heist A,1,-1.0
https://www.rbfa.be/nl/wedstrijd/7520934,K. FC Varsenare A,K. FC Heist A,Goal,Thomas Vuyts,K. FC Heist A,64,0,1,3,K. FC Varsenare A,K. FC Varsenare A,1,2.0
https://www.rbfa.be/nl/wedstrijd/7520934,K. FC Varsenare A,K. FC Heist A,Substitute In,Martijn Ameel,K. FC Varsenare A,65,1,1,3,K. FC Heist A,K. FC Heist A,0,
https://www.rbfa.be/nl/wedstrijd/7520934,K. FC Varsenare A,K. FC Heist A,Substitute Out,Kiron Beernaert,K. FC Varsenare A,65,1,1,3,K. FC Heist A,K. FC Heist A,0,
https://www.rbfa.be/nl/wedstrijd/7520934,K. FC Varsenare A,K. FC Heist A,Yellow Card,Milan Van De Maele,K. FC Varsenare A,73,1,1,3,K. FC Heist A,K. FC Heist A,0,
https://www.rbfa.be/nl/wedstrijd/7520934,K. FC Varsenare A,K. FC Heist A,Substitute In,Tiago Dejaegher,K. FC Heist A,75,0,1,3,K. FC Varsenare A,K. FC Varsenare A,0,
https://www.rbfa.be/nl/wedstrijd/7520934,K. FC Varsenare A,K. FC Heist A,Substitute In,Tenas Virgili,K. FC Heist A,75,0,1,3,K. FC Varsenare A,K. FC Varsenare A,0,
https://www.rbfa.be/nl/wedstrijd/7520934,K. FC Varsenare A,K. FC Heist A,Substitute Out,Quirino Raes,K. FC Heist A,75,0,1,3,K. FC Varsenare A,K. FC Varsenare A,0,
https://www.rbfa.be/nl/wedstrijd/7520934,K. FC Varsenare A,K. FC Heist A,Substitute Out,Brecht Timmerman,K. FC Heist A,75,0,1,3,K. FC Varsenare A,K. FC Varsenare A,0,
https://www.rbfa.be/nl/wedstrijd/7520933,S.V. Wevelgem City A,KFC Aalbeke Sport A,Yellow Card,Gilles Hamers,S.V. Wevelgem City A,27,1,0,0,KFC Aalbeke Sport A,KFC Aalbeke Sport A,0,
https://www.rbfa.be/nl/wedstrijd/7520933,S.V. Wevelgem City A,KFC Aalbeke Sport A,Yellow Card,Taybi Bensalem,KFC Aalbeke Sport A,49,0,0,0,S.V. Wevelgem City A,S.V. Wevelgem City A,0,
https://www.rbfa.be/nl/wedstrijd/7520933,S.V. Wevelgem City A,KFC Aalbeke Sport A,Substitute In,Nathan Bunga Mbuta,KFC Aalbeke Sport A,55,0,0,0,S.V. Wevelgem City A,S.V. Wevelgem City A,0,
https://www.rbfa.be/nl/wedstrijd/7520933,S.V. Wevelgem City A,KFC Aalbeke Sport A,Substitute In,Lander Wyseur,KFC Aalbeke Sport A,55,0,0,0,S.V. Wevelgem City A,S.V. Wevelgem City A,0,
https://www.rbfa.be/nl/wedstrijd/7520933,S.V. Wevelgem City A,KFC Aalbeke Sport A,Substitute Out,Corentin Fabrice Cottenceau,KFC Aalbeke Sport A,55,0,0,0,S.V. Wevelgem City A,S.V. Wevelgem City A,0,
https://www.rbfa.be/nl/wedstrijd/7520933,S.V. Wevelgem City A,KFC Aalbeke Sport A,Substitute Out,Thibaut Millecamps,KFC Aalbeke Sport A,55,0,0,0,S.V. Wevelgem City A,S.V. Wevelgem City A,0,
https://www.rbfa.be/nl/wedstrijd/7520933,S.V. Wevelgem City A,KFC Aalbeke Sport A,Substitute In,Said Hafidh Khatib,S.V. Wevelgem City A,67,1,0,0,KFC Aalbeke Sport A,KFC Aalbeke Sport A,0,
https://www.rbfa.be/nl/wedstrijd/7520933,S.V. Wevelgem City A,KFC Aalbeke Sport A,Substitute Out,Robbe Dekiere,S.V. Wevelgem City A,67,1,0,0,KFC Aalbeke Sport A,KFC Aalbeke Sport A,0,
https://www.rbfa.be/nl/wedstrijd/7520933,S.V. Wevelgem City A,KFC Aalbeke Sport A,Yellow Card,Charles-Victor Otté,KFC Aalbeke Sport A,69,0,0,0,S.V. Wevelgem City A,S.V. Wevelgem City A,0,
https://www.rbfa.be/nl/wedstrijd/7520933,S.V. Wevelgem City A,KFC Aalbeke Sport A,Substitute In,Raf Vanhuylebrouck,S.V. Wevelgem City A,73,1,0,0,KFC Aalbeke Sport A,KFC Aalbeke Sport A,0,
https://www.rbfa.be/nl/wedstrijd/7520933,S.V. Wevelgem City A,KFC Aalbeke Sport A,Substitute Out,Victor Cuvelier,S.V. Wevelgem City A,73,1,0,0,KFC Aalbeke Sport A,KFC Aalbeke Sport A,0,
https://www.rbfa.be/nl/wedstrijd/7520933,S.V. Wevelgem City A,KFC Aalbeke Sport A,Substitute In,Kevin Gallo,KFC Aalbeke Sport A,74,0,0,0,S.V. Wevelgem City A,S.V. Wevelgem City A,0,
https://www.rbfa.be/nl/wedstrijd/7520933,S.V. Wevelgem City A,KFC Aalbeke Sport A,Substitute Out,Michael François Slowik,KFC Aalbeke Sport A,74,0,0,0,S.V. Wevelgem City A,S.V. Wevelgem City A,0,
https://www.rbfa.be/nl/wedstrijd/7520933,S.V. Wevelgem City A,KFC Aalbeke Sport A,Substitute In,Emiel Bridelance,S.V. Wevelgem City A,82,1,0,0,KFC Aalbeke Sport A,KFC Aalbeke Sport A,0,
https://www.rbfa.be/nl/wedstrijd/7520933,S.V. Wevelgem City A,KFC Aalbeke Sport A,Substitute Out,Gilles Hamers,S.V. Wevelgem City A,82,1,0,0,KFC Aalbeke Sport A,KFC Aalbeke Sport A,0,
https://www.rbfa.be/nl/wedstrijd/7520933,S.V. Wevelgem City A,KFC Aalbeke Sport A,Substitute In,Klaas Lievrouw,KFC Aalbeke Sport A,82,0,0,0,S.V. Wevelgem City A,S.V. Wevelgem City A,0,
https://www.rbfa.be/nl/wedstrijd/7520933,S.V. Wevelgem City A,KFC Aalbeke Sport A,Substitute Out,Charles-Victor Otté,KFC Aalbeke Sport A,82,0,0,0,S.V. Wevelgem City A,S.V. Wevelgem City A,0,
https://www.rbfa.be/nl/wedstrijd/7520937,K.S.C. Wielsbeke,K. FC Marke A,Yellow Card,Lars Vandenbroucke,K.S.C. Wielsbeke,37,1,0,0,K. FC Marke A,K. FC Marke A,0,
https://www.rbfa.be/nl/wedstrijd/7520937,K.S.C. Wielsbeke,K. FC Marke A,Yellow Card,Bob Desmet,K. FC Marke A,43,0,0,0,K.S.C. Wielsbeke,K.S.C. Wielsbeke,0,
https://www.rbfa.be/nl/wedstrijd/7520937,K.S.C. Wielsbeke,K. FC Marke A,Goal,Loris D'Haene,K.S.C. Wielsbeke,45,1,1,0,K. FC Marke A,K. FC Marke A,1,1.0
https://www.rbfa.be/nl/wedstrijd/7520937,K.S.C. Wielsbeke,K. FC Marke A,Substitute In,Loris D'Haene,K.S.C. Wielsbeke,45,1,1,0,K. FC Marke A,K. FC Marke A,0,
https://www.rbfa.be/nl/wedstrijd/7520937,K.S.C. Wielsbeke,K. FC Marke A,Substitute Out,Kassmi Mohamed Ali,K.S.C. Wielsbeke,45,1,1,0,K. FC Marke A,K. FC Marke A,0,
https://www.rbfa.be/nl/wedstrijd/7520937,K.S.C. Wielsbeke,K. FC Marke A,Goal,Charles Noppe,K.S.C. Wielsbeke,72,1,2,0,K. FC Marke A,K. FC Marke A,1,2.0
https://www.rbfa.be/nl/wedstrijd/7520937,K.S.C. Wielsbeke,K. FC Marke A,Substitute In,Lucas Coornaert,K. FC Marke A,73,0,2,0,K.S.C. Wielsbeke,K.S.C. Wielsbeke,0,
https://www.rbfa.be/nl/wedstrijd/7520937,K.S.C. Wielsbeke,K. FC Marke A,Substitute In,Hannes Tieberghien,K. FC Marke A,73,0,2,0,K.S.C. Wielsbeke,K.S.C. Wielsbeke,0,
https://www.rbfa.be/nl/wedstrijd/7520937,K.S.C. Wielsbeke,K. FC Marke A,Substitute Out,Arne Naessens,K. FC Marke A,73,0,2,0,K.S.C. Wielsbeke,K.S.C. Wielsbeke,0,
https://www.rbfa.be/nl/wedstrijd/7520937,K.S.C. Wielsbeke,K. FC Marke A,Substitute Out,Jarne Wullaert,K. FC Marke A,73,0,2,0,K.S.C. Wielsbeke,K.S.C. Wielsbeke,0,
https://www.rbfa.be/nl/wedstrijd/7520937,K.S.C. Wielsbeke,K. FC Marke A,Yellow Card,Lucas Coornaert,K. FC Marke A,77,0,2,0,K.S.C. Wielsbeke,K.S.C. Wielsbeke,0,
https://www.rbfa.be/nl/wedstrijd/7520937,K.S.C. Wielsbeke,K. FC Marke A,Goal,Dries Wysselinck,K.S.C. Wielsbeke,82,1,3,0,K. FC Marke A,K. FC Marke A,1,3.0
https://www.rbfa.be/nl/wedstrijd/7520937,K.S.C. Wielsbeke,K. FC Marke A,Substitute In,Gilles Van Maeldergem,K.S.C. Wielsbeke,82,1,3,0,K. FC Marke A,K. FC Marke A,0,
https://www.rbfa.be/nl/wedstrijd/7520937,K.S.C. Wielsbeke,K. FC Marke A,Substitute Out,Rune Jacques Vandenborre,K.S.C. Wielsbeke,82,1,3,0,K. FC Marke A,K. FC Marke A,0,
https://www.rbfa.be/nl/wedstrijd/7520937,K.S.C. Wielsbeke,K. FC Marke A,Substitute In,Jannis Bourgeois,K. FC Marke A,82,0,3,0,K.S.C. Wielsbeke,K.S.C. Wielsbeke,0,
https://www.rbfa.be/nl/wedstrijd/7520937,K.S.C. Wielsbeke,K. FC Marke A,Substitute In,Emile Vanluchene,K. FC Marke A,82,0,3,0,K.S.C. Wielsbeke,K.S.C. Wielsbeke,0,
https://www.rbfa.be/nl/wedstrijd/7520937,K.S.C. Wielsbeke,K. FC Marke A,Substitute Out,Benjamin Bonte,K. FC Marke A,82,0,3,0,K.S.C. Wielsbeke,K.S.C. Wielsbeke,0,
https://www.rbfa.be/nl/wedstrijd/7520937,K.S.C. Wielsbeke,K. FC Marke A,Substitute Out,Lander Denduyver,K. FC Marke A,82,0,3,0,K.S.C. Wielsbeke,K.S.C. Wielsbeke,0,
https://www.rbfa.be/nl/wedstrijd/7520937,K.S.C. Wielsbeke,K. FC Marke A,Yellow Card,Lander Denduyver,K. FC Marke A,82,0,3,0,K.S.C. Wielsbeke,K.S.C. Wielsbeke,0,
https://www.rbfa.be/nl/wedstrijd/7520937,K.S.C. Wielsbeke,K. FC Marke A,Substitute In,Arne Beeuwsaert,K.S.C. Wielsbeke,88,1,3,0,K. FC Marke A,K. FC Marke A,0,
https://www.rbfa.be/nl/wedstrijd/7520937,K.S.C. Wielsbeke,K. FC Marke A,Substitute In,Lars De Meester,K.S.C. Wielsbeke,88,1,3,0,K. FC Marke A,K. FC Marke A,0,
https://www.rbfa.be/nl/wedstrijd/7520937,K.S.C. Wielsbeke,K. FC Marke A,Substitute Out,Ian Maes,K.S.C. Wielsbeke,88,1,3,0,K. FC Marke A,K. FC Marke A,0,
https://www.rbfa.be/nl/wedstrijd/7520937,K.S.C. Wielsbeke,K. FC Marke A,Substitute Out,Dries Wysselinck,K.S.C. Wielsbeke,88,1,3,0,K. FC Marke A,K. FC Marke A,0,
https://www.rbfa.be/nl/wedstrijd/7520935,Club Roeselare,FC Sp. Heestert A,Substitute In,Robbie Bolombo,Club Roeselare,65,1,0,0,FC Sp. Heestert A,FC Sp. Heestert A,0,
https://www.rbfa.be/nl/wedstrijd/7520935,Club Roeselare,FC Sp. Heestert A,Substitute In,Gianni Vandecasteele,Club Roeselare,65,1,0,0,FC Sp. Heestert A,FC Sp. Heestert A,0,
https://www.rbfa.be/nl/wedstrijd/7520935,Club Roeselare,FC Sp. Heestert A,Substitute Out,Mauro Dumoulin,Club Roeselare,65,1,0,0,FC Sp. Heestert A,FC Sp. Heestert A,0,
https://www.rbfa.be/nl/wedstrijd/7520935,Club Roeselare,FC Sp. Heestert A,Substitute Out,Sam Vanhuyse,Club Roeselare,65,1,0,0,FC Sp. Heestert A,FC Sp. Heestert A,0,
https://www.rbfa.be/nl/wedstrijd/7520935,Club Roeselare,FC Sp. Heestert A,Goal,Bram Helin,Club Roeselare,70,1,1,0,FC Sp. Heestert A,FC Sp. Heestert A,1,1.0
https://www.rbfa.be/nl/wedstrijd/7520935,Club Roeselare,FC Sp. Heestert A,Substitute In,Emmanuel Abew Asamoah,FC Sp. Heestert A,75,0,1,0,Club Roeselare,Club Roeselare,0,
https://www.rbfa.be/nl/wedstrijd/7520935,Club Roeselare,FC Sp. Heestert A,Substitute Out,Mauro Mercher,FC Sp. Heestert A,75,0,1,0,Club Roeselare,Club Roeselare,0,
https://www.rbfa.be/nl/wedstrijd/7520935,Club Roeselare,FC Sp. Heestert A,Goal,Cedric Makekula Mitu Muendele,Club Roeselare,83,1,2,0,FC Sp. Heestert A,FC Sp. Heestert A,1,2.0
https://www.rbfa.be/nl/wedstrijd/7520935,Club Roeselare,FC Sp. Heestert A,Substitute In,Gilles Decuyper,Club Roeselare,85,1,2,0,FC Sp. Heestert A,FC Sp. Heestert A,0,
https://www.rbfa.be/nl/wedstrijd/7520935,Club Roeselare,FC Sp. Heestert A,Substitute Out,Cedric Makekula Mitu Muendele,Club Roeselare,85,1,2,0,FC Sp. Heestert A,FC Sp. Heestert A,0,
https://www.rbfa.be/nl/wedstrijd/7520935,Club Roeselare,FC Sp. Heestert A,Yellow Card,Robbie Bolombo,Club Roeselare,85,1,2,0,FC Sp. Heestert A,FC Sp. Heestert A,0,
https://www.rbfa.be/nl/wedstrijd/7520935,Club Roeselare,FC Sp. Heestert A,Substitute In,Lenny Rassalle,FC Sp. Heestert A,85,0,2,0,Club Roeselare,Club Roeselare,0,
https://www.rbfa.be/nl/wedstrijd/7520935,Club Roeselare,FC Sp. Heestert A,Substitute In,Niels Stael,FC Sp. Heestert A,85,0,2,0,Club Roeselare,Club Roeselare,0,
https://www.rbfa.be/nl/wedstrijd/7520935,Club Roeselare,FC Sp. Heestert A,Substitute Out,Jeremy Guido Brogniez,FC Sp. Heestert A,85,0,2,0,Club Roeselare,Club Roeselare,0,
https://www.rbfa.be/nl/wedstrijd/7520935,Club Roeselare,FC Sp. Heestert A,Substitute Out,Nicolas Gheeraert,FC Sp. Heestert A,85,0,2,0,Club Roeselare,Club Roeselare,0,
https://www.rbfa.be/nl/wedstrijd/7520935,Club Roeselare,FC Sp. Heestert A,Substitute In,Jean-Yves Roger Devolder,Club Roeselare,86,1,2,0,FC Sp. Heestert A,FC Sp. Heestert A,0,
https://www.rbfa.be/nl/wedstrijd/7520935,Club Roeselare,FC Sp. Heestert A,Substitute Out,Simon Demeulenaere,Club Roeselare,86,1,2,0,FC Sp. Heestert A,FC Sp. Heestert A,0,
https://www.rbfa.be/nl/wedstrijd/7520936,K. VC Ardooie A,K. RC Bissegem,Goal,Andres Dewaele,K. RC Bissegem,48,0,0,1,K. VC Ardooie A,K. VC Ardooie A,1,1.0
https://www.rbfa.be/nl/wedstrijd/7520936,K. VC Ardooie A,K. RC Bissegem,Substitute In,Edouard Holvoet,K. VC Ardooie A,65,1,0,1,K. RC Bissegem,K. RC Bissegem,0,
https://www.rbfa.be/nl/wedstrijd/7520936,K. VC Ardooie A,K. RC Bissegem,Substitute In,Aiden Lenihan,K. VC Ardooie A,65,1,0,1,K. RC Bissegem,K. RC Bissegem,0,
https://www.rbfa.be/nl/wedstrijd/7520936,K. VC Ardooie A,K. RC Bissegem,Substitute Out,Noah Dumortier,K. VC Ardooie A,65,1,0,1,K. RC Bissegem,K. RC Bissegem,0,
https://www.rbfa.be/nl/wedstrijd/7520936,K. VC Ardooie A,K. RC Bissegem,Substitute Out,Gregory Hermans,K. VC Ardooie A,65,1,0,1,K. RC Bissegem,K. RC Bissegem,0,
https://www.rbfa.be/nl/wedstrijd/7520936,K. VC Ardooie A,K. RC Bissegem,Yellow Card,Zito Bostoen,K. RC Bissegem,68,0,0,1,K. VC Ardooie A,K. VC Ardooie A,0,
https://www.rbfa.be/nl/wedstrijd/7520936,K. VC Ardooie A,K. RC Bissegem,Substitute In,Lennert Lingier,K. RC Bissegem,70,0,0,1,K. VC Ardooie A,K. VC Ardooie A,0,
https://www.rbfa.be/nl/wedstrijd/7520936,K. VC Ardooie A,K. RC Bissegem,Substitute Out,Robin Douven,K. RC Bissegem,70,0,0,1,K. VC Ardooie A,K. VC Ardooie A,0,
https://www.rbfa.be/nl/wedstrijd/7520936,K. VC Ardooie A,K. RC Bissegem,Substitute In,Brian Depondt,K. VC Ardooie A,72,1,0,1,K. RC Bissegem,K. RC Bissegem,0,
https://www.rbfa.be/nl/wedstrijd/7520936,K. VC Ardooie A,K. RC Bissegem,Substitute In,Milan Rudy Deprest,K. VC Ardooie A,72,1,0,1,K. RC Bissegem,K. RC Bissegem,0,
https://www.rbfa.be/nl/wedstrijd/7520936,K. VC Ardooie A,K. RC Bissegem,Substitute Out,Giovanni Franco Simoês,K. VC Ardooie A,72,1,0,1,K. RC Bissegem,K. RC Bissegem,0,
https://www.rbfa.be/nl/wedstrijd/7520936,K. VC Ardooie A,K. RC Bissegem,Substitute Out,Guillaume Tournicourt,K. VC Ardooie A,72,1,0,1,K. RC Bissegem,K. RC Bissegem,0,
https://www.rbfa.be/nl/wedstrijd/7520936,K. VC Ardooie A,K. RC Bissegem,Yellow Card,Harm Vansteenkiste,K. RC Bissegem,76,0,0,1,K. VC Ardooie A,K. VC Ardooie A,0,
https://www.rbfa.be/nl/wedstrijd/7520936,K. VC Ardooie A,K. RC Bissegem,Substitute In,Achille Callens,K. VC Ardooie A,80,1,0,1,K. RC Bissegem,K. RC Bissegem,0,
https://www.rbfa.be/nl/wedstrijd/7520936,K. VC Ardooie A,K. RC Bissegem,Substitute Out,Glenn Maddens,K. VC Ardooie A,80,1,0,1,K. RC Bissegem,K. RC Bissegem,0,
https://www.rbfa.be/nl/wedstrijd/7520936,K. VC Ardooie A,K. RC Bissegem,Yellow Card,Bruno Dhoop,K. RC Bissegem,85,0,0,1,K. VC Ardooie A,K. VC Ardooie A,0,
https://www.rbfa.be/nl/wedstrijd/7520936,K. VC Ardooie A,K. RC Bissegem,Yellow Card,Gianluca Cardoen,K. VC Ardooie A,88,1,0,1,K. RC Bissegem,K. RC Bissegem,0,
https://www.rbfa.be/nl/wedstrijd/7520936,K. VC Ardooie A,K. RC Bissegem,Substitute In,Ennio Franklin Tack,K. RC Bissegem,89,0,0,1,K. VC Ardooie A,K. VC Ardooie A,0,
https://www.rbfa.be/nl/wedstrijd/7520936,K. VC Ardooie A,K. RC Bissegem,Substitute Out,Harm Vansteenkiste,K. RC Bissegem,89,0,0,1,K. VC Ardooie A,K. VC Ardooie A,0,
https://www.rbfa.be/nl/wedstrijd/7520936,K. VC Ardooie A,K. RC Bissegem,Yellow Card,Andres Dewaele,K. RC Bissegem,90,0,0,1,K. VC Ardooie A,K. VC Ardooie A,0,
https://www.rbfa.be/nl/wedstrijd/7520938,KFC Aalbeke Sport A,K. FC Varsenare A,Goal,Bavo Butaye,K. FC Varsenare A,12,0,0,1,KFC Aalbeke Sport A,KFC Aalbeke Sport A,1,1.0
https://www.rbfa.be/nl/wedstrijd/7520938,KFC Aalbeke Sport A,K. FC Varsenare A,Goal,Bjarne Vanderstraeten,KFC Aalbeke Sport A,19,1,1,1,K. FC Varsenare A,K. FC Varsenare A,1,0.0
https://www.rbfa.be/nl/wedstrijd/7520938,KFC Aalbeke Sport A,K. FC Varsenare A,Goal,Marvin Pierre Turcan,KFC Aalbeke Sport A,36,1,2,1,K. FC Varsenare A,K. FC Varsenare A,1,1.0
https://www.rbfa.be/nl/wedstrijd/7520938,KFC Aalbeke Sport A,K. FC Varsenare A,Substitute In,Lander Wyseur,KFC Aalbeke Sport A,40,1,2,1,K. FC Varsenare A,K. FC Varsenare A,0,
https://www.rbfa.be/nl/wedstrijd/7520938,KFC Aalbeke Sport A,K. FC Varsenare A,Substitute Out,Michael François Slowik,KFC Aalbeke Sport A,40,1,2,1,K. FC Varsenare A,K. FC Varsenare A,0,
https://www.rbfa.be/nl/wedstrijd/7520938,KFC Aalbeke Sport A,K. FC Varsenare A,Yellow Card,Sabri Bensalim,KFC Aalbeke Sport A,55,1,2,1,K. FC Varsenare A,K. FC Varsenare A,0,
https://www.rbfa.be/nl/wedstrijd/7520938,KFC Aalbeke Sport A,K. FC Varsenare A,Substitute In,Klaas Lievrouw,KFC Aalbeke Sport A,62,1,2,1,K. FC Varsenare A,K. FC Varsenare A,0,
https://www.rbfa.be/nl/wedstrijd/7520938,KFC Aalbeke Sport A,K. FC Varsenare A,Substitute In,Nathan Bunga Mbuta,KFC Aalbeke Sport A,62,1,2,1,K. FC Varsenare A,K. FC Varsenare A,0,
https://www.rbfa.be/nl/wedstrijd/7520938,KFC Aalbeke Sport A,K. FC Varsenare A,Substitute Out,Thibaut Millecamps,KFC Aalbeke Sport A,62,1,2,1,K. FC Varsenare A,K. FC Varsenare A,0,
https://www.rbfa.be/nl/wedstrijd/7520938,KFC Aalbeke Sport A,K. FC Varsenare A,Yellow Card,Rune Vandamme-Vinckier,K. FC Varsenare A,62,0,2,1,KFC Aalbeke Sport A,KFC Aalbeke Sport A,0,
https://www.rbfa.be/nl/wedstrijd/7520938,KFC Aalbeke Sport A,K. FC Varsenare A,Yellow Card,Klaas Lievrouw,KFC Aalbeke Sport A,71,1,2,1,K. FC Varsenare A,K. FC Varsenare A,0,
https://www.rbfa.be/nl/wedstrijd/7520938,KFC Aalbeke Sport A,K. FC Varsenare A,Substitute In,Martijn Ameel,K. FC Varsenare A,76,0,2,1,KFC Aalbeke Sport A,KFC Aalbeke Sport A,0,
https://www.rbfa.be/nl/wedstrijd/7520938,KFC Aalbeke Sport A,K. FC Varsenare A,Substitute In,Kiron Beernaert,K. FC Varsenare A,76,0,2,1,KFC Aalbeke Sport A,KFC Aalbeke Sport A,0,
https://www.rbfa.be/nl/wedstrijd/7520938,KFC Aalbeke Sport A,K. FC Varsenare A,Substitute Out,Timon Bogaert,K. FC Varsenare A,76,0,2,1,KFC Aalbeke Sport A,KFC Aalbeke Sport A,0,
https://www.rbfa.be/nl/wedstrijd/7520938,KFC Aalbeke Sport A,K. FC Varsenare A,Substitute Out,Matteo Compernolle,K. FC Varsenare A,76,0,2,1,KFC Aalbeke Sport A,KFC Aalbeke Sport A,0,
https://www.rbfa.be/nl/wedstrijd/7520938,KFC Aalbeke Sport A,K. FC Varsenare A,Substitute In,Amine Ahdach,KFC Aalbeke Sport A,80,1,2,1,K. FC Varsenare A,K. FC Varsenare A,0,
https://www.rbfa.be/nl/wedstrijd/7520938,KFC Aalbeke Sport A,K. FC Varsenare A,Substitute In,Kevin Gallo,KFC Aalbeke Sport A,80,1,2,1,K. FC Varsenare A,K. FC Varsenare A,0,
https://www.rbfa.be/nl/wedstrijd/7520938,KFC Aalbeke Sport A,K. FC Varsenare A,Substitute Out,Jan De Winter,KFC Aalbeke Sport A,80,1,2,1,K. FC Varsenare A,K. FC Varsenare A,0,
https://www.rbfa.be/nl/wedstrijd/7520938,KFC Aalbeke Sport A,K. FC Varsenare A,Substitute Out,Marvin Pierre Turcan,KFC Aalbeke Sport A,80,1,2,1,K. FC Varsenare A,K. FC Varsenare A,0,
https://www.rbfa.be/nl/wedstrijd/7520938,KFC Aalbeke Sport A,K. FC Varsenare A,Yellow Card,Pieter De Winter,KFC Aalbeke Sport A,80,1,2,1,K. FC Varsenare A,K. FC Varsenare A,0,
https://www.rbfa.be/nl/wedstrijd/7520938,KFC Aalbeke Sport A,K. FC Varsenare A,Substitute In,Brent Ooghe,K. FC Varsenare A,85,0,2,1,KFC Aalbeke Sport A,KFC Aalbeke Sport A,0,
https://www.rbfa.be/nl/wedstrijd/7520938,KFC Aalbeke Sport A,K. FC Varsenare A,Substitute Out,Bavo Butaye,K. FC Varsenare A,85,0,2,1,KFC Aalbeke Sport A,KFC Aalbeke Sport A,0,
https://www.rbfa.be/nl/wedstrijd/7520938,KFC Aalbeke Sport A,K. FC Varsenare A,Yellow-Red Card,Sabri Bensalim,KFC Aalbeke Sport A,90,1,2,1,K. FC Varsenare A,K. FC Varsenare A,0,
https://www.rbfa.be/nl/wedstrijd/7520939,SV Ingelmunster A,K. VC Ardooie A,Yellow Card,Henry Van Parys,SV Ingelmunster A,27,1,0,0,K. VC Ardooie A,K. VC Ardooie A,0,
https://www.rbfa.be/nl/wedstrijd/7520939,SV Ingelmunster A,K. VC Ardooie A,Yellow Card,Matisse Maelfait,K. VC Ardooie A,32,0,0,0,SV Ingelmunster A,SV Ingelmunster A,0,
https://www.rbfa.be/nl/wedstrijd/7520939,SV Ingelmunster A,K. VC Ardooie A,Yellow Card,Joran Lievrouw,K. VC Ardooie A,37,0,0,0,SV Ingelmunster A,SV Ingelmunster A,0,
https://www.rbfa.be/nl/wedstrijd/7520939,SV Ingelmunster A,K. VC Ardooie A,Substitute In,Achille Callens,K. VC Ardooie A,45,0,0,0,SV Ingelmunster A,SV Ingelmunster A,0,
https://www.rbfa.be/nl/wedstrijd/7520939,SV Ingelmunster A,K. VC Ardooie A,Substitute Out,Guillaume Tournicourt,K. VC Ardooie A,45,0,0,0,SV Ingelmunster A,SV Ingelmunster A,0,
https://www.rbfa.be/nl/wedstrijd/7520939,SV Ingelmunster A,K. VC Ardooie A,Goal,Edouard Holvoet,K. VC Ardooie A,48,0,0,1,SV Ingelmunster A,SV Ingelmunster A,1,1.0
https://www.rbfa.be/nl/wedstrijd/7520939,SV Ingelmunster A,K. VC Ardooie A,Substitute In,Aiden Lenihan,K. VC Ardooie A,57,0,0,1,SV Ingelmunster A,SV Ingelmunster A,0,
https://www.rbfa.be/nl/wedstrijd/7520939,SV Ingelmunster A,K. VC Ardooie A,Substitute Out,Gregory Hermans,K. VC Ardooie A,57,0,0,1,SV Ingelmunster A,SV Ingelmunster A,0,
https://www.rbfa.be/nl/wedstrijd/7520939,SV Ingelmunster A,K. VC Ardooie A,Substitute In,Alexandre Vandemaele,SV Ingelmunster A,61,1,0,1,K. VC Ardooie A,K. VC Ardooie A,0,
https://www.rbfa.be/nl/wedstrijd/7520939,SV Ingelmunster A,K. VC Ardooie A,Substitute Out,Xander Vankeirsbilck,SV Ingelmunster A,61,1,0,1,K. VC Ardooie A,K. VC Ardooie A,0,
https://www.rbfa.be/nl/wedstrijd/7520939,SV Ingelmunster A,K. VC Ardooie A,Substitute In,Noah Dumortier,K. VC Ardooie A,65,0,0,1,SV Ingelmunster A,SV Ingelmunster A,0,
https://www.rbfa.be/nl/wedstrijd/7520939,SV Ingelmunster A,K. VC Ardooie A,Substitute Out,Joran Lievrouw,K. VC Ardooie A,65,0,0,1,SV Ingelmunster A,SV Ingelmunster A,0,
https://www.rbfa.be/nl/wedstrijd/7520939,SV Ingelmunster A,K. VC Ardooie A,Goal,Vedran Verheule,SV Ingelmunster A,74,1,1,1,K. VC Ardooie A,K. VC Ardooie A,1,0.0
https://www.rbfa.be/nl/wedstrijd/7520939,SV Ingelmunster A,K. VC Ardooie A,Substitute In,Milan Rudy Deprest,K. VC Ardooie A,74,0,1,1,SV Ingelmunster A,SV Ingelmunster A,0,
https://www.rbfa.be/nl/wedstrijd/7520939,SV Ingelmunster A,K. VC Ardooie A,Substitute In,Thimo Lerminez,K. VC Ardooie A,74,0,1,1,SV Ingelmunster A,SV Ingelmunster A,0,
https://www.rbfa.be/nl/wedstrijd/7520939,SV Ingelmunster A,K. VC Ardooie A,Substitute Out,Gianluca Cardoen,K. VC Ardooie A,74,0,1,1,SV Ingelmunster A,SV Ingelmunster A,0,
https://www.rbfa.be/nl/wedstrijd/7520939,SV Ingelmunster A,K. VC Ardooie A,Substitute Out,Edouard Holvoet,K. VC Ardooie A,74,0,1,1,SV Ingelmunster A,SV Ingelmunster A,0,
https://www.rbfa.be/nl/wedstrijd/7520939,SV Ingelmunster A,K. VC Ardooie A,Substitute In,Dylan Seys,SV Ingelmunster A,76,1,1,1,K. VC Ardooie A,K. VC Ardooie A,0,
https://www.rbfa.be/nl/wedstrijd/7520939,SV Ingelmunster A,K. VC Ardooie A,Substitute In,Tibo Vandendriessche,SV Ingelmunster A,76,1,1,1,K. VC Ardooie A,K. VC Ardooie A,0,
https://www.rbfa.be/nl/wedstrijd/7520939,SV Ingelmunster A,K. VC Ardooie A,Substitute Out,Remco Kentie,SV Ingelmunster A,76,1,1,1,K. VC Ardooie A,K. VC Ardooie A,0,
https://www.rbfa.be/nl/wedstrijd/7520939,SV Ingelmunster A,K. VC Ardooie A,Substitute Out,Vedran Verheule,SV Ingelmunster A,76,1,1,1,K. VC Ardooie A,K. VC Ardooie A,0,
https://www.rbfa.be/nl/wedstrijd/7520939,SV Ingelmunster A,K. VC Ardooie A,Yellow Card,Gianluca Cardoen,K. VC Ardooie A,80,0,1,1,SV Ingelmunster A,SV Ingelmunster A,0,
https://www.rbfa.be/nl/wedstrijd/7520939,SV Ingelmunster A,K. VC Ardooie A,Goal,Noah Dumortier,K. VC Ardooie A,90,0,1,2,SV Ingelmunster A,SV Ingelmunster A,1,1.0
https://www.rbfa.be/nl/wedstrijd/7520941,K. RC Bissegem,K. Eendr. Wervik A,Goal,Yanis Gaci,K. Eendr. Wervik A,1,0,0,1,K. RC Bissegem,K. RC Bissegem,1,1.0
https://www.rbfa.be/nl/wedstrijd/7520941,K. RC Bissegem,K. Eendr. Wervik A,Yellow Card,Andres Dewaele,K. RC Bissegem,45,1,0,1,K. Eendr. Wervik A,K. Eendr. Wervik A,0,
https://www.rbfa.be/nl/wedstrijd/7520941,K. RC Bissegem,K. Eendr. Wervik A,Substitute In,Bilal El Houcine Belghaouar,K. Eendr. Wervik A,46,0,0,1,K. RC Bissegem,K. RC Bissegem,0,
https://www.rbfa.be/nl/wedstrijd/7520941,K. RC Bissegem,K. Eendr. Wervik A,Substitute Out,Yann-Moussa André Diallo,K. Eendr. Wervik A,46,0,0,1,K. RC Bissegem,K. RC Bissegem,0,
https://www.rbfa.be/nl/wedstrijd/7520941,K. RC Bissegem,K. Eendr. Wervik A,Substitute In,Glenn Lapeire,K. RC Bissegem,60,1,0,1,K. Eendr. Wervik A,K. Eendr. Wervik A,0,
https://www.rbfa.be/nl/wedstrijd/7520941,K. RC Bissegem,K. Eendr. Wervik A,Substitute Out,Ismaïl El Ouassif,K. RC Bissegem,60,1,0,1,K. Eendr. Wervik A,K. Eendr. Wervik A,0,
https://www.rbfa.be/nl/wedstrijd/7520941,K. RC Bissegem,K. Eendr. Wervik A,Substitute In,Abdoul Salam Sow,K. Eendr. Wervik A,70,0,0,1,K. RC Bissegem,K. RC Bissegem,0,
https://www.rbfa.be/nl/wedstrijd/7520941,K. RC Bissegem,K. Eendr. Wervik A,Substitute Out,Yanis Gaci,K. Eendr. Wervik A,70,0,0,1,K. RC Bissegem,K. RC Bissegem,0,
https://www.rbfa.be/nl/wedstrijd/7520941,K. RC Bissegem,K. Eendr. Wervik A,Goal,Lennert Lingier,K. RC Bissegem,78,1,1,1,K. Eendr. Wervik A,K. Eendr. Wervik A,1,0.0
https://www.rbfa.be/nl/wedstrijd/7520941,K. RC Bissegem,K. Eendr. Wervik A,Substitute In,Ennio Franklin Tack,K. RC Bissegem,85,1,1,1,K. Eendr. Wervik A,K. Eendr. Wervik A,0,
https://www.rbfa.be/nl/wedstrijd/7520941,K. RC Bissegem,K. Eendr. Wervik A,Substitute Out,Robin Douven,K. RC Bissegem,85,1,1,1,K. Eendr. Wervik A,K. Eendr. Wervik A,0,
https://www.rbfa.be/nl/wedstrijd/7520941,K. RC Bissegem,K. Eendr. Wervik A,Substitute In,Bilal Al Ghami,K. Eendr. Wervik A,85,0,1,1,K. RC Bissegem,K. RC Bissegem,0,
https://www.rbfa.be/nl/wedstrijd/7520941,K. RC Bissegem,K. Eendr. Wervik A,Substitute Out,Neil Serbouh,K. Eendr. Wervik A,85,0,1,1,K. RC Bissegem,K. RC Bissegem,0,
https://www.rbfa.be/nl/wedstrijd/7520941,K. RC Bissegem,K. Eendr. Wervik A,Yellow Card,Abdoul Salam Sow,K. Eendr. Wervik A,87,0,1,1,K. RC Bissegem,K. RC Bissegem,0,
https://www.rbfa.be/nl/wedstrijd/7520941,K. RC Bissegem,K. Eendr. Wervik A,Goal,Andres Dewaele,K. RC Bissegem,88,1,2,1,K. Eendr. Wervik A,K. Eendr. Wervik A,1,1.0
https://www.rbfa.be/nl/wedstrijd/7520941,K. RC Bissegem,K. Eendr. Wervik A,Substitute In,Miel Laperre,K. RC Bissegem,90,1,2,1,K. Eendr. Wervik A,K. Eendr. Wervik A,0,
https://www.rbfa.be/nl/wedstrijd/7520941,K. RC Bissegem,K. Eendr. Wervik A,Substitute Out,Lennert Lingier,K. RC Bissegem,90,1,2,1,K. Eendr. Wervik A,K. Eendr. Wervik A,0,
https://www.rbfa.be/nl/wedstrijd/7520940,FC Sp. Heestert A,K. SV Veurne A,Goal,Dayne Clarebout,K. SV Veurne A,18,0,0,1,FC Sp. Heestert A,FC Sp. Heestert A,1,1.0
https://www.rbfa.be/nl/wedstrijd/7520940,FC Sp. Heestert A,K. SV Veurne A,Goal,Dayne Clarebout,K. SV Veurne A,33,0,0,2,FC Sp. Heestert A,FC Sp. Heestert A,1,2.0
https://www.rbfa.be/nl/wedstrijd/7520940,FC Sp. Heestert A,K. SV Veurne A,Goal,Kevin Chateau,K. SV Veurne A,38,0,0,3,FC Sp. Heestert A,FC Sp. Heestert A,1,3.0
https://www.rbfa.be/nl/wedstrijd/7520940,FC Sp. Heestert A,K. SV Veurne A,Substitute In,Imad Zmimer,FC Sp. Heestert A,46,1,0,3,K. SV Veurne A,K. SV Veurne A,0,
https://www.rbfa.be/nl/wedstrijd/7520940,FC Sp. Heestert A,K. SV Veurne A,Substitute Out,Dries Loosveldt,FC Sp. Heestert A,46,1,0,3,K. SV Veurne A,K. SV Veurne A,0,
https://www.rbfa.be/nl/wedstrijd/7520940,FC Sp. Heestert A,K. SV Veurne A,Yellow Card,Imad Zmimer,FC Sp. Heestert A,50,1,0,3,K. SV Veurne A,K. SV Veurne A,0,
https://www.rbfa.be/nl/wedstrijd/7520940,FC Sp. Heestert A,K. SV Veurne A,Yellow Card,Anouk Vanysacker,K. SV Veurne A,54,0,0,3,FC Sp. Heestert A,FC Sp. Heestert A,0,
https://www.rbfa.be/nl/wedstrijd/7520940,FC Sp. Heestert A,K. SV Veurne A,Yellow Card,Dayne Clarebout,K. SV Veurne A,63,0,0,3,FC Sp. Heestert A,FC Sp. Heestert A,0,
https://www.rbfa.be/nl/wedstrijd/7520940,FC Sp. Heestert A,K. SV Veurne A,Yellow Card,Jordy Bardyn,K. SV Veurne A,65,0,0,3,FC Sp. Heestert A,FC Sp. Heestert A,0,
https://www.rbfa.be/nl/wedstrijd/7520940,FC Sp. Heestert A,K. SV Veurne A,Substitute In,Aristote Madiani,FC Sp. Heestert A,66,1,0,3,K. SV Veurne A,K. SV Veurne A,0,
https://www.rbfa.be/nl/wedstrijd/7520940,FC Sp. Heestert A,K. SV Veurne A,Substitute Out,Louis Callewier,FC Sp. Heestert A,66,1,0,3,K. SV Veurne A,K. SV Veurne A,0,
https://www.rbfa.be/nl/wedstrijd/7520940,FC Sp. Heestert A,K. SV Veurne A,Goal,Pieter Dedrie,K. SV Veurne A,75,0,0,4,FC Sp. Heestert A,FC Sp. Heestert A,1,4.0
https://www.rbfa.be/nl/wedstrijd/7520940,FC Sp. Heestert A,K. SV Veurne A,Substitute In,Joppe Rathé,K. SV Veurne A,77,0,0,4,FC Sp. Heestert A,FC Sp. Heestert A,0,
https://www.rbfa.be/nl/wedstrijd/7520940,FC Sp. Heestert A,K. SV Veurne A,Substitute Out,Kevin Chateau,K. SV Veurne A,77,0,0,4,FC Sp. Heestert A,FC Sp. Heestert A,0,
https://www.rbfa.be/nl/wedstrijd/7520940,FC Sp. Heestert A,K. SV Veurne A,Yellow Card,Mauro Mercher,FC Sp. Heestert A,80,1,0,4,K. SV Veurne A,K. SV Veurne A,0,
https://www.rbfa.be/nl/wedstrijd/7520940,FC Sp. Heestert A,K. SV Veurne A,Substitute In,Thijs Hatse,K. SV Veurne A,84,0,0,4,FC Sp. Heestert A,FC Sp. Heestert A,0,
https://www.rbfa.be/nl/wedstrijd/7520940,FC Sp. Heestert A,K. SV Veurne A,Substitute In,Axel Leeman,K. SV Veurne A,84,0,0,4,FC Sp. Heestert A,FC Sp. Heestert A,0,
https://www.rbfa.be/nl/wedstrijd/7520940,FC Sp. Heestert A,K. SV Veurne A,Substitute Out,Dayne Clarebout,K. SV Veurne A,84,0,0,4,FC Sp. Heestert A,FC Sp. Heestert A,0,
https://www.rbfa.be/nl/wedstrijd/7520940,FC Sp. Heestert A,K. SV Veurne A,Substitute Out,Kasper De Keyrel,K. SV Veurne A,84,0,0,4,FC Sp. Heestert A,FC Sp. Heestert A,0,
https://www.rbfa.be/nl/wedstrijd/7520940,FC Sp. Heestert A,K. SV Veurne A,Goal,Axel Leeman,K. SV Veurne A,87,0,0,5,FC Sp. Heestert A,FC Sp. Heestert A,1,5.0
https://www.rbfa.be/nl/wedstrijd/7520940,FC Sp. Heestert A,K. SV Veurne A,Red Card,Thijs Hatse,K. SV Veurne A,89,0,0,5,FC Sp. Heestert A,FC Sp. Heestert A,0,
https://www.rbfa.be/nl/wedstrijd/7520940,FC Sp. Heestert A,K. SV Veurne A,Goal,Aaron Balcaen,FC Sp. Heestert A,90,1,1,5,K. SV Veurne A,K. SV Veurne A,1,-4.0
https://www.rbfa.be/nl/wedstrijd/7520942,K. SK Beveren-Leie A,S.V. Wevelgem City A,Goal,Safouane Rahhab,K. SK Beveren-Leie A,10,1,1,0,S.V. Wevelgem City A,S.V. Wevelgem City A,1,1.0
https://www.rbfa.be/nl/wedstrijd/7520942,K. SK Beveren-Leie A,S.V. Wevelgem City A,Substitute In,Baptiste Vandoorne,K. SK Beveren-Leie A,32,1,1,0,S.V. Wevelgem City A,S.V. Wevelgem City A,0,
https://www.rbfa.be/nl/wedstrijd/7520942,K. SK Beveren-Leie A,S.V. Wevelgem City A,Substitute Out,Vincenzo Dujardin,K. SK Beveren-Leie A,32,1,1,0,S.V. Wevelgem City A,S.V. Wevelgem City A,0,
https://www.rbfa.be/nl/wedstrijd/7520942,K. SK Beveren-Leie A,S.V. Wevelgem City A,Substitute In,Said Hafidh Khatib,S.V. Wevelgem City A,45,0,1,0,K. SK Beveren-Leie A,K. SK Beveren-Leie A,0,
https://www.rbfa.be/nl/wedstrijd/7520942,K. SK Beveren-Leie A,S.V. Wevelgem City A,Substitute In,Tibo Margo,S.V. Wevelgem City A,45,0,1,0,K. SK Beveren-Leie A,K. SK Beveren-Leie A,0,
https://www.rbfa.be/nl/wedstrijd/7520942,K. SK Beveren-Leie A,S.V. Wevelgem City A,Substitute Out,Robbe Dekiere,S.V. Wevelgem City A,45,0,1,0,K. SK Beveren-Leie A,K. SK Beveren-Leie A,0,
https://www.rbfa.be/nl/wedstrijd/7520942,K. SK Beveren-Leie A,S.V. Wevelgem City A,Substitute Out,Gilles Hamers,S.V. Wevelgem City A,45,0,1,0,K. SK Beveren-Leie A,K. SK Beveren-Leie A,0,
https://www.rbfa.be/nl/wedstrijd/7520942,K. SK Beveren-Leie A,S.V. Wevelgem City A,Goal,Tibo Margo,S.V. Wevelgem City A,52,0,1,1,K. SK Beveren-Leie A,K. SK Beveren-Leie A,1,0.0
https://www.rbfa.be/nl/wedstrijd/7520942,K. SK Beveren-Leie A,S.V. Wevelgem City A,Goal,Thibau Laevens,S.V. Wevelgem City A,62,0,1,2,K. SK Beveren-Leie A,K. SK Beveren-Leie A,1,1.0
https://www.rbfa.be/nl/wedstrijd/7520942,K. SK Beveren-Leie A,S.V. Wevelgem City A,Substitute In,Mathis De Vreeze,K. SK Beveren-Leie A,65,1,1,2,S.V. Wevelgem City A,S.V. Wevelgem City A,0,
https://www.rbfa.be/nl/wedstrijd/7520942,K. SK Beveren-Leie A,S.V. Wevelgem City A,Substitute Out,Gilles De Greve,K. SK Beveren-Leie A,65,1,1,2,S.V. Wevelgem City A,S.V. Wevelgem City A,0,
https://www.rbfa.be/nl/wedstrijd/7520942,K. SK Beveren-Leie A,S.V. Wevelgem City A,Goal,Jasper Noël Beyens,S.V. Wevelgem City A,70,0,1,3,K. SK Beveren-Leie A,K. SK Beveren-Leie A,1,2.0
https://www.rbfa.be/nl/wedstrijd/7520942,K. SK Beveren-Leie A,S.V. Wevelgem City A,Substitute In,Rimas Vande Vyver,K. SK Beveren-Leie A,77,1,1,3,S.V. Wevelgem City A,S.V. Wevelgem City A,0,
https://www.rbfa.be/nl/wedstrijd/7520942,K. SK Beveren-Leie A,S.V. Wevelgem City A,Substitute Out,Bryan Khetta,K. SK Beveren-Leie A,77,1,1,3,S.V. Wevelgem City A,S.V. Wevelgem City A,0,
https://www.rbfa.be/nl/wedstrijd/7520942,K. SK Beveren-Leie A,S.V. Wevelgem City A,Substitute In,Jordy Beirlaen,S.V. Wevelgem City A,77,0,1,3,K. SK Beveren-Leie A,K. SK Beveren-Leie A,0,
https://www.rbfa.be/nl/wedstrijd/7520942,K. SK Beveren-Leie A,S.V. Wevelgem City A,Substitute Out,Thibau Laevens,S.V. Wevelgem City A,77,0,1,3,K. SK Beveren-Leie A,K. SK Beveren-Leie A,0,
https://www.rbfa.be/nl/wedstrijd/7520942,K. SK Beveren-Leie A,S.V. Wevelgem City A,Goal,Said Hafidh Khatib,S.V. Wevelgem City A,79,0,1,4,K. SK Beveren-Leie A,K. SK Beveren-Leie A,1,3.0
https://www.rbfa.be/nl/wedstrijd/7520942,K. SK Beveren-Leie A,S.V. Wevelgem City A,Substitute In,Raf Vanhuylebrouck,S.V. Wevelgem City A,82,0,1,4,K. SK Beveren-Leie A,K. SK Beveren-Leie A,0,
https://www.rbfa.be/nl/wedstrijd/7520942,K. SK Beveren-Leie A,S.V. Wevelgem City A,Substitute Out,Said Hafidh Khatib,S.V. Wevelgem City A,82,0,1,4,K. SK Beveren-Leie A,K. SK Beveren-Leie A,0,
https://www.rbfa.be/nl/wedstrijd/7520942,K. SK Beveren-Leie A,S.V. Wevelgem City A,Goal,Jordy Beirlaen,S.V. Wevelgem City A,84,0,1,5,K. SK Beveren-Leie A,K. SK Beveren-Leie A,1,4.0
https://www.rbfa.be/nl/wedstrijd/7520942,K. SK Beveren-Leie A,S.V. Wevelgem City A,Substitute In,Emiel Bridelance,S.V. Wevelgem City A,87,0,1,5,K. SK Beveren-Leie A,K. SK Beveren-Leie A,0,
https://www.rbfa.be/nl/wedstrijd/7520942,K. SK Beveren-Leie A,S.V. Wevelgem City A,Substitute Out,Victor Cuvelier,S.V. Wevelgem City A,87,0,1,5,K. SK Beveren-Leie A,K. SK Beveren-Leie A,0,
https://www.rbfa.be/nl/wedstrijd/7520944,K. FC Heist A,K.S.C. Wielsbeke,Substitute In,Senne Van Thuyne,K.S.C. Wielsbeke,37,0,0,0,K. FC Heist A,K. FC Heist A,0,
https://www.rbfa.be/nl/wedstrijd/7520944,K. FC Heist A,K.S.C. Wielsbeke,Substitute Out,Lars Vandenbroucke,K.S.C. Wielsbeke,37,0,0,0,K. FC Heist A,K. FC Heist A,0,
https://www.rbfa.be/nl/wedstrijd/7520944,K. FC Heist A,K.S.C. Wielsbeke,Own Goal,Xander Timmerman,K.S.C. Wielsbeke,52,0,0,1,K. FC Heist A,K. FC Heist A,1,1.0
https://www.rbfa.be/nl/wedstrijd/7520944,K. FC Heist A,K.S.C. Wielsbeke,Substitute In,Dante Ovyn,K. FC Heist A,70,1,0,1,K.S.C. Wielsbeke,K.S.C. Wielsbeke,0,
https://www.rbfa.be/nl/wedstrijd/7520944,K. FC Heist A,K.S.C. Wielsbeke,Substitute In,Jasper Réginald Verhofstede,K. FC Heist A,70,1,0,1,K.S.C. Wielsbeke,K.S.C. Wielsbeke,0,
https://www.rbfa.be/nl/wedstrijd/7520944,K. FC Heist A,K.S.C. Wielsbeke,Substitute Out,Bruno Delhaye,K. FC Heist A,70,1,0,1,K.S.C. Wielsbeke,K.S.C. Wielsbeke,0,
https://www.rbfa.be/nl/wedstrijd/7520944,K. FC Heist A,K.S.C. Wielsbeke,Substitute Out,Jarne Vancompernolle,K. FC Heist A,70,1,0,1,K.S.C. Wielsbeke,K.S.C. Wielsbeke,0,
https://www.rbfa.be/nl/wedstrijd/7520944,K. FC Heist A,K.S.C. Wielsbeke,Yellow Card,Jarno Boone,K. FC Heist A,71,1,0,1,K.S.C. Wielsbeke,K.S.C. Wielsbeke,0,
https://www.rbfa.be/nl/wedstrijd/7520944,K. FC Heist A,K.S.C. Wielsbeke,Substitute In,Thomas Coopman,K.S.C. Wielsbeke,74,0,0,1,K. FC Heist A,K. FC Heist A,0,
https://www.rbfa.be/nl/wedstrijd/7520944,K. FC Heist A,K.S.C. Wielsbeke,Substitute Out,Rune Jacques Vandenborre,K.S.C. Wielsbeke,74,0,0,1,K. FC Heist A,K. FC Heist A,0,
https://www.rbfa.be/nl/wedstrijd/7520944,K. FC Heist A,K.S.C. Wielsbeke,Goal,Seppe Jeroen Lecour,K.S.C. Wielsbeke,75,0,0,2,K. FC Heist A,K. FC Heist A,1,2.0
https://www.rbfa.be/nl/wedstrijd/7520944,K. FC Heist A,K.S.C. Wielsbeke,Substitute In,Lenny Frank Buyl,K. FC Heist A,78,1,0,2,K.S.C. Wielsbeke,K.S.C. Wielsbeke,0,
https://www.rbfa.be/nl/wedstrijd/7520944,K. FC Heist A,K.S.C. Wielsbeke,Substitute Out,Jan Claessens,K. FC Heist A,78,1,0,2,K.S.C. Wielsbeke,K.S.C. Wielsbeke,0,
https://www.rbfa.be/nl/wedstrijd/7520944,K. FC Heist A,K.S.C. Wielsbeke,Substitute In,Diaz Denise Axelsson De Baets,K. FC Heist A,85,1,0,2,K.S.C. Wielsbeke,K.S.C. Wielsbeke,0,
https://www.rbfa.be/nl/wedstrijd/7520944,K. FC Heist A,K.S.C. Wielsbeke,Substitute In,Marwane El Houfi,K. FC Heist A,85,1,0,2,K.S.C. Wielsbeke,K.S.C. Wielsbeke,0,
https://www.rbfa.be/nl/wedstrijd/7520944,K. FC Heist A,K.S.C. Wielsbeke,Substitute Out,Bixenti Ducoulombier,K. FC Heist A,85,1,0,2,K.S.C. Wielsbeke,K.S.C. Wielsbeke,0,
https://www.rbfa.be/nl/wedstrijd/7520944,K. FC Heist A,K.S.C. Wielsbeke,Substitute Out,Xander Timmerman,K. FC Heist A,85,1,0,2,K.S.C. Wielsbeke,K.S.C. Wielsbeke,0,
https://www.rbfa.be/nl/wedstrijd/7520944,K. FC Heist A,K.S.C. Wielsbeke,Substitute In,Arne Beeuwsaert,K.S.C. Wielsbeke,86,0,0,2,K. FC Heist A,K. FC Heist A,0,
https://www.rbfa.be/nl/wedstrijd/7520944,K. FC Heist A,K.S.C. Wielsbeke,Substitute Out,Seppe Jeroen Lecour,K.S.C. Wielsbeke,86,0,0,2,K. FC Heist A,K. FC Heist A,0,
https://www.rbfa.be/nl/wedstrijd/7520944,K. FC Heist A,K.S.C. Wielsbeke,Goal,Yoni Delporte,K. FC Heist A,87,1,1,2,K.S.C. Wielsbeke,K.S.C. Wielsbeke,1,-1.0
https://www.rbfa.be/nl/wedstrijd/7520944,K. FC Heist A,K.S.C. Wielsbeke,Yellow Card,Berre De Smet,K.S.C. Wielsbeke,89,0,1,2,K. FC Heist A,K. FC Heist A,0,
https://www.rbfa.be/nl/wedstrijd/7520944,K. FC Heist A,K.S.C. Wielsbeke,Red Card,Quirino Raes,K. FC Heist A,90,1,1,2,K.S.C. Wielsbeke,K.S.C. Wielsbeke,0,
https://www.rbfa.be/nl/wedstrijd/7520944,K. FC Heist A,K.S.C. Wielsbeke,Yellow Card,Thibo Gies,K. FC Heist A,90,1,1,2,K.S.C. Wielsbeke,K.S.C. Wielsbeke,0,
https://www.rbfa.be/nl/wedstrijd/7520945,K. FC Marke A,K. Sassp. Boezinge A,Goal,Jelle Duthoo,K. FC Marke A,21,1,1,0,K. Sassp. Boezinge A,K. Sassp. Boezinge A,1,1.0
https://www.rbfa.be/nl/wedstrijd/7520945,K. FC Marke A,K. Sassp. Boezinge A,Penalty,Valentin Mahieu,K. Sassp. Boezinge A,31,0,1,1,K. FC Marke A,K. FC Marke A,1,0.0
https://www.rbfa.be/nl/wedstrijd/7520945,K. FC Marke A,K. Sassp. Boezinge A,Yellow Card,Jarne Wullaert,K. FC Marke A,38,1,1,1,K. Sassp. Boezinge A,K. Sassp. Boezinge A,0,
https://www.rbfa.be/nl/wedstrijd/7520945,K. FC Marke A,K. Sassp. Boezinge A,Substitute In,Owen Casier,K. Sassp. Boezinge A,55,0,1,1,K. FC Marke A,K. FC Marke A,0,
https://www.rbfa.be/nl/wedstrijd/7520945,K. FC Marke A,K. Sassp. Boezinge A,Substitute Out,Ilyas Lakfif,K. Sassp. Boezinge A,55,0,1,1,K. FC Marke A,K. FC Marke A,0,
https://www.rbfa.be/nl/wedstrijd/7520945,K. FC Marke A,K. Sassp. Boezinge A,Substitute In,Thibault Trioen,K. FC Marke A,62,1,1,1,K. Sassp. Boezinge A,K. Sassp. Boezinge A,0,
https://www.rbfa.be/nl/wedstrijd/7520945,K. FC Marke A,K. Sassp. Boezinge A,Substitute Out,Jannis Bourgeois,K. FC Marke A,62,1,1,1,K. Sassp. Boezinge A,K. Sassp. Boezinge A,0,
https://www.rbfa.be/nl/wedstrijd/7520945,K. FC Marke A,K. Sassp. Boezinge A,Yellow Card,Arne Naessens,K. FC Marke A,67,1,1,1,K. Sassp. Boezinge A,K. Sassp. Boezinge A,0,
https://www.rbfa.be/nl/wedstrijd/7520945,K. FC Marke A,K. Sassp. Boezinge A,Substitute In,Remko Vandamme,K. Sassp. Boezinge A,71,0,1,1,K. FC Marke A,K. FC Marke A,0,
https://www.rbfa.be/nl/wedstrijd/7520945,K. FC Marke A,K. Sassp. Boezinge A,Substitute Out,Fabian Rassalle,K. Sassp. Boezinge A,71,0,1,1,K. FC Marke A,K. FC Marke A,0,
https://www.rbfa.be/nl/wedstrijd/7520945,K. FC Marke A,K. Sassp. Boezinge A,Yellow Card,Robbe Vandergunst,K. Sassp. Boezinge A,78,0,1,1,K. FC Marke A,K. FC Marke A,0,
https://www.rbfa.be/nl/wedstrijd/7520945,K. FC Marke A,K. Sassp. Boezinge A,Substitute In,Lucas Coornaert,K. FC Marke A,83,1,1,1,K. Sassp. Boezinge A,K. Sassp. Boezinge A,0,
https://www.rbfa.be/nl/wedstrijd/7520945,K. FC Marke A,K. Sassp. Boezinge A,Substitute In,Hannes Tieberghien,K. FC Marke A,83,1,1,1,K. Sassp. Boezinge A,K. Sassp. Boezinge A,0,
https://www.rbfa.be/nl/wedstrijd/7520945,K. FC Marke A,K. Sassp. Boezinge A,Substitute Out,Jelle Duthoo,K. FC Marke A,83,1,1,1,K. Sassp. Boezinge A,K. Sassp. Boezinge A,0,
https://www.rbfa.be/nl/wedstrijd/7520945,K. FC Marke A,K. Sassp. Boezinge A,Substitute Out,Thomas Menghis,K. FC Marke A,83,1,1,1,K. Sassp. Boezinge A,K. Sassp. Boezinge A,0,
https://www.rbfa.be/nl/wedstrijd/7520945,K. FC Marke A,K. Sassp. Boezinge A,Yellow Card,Guy Deltombe,K. Sassp. Boezinge A,84,0,1,1,K. FC Marke A,K. FC Marke A,0,
https://www.rbfa.be/nl/wedstrijd/7520945,K. FC Marke A,K. Sassp. Boezinge A,Substitute In,Robbe Dumont,K. Sassp. Boezinge A,87,0,1,1,K. FC Marke A,K. FC Marke A,0,
https://www.rbfa.be/nl/wedstrijd/7520945,K. FC Marke A,K. Sassp. Boezinge A,Substitute Out,Robbe Vandergunst,K. Sassp. Boezinge A,87,0,1,1,K. FC Marke A,K. FC Marke A,0,
https://www.rbfa.be/nl/wedstrijd/7520945,K. FC Marke A,K. Sassp. Boezinge A,Yellow Card,Ward Maerten,K. Sassp. Boezinge A,88,0,1,1,K. FC Marke A,K. FC Marke A,0,
https://www.rbfa.be/nl/wedstrijd/7520943,K.R.C. Waregem A,Club Roeselare,Goal,Robbe Debue,K.R.C. Waregem A,4,1,1,0,Club Roeselare,Club Roeselare,1,1.0
https://www.rbfa.be/nl/wedstrijd/7520943,K.R.C. Waregem A,Club Roeselare,Goal,Denzel Van Fleteren,K.R.C. Waregem A,29,1,2,0,Club Roeselare,Club Roeselare,1,2.0
https://www.rbfa.be/nl/wedstrijd/7520943,K.R.C. Waregem A,Club Roeselare,Substitute In,Gianni Vandecasteele,Club Roeselare,32,0,2,0,K.R.C. Waregem A,K.R.C. Waregem A,0,
https://www.rbfa.be/nl/wedstrijd/7520943,K.R.C. Waregem A,Club Roeselare,Substitute Out,Mauro Dumoulin,Club Roeselare,32,0,2,0,K.R.C. Waregem A,K.R.C. Waregem A,0,
https://www.rbfa.be/nl/wedstrijd/7520943,K.R.C. Waregem A,Club Roeselare,Substitute In,Mathis Lievens,K.R.C. Waregem A,60,1,2,0,Club Roeselare,Club Roeselare,0,
https://www.rbfa.be/nl/wedstrijd/7520943,K.R.C. Waregem A,Club Roeselare,Substitute In,Thibeau Waeye,K.R.C. Waregem A,60,1,2,0,Club Roeselare,Club Roeselare,0,
https://www.rbfa.be/nl/wedstrijd/7520943,K.R.C. Waregem A,Club Roeselare,Substitute Out,Robbe Debue,K.R.C. Waregem A,60,1,2,0,Club Roeselare,Club Roeselare,0,
https://www.rbfa.be/nl/wedstrijd/7520943,K.R.C. Waregem A,Club Roeselare,Substitute Out,Simon Vandenabeele,K.R.C. Waregem A,60,1,2,0,Club Roeselare,Club Roeselare,0,
https://www.rbfa.be/nl/wedstrijd/7520943,K.R.C. Waregem A,Club Roeselare,Substitute In,Gilles Decuyper,Club Roeselare,63,0,2,0,K.R.C. Waregem A,K.R.C. Waregem A,0,
https://www.rbfa.be/nl/wedstrijd/7520943,K.R.C. Waregem A,Club Roeselare,Substitute Out,Simon Demeulenaere,Club Roeselare,63,0,2,0,K.R.C. Waregem A,K.R.C. Waregem A,0,
https://www.rbfa.be/nl/wedstrijd/7520943,K.R.C. Waregem A,Club Roeselare,Substitute In,Matteo Dujardin,K.R.C. Waregem A,67,1,2,0,Club Roeselare,Club Roeselare,0,
https://www.rbfa.be/nl/wedstrijd/7520943,K.R.C. Waregem A,Club Roeselare,Substitute Out,Emiel Delmulle,K.R.C. Waregem A,67,1,2,0,Club Roeselare,Club Roeselare,0,
https://www.rbfa.be/nl/wedstrijd/7520943,K.R.C. Waregem A,Club Roeselare,Yellow Card,Gilles Decuyper,Club Roeselare,70,0,2,0,K.R.C. Waregem A,K.R.C. Waregem A,0,
https://www.rbfa.be/nl/wedstrijd/7520943,K.R.C. Waregem A,Club Roeselare,Yellow Card,Siebe Depraetere,K.R.C. Waregem A,74,1,2,0,Club Roeselare,Club Roeselare,0,
https://www.rbfa.be/nl/wedstrijd/7520943,K.R.C. Waregem A,Club Roeselare,Yellow Card,Michiel Verlinde,Club Roeselare,77,0,2,0,K.R.C. Waregem A,K.R.C. Waregem A,0,
https://www.rbfa.be/nl/wedstrijd/7520943,K.R.C. Waregem A,Club Roeselare,Substitute In,Leko Albert Verbauwhede,K.R.C. Waregem A,78,1,2,0,Club Roeselare,Club Roeselare,0,
https://www.rbfa.be/nl/wedstrijd/7520943,K.R.C. Waregem A,Club Roeselare,Substitute Out,Jarne Vanderpoorten,K.R.C. Waregem A,78,1,2,0,Club Roeselare,Club Roeselare,0,
https://www.rbfa.be/nl/wedstrijd/7520943,K.R.C. Waregem A,Club Roeselare,Substitute In,Robbie Bolombo,Club Roeselare,78,0,2,0,K.R.C. Waregem A,K.R.C. Waregem A,0,
https://www.rbfa.be/nl/wedstrijd/7520943,K.R.C. Waregem A,Club Roeselare,Substitute In,Mohamedamin El Issati,Club Roeselare,78,0,2,0,K.R.C. Waregem A,K.R.C. Waregem A,0,
https://www.rbfa.be/nl/wedstrijd/7520943,K.R.C. Waregem A,Club Roeselare,Substitute Out,Arne Hélin,Club Roeselare,78,0,2,0,K.R.C. Waregem A,K.R.C. Waregem A,0,
https://www.rbfa.be/nl/wedstrijd/7520943,K.R.C. Waregem A,Club Roeselare,Substitute Out,Cedric Makekula Mitu Muendele,Club Roeselare,78,0,2,0,K.R.C. Waregem A,K.R.C. Waregem A,0,
https://www.rbfa.be/nl/wedstrijd/7520946,K. Sassp. Boezinge A,K. RC Bissegem,Substitute In,Fabian Rassalle,K. Sassp. Boezinge A,40,1,0,0,K. RC Bissegem,K. RC Bissegem,0,
https://www.rbfa.be/nl/wedstrijd/7520946,K. Sassp. Boezinge A,K. RC Bissegem,Substitute Out,Ward Maerten,K. Sassp. Boezinge A,40,1,0,0,K. RC Bissegem,K. RC Bissegem,0,
https://www.rbfa.be/nl/wedstrijd/7520946,K. Sassp. Boezinge A,K. RC Bissegem,Substitute In,Remko Vandamme,K. Sassp. Boezinge A,46,1,0,0,K. RC Bissegem,K. RC Bissegem,0,
https://www.rbfa.be/nl/wedstrijd/7520946,K. Sassp. Boezinge A,K. RC Bissegem,Substitute Out,Jarne Jodts,K. Sassp. Boezinge A,46,1,0,0,K. RC Bissegem,K. RC Bissegem,0,
https://www.rbfa.be/nl/wedstrijd/7520946,K. Sassp. Boezinge A,K. RC Bissegem,Yellow Card,Owen Casier,K. Sassp. Boezinge A,71,1,0,0,K. RC Bissegem,K. RC Bissegem,0,
https://www.rbfa.be/nl/wedstrijd/7520946,K. Sassp. Boezinge A,K. RC Bissegem,Yellow Card,Ibe Duflou,K. Sassp. Boezinge A,72,1,0,0,K. RC Bissegem,K. RC Bissegem,0,
https://www.rbfa.be/nl/wedstrijd/7520946,K. Sassp. Boezinge A,K. RC Bissegem,Substitute In,Robin Douven,K. RC Bissegem,74,0,0,0,K. Sassp. Boezinge A,K. Sassp. Boezinge A,0,
https://www.rbfa.be/nl/wedstrijd/7520946,K. Sassp. Boezinge A,K. RC Bissegem,Substitute Out,Ismaïl El Ouassif,K. RC Bissegem,74,0,0,0,K. Sassp. Boezinge A,K. Sassp. Boezinge A,0,
https://www.rbfa.be/nl/wedstrijd/7520946,K. Sassp. Boezinge A,K. RC Bissegem,Own Goal,Valentin Mahieu,K. RC Bissegem,75,0,0,1,K. Sassp. Boezinge A,K. Sassp. Boezinge A,1,1.0
https://www.rbfa.be/nl/wedstrijd/7520946,K. Sassp. Boezinge A,K. RC Bissegem,Substitute In,Robbe Dumont,K. Sassp. Boezinge A,78,1,0,1,K. RC Bissegem,K. RC Bissegem,0,
https://www.rbfa.be/nl/wedstrijd/7520946,K. Sassp. Boezinge A,K. RC Bissegem,Substitute Out,Ibe Duflou,K. Sassp. Boezinge A,78,1,0,1,K. RC Bissegem,K. RC Bissegem,0,
https://www.rbfa.be/nl/wedstrijd/7520946,K. Sassp. Boezinge A,K. RC Bissegem,Substitute In,Colin Sohier,K. Sassp. Boezinge A,80,1,0,1,K. RC Bissegem,K. RC Bissegem,0,
https://www.rbfa.be/nl/wedstrijd/7520946,K. Sassp. Boezinge A,K. RC Bissegem,Substitute Out,Owen Casier,K. Sassp. Boezinge A,80,1,0,1,K. RC Bissegem,K. RC Bissegem,0,
https://www.rbfa.be/nl/wedstrijd/7520946,K. Sassp. Boezinge A,K. RC Bissegem,Substitute In,Ennio Franklin Tack,K. RC Bissegem,84,0,0,1,K. Sassp. Boezinge A,K. Sassp. Boezinge A,0,
https://www.rbfa.be/nl/wedstrijd/7520946,K. Sassp. Boezinge A,K. RC Bissegem,Substitute Out,Lennert Lingier,K. RC Bissegem,84,0,0,1,K. Sassp. Boezinge A,K. Sassp. Boezinge A,0,
https://www.rbfa.be/nl/wedstrijd/7520946,K. Sassp. Boezinge A,K. RC Bissegem,Substitute In,Noah Vanhouwaert,K. RC Bissegem,89,0,0,1,K. Sassp. Boezinge A,K. Sassp. Boezinge A,0,
https://www.rbfa.be/nl/wedstrijd/7520946,K. Sassp. Boezinge A,K. RC Bissegem,Substitute Out,Harm Vansteenkiste,K. RC Bissegem,89,0,0,1,K. Sassp. Boezinge A,K. Sassp. Boezinge A,0,
https://www.rbfa.be/nl/wedstrijd/7520946,K. Sassp. Boezinge A,K. RC Bissegem,Yellow Card,Guy Deltombe,K. Sassp. Boezinge A,90,1,0,1,K. RC Bissegem,K. RC Bissegem,0,
https://www.rbfa.be/nl/wedstrijd/7520946,K. Sassp. Boezinge A,K. RC Bissegem,Yellow Card,Mouhamed Sarr,K. Sassp. Boezinge A,90,1,0,1,K. RC Bissegem,K. RC Bissegem,0,
https://www.rbfa.be/nl/wedstrijd/7520946,K. Sassp. Boezinge A,K. RC Bissegem,Yellow Card,Remko Vandamme,K. Sassp. Boezinge A,90,1,0,1,K. RC Bissegem,K. RC Bissegem,0,
https://www.rbfa.be/nl/wedstrijd/7520946,K. Sassp. Boezinge A,K. RC Bissegem,Yellow-Red Card,Mouhamed Sarr,K. Sassp. Boezinge A,90,1,0,1,K. RC Bissegem,K. RC Bissegem,0,
https://www.rbfa.be/nl/wedstrijd/7520947,K. Eendr. Wervik A,K.R.C. Waregem A,Substitute In,Matteo Dujardin,K.R.C. Waregem A,35,0,0,0,K. Eendr. Wervik A,K. Eendr. Wervik A,0,
https://www.rbfa.be/nl/wedstrijd/7520947,K. Eendr. Wervik A,K.R.C. Waregem A,Substitute Out,Simon Vandenabeele,K.R.C. Waregem A,35,0,0,0,K. Eendr. Wervik A,K. Eendr. Wervik A,0,
https://www.rbfa.be/nl/wedstrijd/7520947,K. Eendr. Wervik A,K.R.C. Waregem A,Goal,Jörg Roger Dutoit,K.R.C. Waregem A,44,0,0,1,K. Eendr. Wervik A,K. Eendr. Wervik A,1,1.0
https://www.rbfa.be/nl/wedstrijd/7520947,K. Eendr. Wervik A,K.R.C. Waregem A,Substitute In,Kamal Diaz Jlal,K. Eendr. Wervik A,60,1,0,1,K.R.C. Waregem A,K.R.C. Waregem A,0,
https://www.rbfa.be/nl/wedstrijd/7520947,K. Eendr. Wervik A,K.R.C. Waregem A,Substitute Out,Yanis Gaci,K. Eendr. Wervik A,60,1,0,1,K.R.C. Waregem A,K.R.C. Waregem A,0,
https://www.rbfa.be/nl/wedstrijd/7520947,K. Eendr. Wervik A,K.R.C. Waregem A,Substitute In,Mathis Lievens,K.R.C. Waregem A,61,0,0,1,K. Eendr. Wervik A,K. Eendr. Wervik A,0,
https://www.rbfa.be/nl/wedstrijd/7520947,K. Eendr. Wervik A,K.R.C. Waregem A,Substitute In,Thibeau Waeye,K.R.C. Waregem A,61,0,0,1,K. Eendr. Wervik A,K. Eendr. Wervik A,0,
https://www.rbfa.be/nl/wedstrijd/7520947,K. Eendr. Wervik A,K.R.C. Waregem A,Substitute Out,Robbe Debue,K.R.C. Waregem A,61,0,0,1,K. Eendr. Wervik A,K. Eendr. Wervik A,0,
https://www.rbfa.be/nl/wedstrijd/7520947,K. Eendr. Wervik A,K.R.C. Waregem A,Substitute Out,Emiel Delmulle,K.R.C. Waregem A,61,0,0,1,K. Eendr. Wervik A,K. Eendr. Wervik A,0,
https://www.rbfa.be/nl/wedstrijd/7520947,K. Eendr. Wervik A,K.R.C. Waregem A,Substitute In,Adil Haci,K. Eendr. Wervik A,72,1,0,1,K.R.C. Waregem A,K.R.C. Waregem A,0,
https://www.rbfa.be/nl/wedstrijd/7520947,K. Eendr. Wervik A,K.R.C. Waregem A,Substitute In,Jonathan Harrang,K. Eendr. Wervik A,72,1,0,1,K.R.C. Waregem A,K.R.C. Waregem A,0,
https://www.rbfa.be/nl/wedstrijd/7520947,K. Eendr. Wervik A,K.R.C. Waregem A,Substitute Out,Youssef Bouyfoulkitne,K. Eendr. Wervik A,72,1,0,1,K.R.C. Waregem A,K.R.C. Waregem A,0,
https://www.rbfa.be/nl/wedstrijd/7520947,K. Eendr. Wervik A,K.R.C. Waregem A,Substitute Out,Abdoul Salam Sow,K. Eendr. Wervik A,72,1,0,1,K.R.C. Waregem A,K.R.C. Waregem A,0,
https://www.rbfa.be/nl/wedstrijd/7520947,K. Eendr. Wervik A,K.R.C. Waregem A,Substitute In,Kengi Callens,K.R.C. Waregem A,79,0,0,1,K. Eendr. Wervik A,K. Eendr. Wervik A,0,
https://www.rbfa.be/nl/wedstrijd/7520947,K. Eendr. Wervik A,K.R.C. Waregem A,Substitute Out,Tjardo Vanderghinste,K.R.C. Waregem A,79,0,0,1,K. Eendr. Wervik A,K. Eendr. Wervik A,0,
https://www.rbfa.be/nl/wedstrijd/7520947,K. Eendr. Wervik A,K.R.C. Waregem A,Yellow Card,Jörg Roger Dutoit,K.R.C. Waregem A,87,0,0,1,K. Eendr. Wervik A,K. Eendr. Wervik A,0,
https://www.rbfa.be/nl/wedstrijd/7520947,K. Eendr. Wervik A,K.R.C. Waregem A,Yellow Card,Olivann Bossom,K. Eendr. Wervik A,88,1,0,1,K.R.C. Waregem A,K.R.C. Waregem A,0,
https://www.rbfa.be/nl/wedstrijd/7520947,K. Eendr. Wervik A,K.R.C. Waregem A,Yellow Card,Kengi Callens,K.R.C. Waregem A,89,0,0,1,K. Eendr. Wervik A,K. Eendr. Wervik A,0,
https://www.rbfa.be/nl/wedstrijd/7520948,FC Sp. Heestert A,K. FC Marke A,Goal,Thomas Menghis,K. FC Marke A,10,0,0,1,FC Sp. Heestert A,FC Sp. Heestert A,1,1.0
https://www.rbfa.be/nl/wedstrijd/7520948,FC Sp. Heestert A,K. FC Marke A,Yellow Card,Jeremy Guido Brogniez,FC Sp. Heestert A,11,1,0,1,K. FC Marke A,K. FC Marke A,0,
https://www.rbfa.be/nl/wedstrijd/7520948,FC Sp. Heestert A,K. FC Marke A,Goal,Thibault Trioen,K. FC Marke A,22,0,0,2,FC Sp. Heestert A,FC Sp. Heestert A,1,2.0
https://www.rbfa.be/nl/wedstrijd/7520948,FC Sp. Heestert A,K. FC Marke A,Goal,Jarne Wullaert,K. FC Marke A,29,0,0,3,FC Sp. Heestert A,FC Sp. Heestert A,1,3.0
https://www.rbfa.be/nl/wedstrijd/7520948,FC Sp. Heestert A,K. FC Marke A,Yellow Card,Dylan David Bourquin,FC Sp. Heestert A,48,1,0,3,K. FC Marke A,K. FC Marke A,0,
https://www.rbfa.be/nl/wedstrijd/7520948,FC Sp. Heestert A,K. FC Marke A,Goal,Thibault Trioen,K. FC Marke A,67,0,0,4,FC Sp. Heestert A,FC Sp. Heestert A,1,4.0
https://www.rbfa.be/nl/wedstrijd/7520948,FC Sp. Heestert A,K. FC Marke A,Substitute In,Yanis Khefif,FC Sp. Heestert A,68,1,0,4,K. FC Marke A,K. FC Marke A,0,
https://www.rbfa.be/nl/wedstrijd/7520948,FC Sp. Heestert A,K. FC Marke A,Substitute In,Lenny Rassalle,FC Sp. Heestert A,68,1,0,4,K. FC Marke A,K. FC Marke A,0,
https://www.rbfa.be/nl/wedstrijd/7520948,FC Sp. Heestert A,K. FC Marke A,Substitute Out,Aristote Madiani,FC Sp. Heestert A,68,1,0,4,K. FC Marke A,K. FC Marke A,0,
https://www.rbfa.be/nl/wedstrijd/7520948,FC Sp. Heestert A,K. FC Marke A,Substitute Out,Imad Zmimer,FC Sp. Heestert A,68,1,0,4,K. FC Marke A,K. FC Marke A,0,
https://www.rbfa.be/nl/wedstrijd/7520948,FC Sp. Heestert A,K. FC Marke A,Substitute In,Hannes Tieberghien,K. FC Marke A,68,0,0,4,FC Sp. Heestert A,FC Sp. Heestert A,0,
https://www.rbfa.be/nl/wedstrijd/7520948,FC Sp. Heestert A,K. FC Marke A,Substitute Out,Bob Desmet,K. FC Marke A,68,0,0,4,FC Sp. Heestert A,FC Sp. Heestert A,0,
https://www.rbfa.be/nl/wedstrijd/7520948,FC Sp. Heestert A,K. FC Marke A,Yellow Card,Lander Denduyver,K. FC Marke A,70,0,0,4,FC Sp. Heestert A,FC Sp. Heestert A,0,
https://www.rbfa.be/nl/wedstrijd/7520948,FC Sp. Heestert A,K. FC Marke A,Substitute In,Jannis Bourgeois,K. FC Marke A,77,0,0,4,FC Sp. Heestert A,FC Sp. Heestert A,0,
https://www.rbfa.be/nl/wedstrijd/7520948,FC Sp. Heestert A,K. FC Marke A,Substitute In,Amaury Demuynck,K. FC Marke A,77,0,0,4,FC Sp. Heestert A,FC Sp. Heestert A,0,
https://www.rbfa.be/nl/wedstrijd/7520948,FC Sp. Heestert A,K. FC Marke A,Substitute Out,Lander Denduyver,K. FC Marke A,77,0,0,4,FC Sp. Heestert A,FC Sp. Heestert A,0,
https://www.rbfa.be/nl/wedstrijd/7520948,FC Sp. Heestert A,K. FC Marke A,Substitute Out,Emile Vanluchene,K. FC Marke A,77,0,0,4,FC Sp. Heestert A,FC Sp. Heestert A,0,
https://www.rbfa.be/nl/wedstrijd/7520948,FC Sp. Heestert A,K. FC Marke A,Substitute In,Dries Loosveldt,FC Sp. Heestert A,80,1,0,4,K. FC Marke A,K. FC Marke A,0,
https://www.rbfa.be/nl/wedstrijd/7520948,FC Sp. Heestert A,K. FC Marke A,Substitute Out,Jeremy Guido Brogniez,FC Sp. Heestert A,80,1,0,4,K. FC Marke A,K. FC Marke A,0,
https://www.rbfa.be/nl/wedstrijd/7520948,FC Sp. Heestert A,K. FC Marke A,Yellow Card,Dries Loosveldt,FC Sp. Heestert A,85,1,0,4,K. FC Marke A,K. FC Marke A,0,
https://www.rbfa.be/nl/wedstrijd/7520948,FC Sp. Heestert A,K. FC Marke A,Substitute In,Noé Dirk Rogard,K. FC Marke A,86,0,0,4,FC Sp. Heestert A,FC Sp. Heestert A,0,
https://www.rbfa.be/nl/wedstrijd/7520948,FC Sp. Heestert A,K. FC Marke A,Substitute In,Michiel Tieberghien,K. FC Marke A,86,0,0,4,FC Sp. Heestert A,FC Sp. Heestert A,0,
https://www.rbfa.be/nl/wedstrijd/7520948,FC Sp. Heestert A,K. FC Marke A,Substitute Out,Anthony Degrendel,K. FC Marke A,86,0,0,4,FC Sp. Heestert A,FC Sp. Heestert A,0,
https://www.rbfa.be/nl/wedstrijd/7520948,FC Sp. Heestert A,K. FC Marke A,Substitute Out,Arne Naessens,K. FC Marke A,86,0,0,4,FC Sp. Heestert A,FC Sp. Heestert A,0,
https://www.rbfa.be/nl/wedstrijd/7520949,K. SV Veurne A,K. SK Beveren-Leie A,Red Card,Alessandro Dujardin,K. SK Beveren-Leie A,7,0,0,0,K. SV Veurne A,K. SV Veurne A,0,
https://www.rbfa.be/nl/wedstrijd/7520949,K. SV Veurne A,K. SK Beveren-Leie A,Penalty,Luca Baekelandt,K. SV Veurne A,8,1,1,0,K. SK Beveren-Leie A,K. SK Beveren-Leie A,1,1.0
https://www.rbfa.be/nl/wedstrijd/7520949,K. SV Veurne A,K. SK Beveren-Leie A,Goal,Kevin Chateau,K. SV Veurne A,23,1,2,0,K. SK Beveren-Leie A,K. SK Beveren-Leie A,1,2.0
https://www.rbfa.be/nl/wedstrijd/7520949,K. SV Veurne A,K. SK Beveren-Leie A,Goal,Jordy Bardyn,K. SV Veurne A,29,1,3,0,K. SK Beveren-Leie A,K. SK Beveren-Leie A,1,3.0
https://www.rbfa.be/nl/wedstrijd/7520949,K. SV Veurne A,K. SK Beveren-Leie A,Goal,Dayne Clarebout,K. SV Veurne A,42,1,4,0,K. SK Beveren-Leie A,K. SK Beveren-Leie A,1,4.0
https://www.rbfa.be/nl/wedstrijd/7520949,K. SV Veurne A,K. SK Beveren-Leie A,Goal,Dante Blanckaert,K. SV Veurne A,53,1,5,0,K. SK Beveren-Leie A,K. SK Beveren-Leie A,1,5.0
https://www.rbfa.be/nl/wedstrijd/7520949,K. SV Veurne A,K. SK Beveren-Leie A,Substitute In,Lex Vaneeckhoutte,K. SK Beveren-Leie A,53,0,5,0,K. SV Veurne A,K. SV Veurne A,0,
https://www.rbfa.be/nl/wedstrijd/7520949,K. SV Veurne A,K. SK Beveren-Leie A,Substitute Out,Benoit Degruyter,K. SK Beveren-Leie A,53,0,5,0,K. SV Veurne A,K. SV Veurne A,0,
https://www.rbfa.be/nl/wedstrijd/7520949,K. SV Veurne A,K. SK Beveren-Leie A,Goal,Kevin Chateau,K. SV Veurne A,56,1,6,0,K. SK Beveren-Leie A,K. SK Beveren-Leie A,1,6.0
https://www.rbfa.be/nl/wedstrijd/7520949,K. SV Veurne A,K. SK Beveren-Leie A,Substitute In,Mathis De Vreeze,K. SK Beveren-Leie A,56,0,6,0,K. SV Veurne A,K. SV Veurne A,0,
https://www.rbfa.be/nl/wedstrijd/7520949,K. SV Veurne A,K. SK Beveren-Leie A,Substitute Out,Baptiste Vandoorne,K. SK Beveren-Leie A,56,0,6,0,K. SV Veurne A,K. SV Veurne A,0,
https://www.rbfa.be/nl/wedstrijd/7520949,K. SV Veurne A,K. SK Beveren-Leie A,Substitute In,Cis Goesaert,K. SV Veurne A,59,1,6,0,K. SK Beveren-Leie A,K. SK Beveren-Leie A,0,
https://www.rbfa.be/nl/wedstrijd/7520949,K. SV Veurne A,K. SK Beveren-Leie A,Substitute In,Joppe Rathé,K. SV Veurne A,59,1,6,0,K. SK Beveren-Leie A,K. SK Beveren-Leie A,0,
https://www.rbfa.be/nl/wedstrijd/7520949,K. SV Veurne A,K. SK Beveren-Leie A,Substitute Out,Jordy Bardyn,K. SV Veurne A,59,1,6,0,K. SK Beveren-Leie A,K. SK Beveren-Leie A,0,
https://www.rbfa.be/nl/wedstrijd/7520949,K. SV Veurne A,K. SK Beveren-Leie A,Substitute Out,Gianni Jooris,K. SV Veurne A,59,1,6,0,K. SK Beveren-Leie A,K. SK Beveren-Leie A,0,
https://www.rbfa.be/nl/wedstrijd/7520949,K. SV Veurne A,K. SK Beveren-Leie A,Substitute In,Thijs Hatse,K. SV Veurne A,65,1,6,0,K. SK Beveren-Leie A,K. SK Beveren-Leie A,0,
https://www.rbfa.be/nl/wedstrijd/7520949,K. SV Veurne A,K. SK Beveren-Leie A,Substitute In,Axel Leeman,K. SV Veurne A,65,1,6,0,K. SK Beveren-Leie A,K. SK Beveren-Leie A,0,
https://www.rbfa.be/nl/wedstrijd/7520949,K. SV Veurne A,K. SK Beveren-Leie A,Substitute Out,Kevin Chateau,K. SV Veurne A,65,1,6,0,K. SK Beveren-Leie A,K. SK Beveren-Leie A,0,
https://www.rbfa.be/nl/wedstrijd/7520949,K. SV Veurne A,K. SK Beveren-Leie A,Substitute Out,Anouk Vanysacker,K. SV Veurne A,65,1,6,0,K. SK Beveren-Leie A,K. SK Beveren-Leie A,0,
https://www.rbfa.be/nl/wedstrijd/7520949,K. SV Veurne A,K. SK Beveren-Leie A,Goal,Thijs Hatse,K. SV Veurne A,76,1,7,0,K. SK Beveren-Leie A,K. SK Beveren-Leie A,1,7.0
https://www.rbfa.be/nl/wedstrijd/7520949,K. SV Veurne A,K. SK Beveren-Leie A,Substitute In,Bilal El Ouassif,K. SK Beveren-Leie A,82,0,7,0,K. SV Veurne A,K. SV Veurne A,0,
https://www.rbfa.be/nl/wedstrijd/7520949,K. SV Veurne A,K. SK Beveren-Leie A,Substitute Out,Cyriel Vandenabeele,K. SK Beveren-Leie A,82,0,7,0,K. SV Veurne A,K. SV Veurne A,0,
https://www.rbfa.be/nl/wedstrijd/7520950,S.V. Wevelgem City A,SV Ingelmunster A,Goal,Vedran Verheule,SV Ingelmunster A,37,0,0,1,S.V. Wevelgem City A,S.V. Wevelgem City A,1,1.0
https://www.rbfa.be/nl/wedstrijd/7520950,S.V. Wevelgem City A,SV Ingelmunster A,Yellow Card,Simon Vanmarcke,SV Ingelmunster A,48,0,0,1,S.V. Wevelgem City A,S.V. Wevelgem City A,0,
https://www.rbfa.be/nl/wedstrijd/7520950,S.V. Wevelgem City A,SV Ingelmunster A,Substitute In,Said Hafidh Khatib,S.V. Wevelgem City A,58,1,0,1,SV Ingelmunster A,SV Ingelmunster A,0,
https://www.rbfa.be/nl/wedstrijd/7520950,S.V. Wevelgem City A,SV Ingelmunster A,Substitute In,Tibo Margo,S.V. Wevelgem City A,58,1,0,1,SV Ingelmunster A,SV Ingelmunster A,0,
https://www.rbfa.be/nl/wedstrijd/7520950,S.V. Wevelgem City A,SV Ingelmunster A,Substitute Out,Robbe Dekiere,S.V. Wevelgem City A,58,1,0,1,SV Ingelmunster A,SV Ingelmunster A,0,
https://www.rbfa.be/nl/wedstrijd/7520950,S.V. Wevelgem City A,SV Ingelmunster A,Substitute Out,Gilles Hamers,S.V. Wevelgem City A,58,1,0,1,SV Ingelmunster A,SV Ingelmunster A,0,
https://www.rbfa.be/nl/wedstrijd/7520950,S.V. Wevelgem City A,SV Ingelmunster A,Substitute In,Xander Vankeirsbilck,SV Ingelmunster A,58,0,0,1,S.V. Wevelgem City A,S.V. Wevelgem City A,0,
https://www.rbfa.be/nl/wedstrijd/7520950,S.V. Wevelgem City A,SV Ingelmunster A,Substitute Out,Dylan Seys,SV Ingelmunster A,58,0,0,1,S.V. Wevelgem City A,S.V. Wevelgem City A,0,
https://www.rbfa.be/nl/wedstrijd/7520950,S.V. Wevelgem City A,SV Ingelmunster A,Yellow Card,Jordy Beirlaen,S.V. Wevelgem City A,64,1,0,1,SV Ingelmunster A,SV Ingelmunster A,0,
https://www.rbfa.be/nl/wedstrijd/7520950,S.V. Wevelgem City A,SV Ingelmunster A,Yellow Card,Jorgen Rogiers,S.V. Wevelgem City A,86,1,0,1,SV Ingelmunster A,SV Ingelmunster A,0,
https://www.rbfa.be/nl/wedstrijd/7520950,S.V. Wevelgem City A,SV Ingelmunster A,Substitute In,Tibo Vandendriessche,SV Ingelmunster A,87,0,0,1,S.V. Wevelgem City A,S.V. Wevelgem City A,0,
https://www.rbfa.be/nl/wedstrijd/7520950,S.V. Wevelgem City A,SV Ingelmunster A,Substitute Out,Alexandre Vandemaele,SV Ingelmunster A,87,0,0,1,S.V. Wevelgem City A,S.V. Wevelgem City A,0,
https://www.rbfa.be/nl/wedstrijd/7520951,K. FC Varsenare A,K.S.C. Wielsbeke,Yellow Card,Olivier Delcampe,K. FC Varsenare A,35,1,0,0,K.S.C. Wielsbeke,K.S.C. Wielsbeke,0,
https://www.rbfa.be/nl/wedstrijd/7520951,K. FC Varsenare A,K.S.C. Wielsbeke,Substitute In,Arne Beeuwsaert,K.S.C. Wielsbeke,42,0,0,0,K. FC Varsenare A,K. FC Varsenare A,0,
https://www.rbfa.be/nl/wedstrijd/7520951,K. FC Varsenare A,K.S.C. Wielsbeke,Substitute Out,Charles Noppe,K.S.C. Wielsbeke,42,0,0,0,K. FC Varsenare A,K. FC Varsenare A,0,
https://www.rbfa.be/nl/wedstrijd/7520951,K. FC Varsenare A,K.S.C. Wielsbeke,Own Goal,Sebastien Cattoor,K.S.C. Wielsbeke,69,0,0,1,K. FC Varsenare A,K. FC Varsenare A,1,1.0
https://www.rbfa.be/nl/wedstrijd/7520951,K. FC Varsenare A,K.S.C. Wielsbeke,Substitute In,Kiron Beernaert,K. FC Varsenare A,75,1,0,1,K.S.C. Wielsbeke,K.S.C. Wielsbeke,0,
https://www.rbfa.be/nl/wedstrijd/7520951,K. FC Varsenare A,K.S.C. Wielsbeke,Substitute In,Brent Ooghe,K. FC Varsenare A,75,1,0,1,K.S.C. Wielsbeke,K.S.C. Wielsbeke,0,
https://www.rbfa.be/nl/wedstrijd/7520951,K. FC Varsenare A,K.S.C. Wielsbeke,Substitute In,Eleazar Osei-Berkoe,K. FC Varsenare A,75,1,0,1,K.S.C. Wielsbeke,K.S.C. Wielsbeke,0,
https://www.rbfa.be/nl/wedstrijd/7520951,K. FC Varsenare A,K.S.C. Wielsbeke,Substitute Out,Bavo Butaye,K. FC Varsenare A,75,1,0,1,K.S.C. Wielsbeke,K.S.C. Wielsbeke,0,
https://www.rbfa.be/nl/wedstrijd/7520951,K. FC Varsenare A,K.S.C. Wielsbeke,Substitute Out,Matteo Compernolle,K. FC Varsenare A,75,1,0,1,K.S.C. Wielsbeke,K.S.C. Wielsbeke,0,
https://www.rbfa.be/nl/wedstrijd/7520951,K. FC Varsenare A,K.S.C. Wielsbeke,Substitute Out,Milan Van De Maele,K. FC Varsenare A,75,1,0,1,K.S.C. Wielsbeke,K.S.C. Wielsbeke,0,
https://www.rbfa.be/nl/wedstrijd/7520951,K. FC Varsenare A,K.S.C. Wielsbeke,Substitute In,Thomas Coopman,K.S.C. Wielsbeke,75,0,0,1,K. FC Varsenare A,K. FC Varsenare A,0,
https://www.rbfa.be/nl/wedstrijd/7520951,K. FC Varsenare A,K.S.C. Wielsbeke,Substitute Out,Rune Jacques Vandenborre,K.S.C. Wielsbeke,75,0,0,1,K. FC Varsenare A,K. FC Varsenare A,0,
https://www.rbfa.be/nl/wedstrijd/7520951,K. FC Varsenare A,K.S.C. Wielsbeke,Substitute In,Jules Colpaert,K. FC Varsenare A,85,1,0,1,K.S.C. Wielsbeke,K.S.C. Wielsbeke,0,
https://www.rbfa.be/nl/wedstrijd/7520951,K. FC Varsenare A,K.S.C. Wielsbeke,Substitute Out,Ilko Kesteleyn,K. FC Varsenare A,85,1,0,1,K.S.C. Wielsbeke,K.S.C. Wielsbeke,0,
https://www.rbfa.be/nl/wedstrijd/7520951,K. FC Varsenare A,K.S.C. Wielsbeke,Substitute In,Gilles Van Maeldergem,K.S.C. Wielsbeke,85,0,0,1,K. FC Varsenare A,K. FC Varsenare A,0,
https://www.rbfa.be/nl/wedstrijd/7520951,K. FC Varsenare A,K.S.C. Wielsbeke,Substitute Out,Seppe Jeroen Lecour,K.S.C. Wielsbeke,85,0,0,1,K. FC Varsenare A,K. FC Varsenare A,0,
https://www.rbfa.be/nl/wedstrijd/7520951,K. FC Varsenare A,K.S.C. Wielsbeke,Goal,Kiron Beernaert,K. FC Varsenare A,89,1,1,1,K.S.C. Wielsbeke,K.S.C. Wielsbeke,1,0.0
https://www.rbfa.be/nl/wedstrijd/7520951,K. FC Varsenare A,K.S.C. Wielsbeke,Yellow Card,Jules Colpaert,K. FC Varsenare A,90,1,1,1,K.S.C. Wielsbeke,K.S.C. Wielsbeke,0,
https://www.rbfa.be/nl/wedstrijd/7520952,K. VC Ardooie A,K. FC Heist A,Substitute In,Glenn Maddens,K. VC Ardooie A,4,1,0,0,K. FC Heist A,K. FC Heist A,0,
https://www.rbfa.be/nl/wedstrijd/7520952,K. VC Ardooie A,K. FC Heist A,Substitute Out,Giovanni Franco Simoês,K. VC Ardooie A,4,1,0,0,K. FC Heist A,K. FC Heist A,0,
https://www.rbfa.be/nl/wedstrijd/7520952,K. VC Ardooie A,K. FC Heist A,Goal,Milan Rudy Deprest,K. VC Ardooie A,40,1,1,0,K. FC Heist A,K. FC Heist A,1,1.0
https://www.rbfa.be/nl/wedstrijd/7520952,K. VC Ardooie A,K. FC Heist A,Substitute In,Guillaume Tournicourt,K. VC Ardooie A,45,1,1,0,K. FC Heist A,K. FC Heist A,0,
https://www.rbfa.be/nl/wedstrijd/7520952,K. VC Ardooie A,K. FC Heist A,Substitute Out,Brian Depondt,K. VC Ardooie A,45,1,1,0,K. FC Heist A,K. FC Heist A,0,
https://www.rbfa.be/nl/wedstrijd/7520952,K. VC Ardooie A,K. FC Heist A,Goal,Achille Callens,K. VC Ardooie A,49,1,2,0,K. FC Heist A,K. FC Heist A,1,2.0
https://www.rbfa.be/nl/wedstrijd/7520952,K. VC Ardooie A,K. FC Heist A,Goal,Lennert Van De Putte,K. VC Ardooie A,54,1,3,0,K. FC Heist A,K. FC Heist A,1,3.0
https://www.rbfa.be/nl/wedstrijd/7520952,K. VC Ardooie A,K. FC Heist A,Substitute In,Bruno Delhaye,K. FC Heist A,61,0,3,0,K. VC Ardooie A,K. VC Ardooie A,0,
https://www.rbfa.be/nl/wedstrijd/7520952,K. VC Ardooie A,K. FC Heist A,Substitute In,Kjell Delos,K. FC Heist A,61,0,3,0,K. VC Ardooie A,K. VC Ardooie A,0,
https://www.rbfa.be/nl/wedstrijd/7520952,K. VC Ardooie A,K. FC Heist A,Substitute Out,Thibo Gies,K. FC Heist A,61,0,3,0,K. VC Ardooie A,K. VC Ardooie A,0,
https://www.rbfa.be/nl/wedstrijd/7520952,K. VC Ardooie A,K. FC Heist A,Substitute Out,Quirino Raes,K. FC Heist A,61,0,3,0,K. VC Ardooie A,K. VC Ardooie A,0,
https://www.rbfa.be/nl/wedstrijd/7520952,K. VC Ardooie A,K. FC Heist A,Goal,Lenny Frank Buyl,K. FC Heist A,64,0,3,1,K. VC Ardooie A,K. VC Ardooie A,1,-2.0
https://www.rbfa.be/nl/wedstrijd/7520952,K. VC Ardooie A,K. FC Heist A,Substitute In,Tenas Virgili,K. FC Heist A,65,0,3,1,K. VC Ardooie A,K. VC Ardooie A,0,
https://www.rbfa.be/nl/wedstrijd/7520952,K. VC Ardooie A,K. FC Heist A,Substitute Out,Thomas Vuyts,K. FC Heist A,65,0,3,1,K. VC Ardooie A,K. VC Ardooie A,0,
https://www.rbfa.be/nl/wedstrijd/7520952,K. VC Ardooie A,K. FC Heist A,Substitute In,Aiden Lenihan,K. VC Ardooie A,67,1,3,1,K. FC Heist A,K. FC Heist A,0,
https://www.rbfa.be/nl/wedstrijd/7520952,K. VC Ardooie A,K. FC Heist A,Substitute In,Thimo Lerminez,K. VC Ardooie A,67,1,3,1,K. FC Heist A,K. FC Heist A,0,
https://www.rbfa.be/nl/wedstrijd/7520952,K. VC Ardooie A,K. FC Heist A,Substitute Out,Edouard Holvoet,K. VC Ardooie A,67,1,3,1,K. FC Heist A,K. FC Heist A,0,
https://www.rbfa.be/nl/wedstrijd/7520952,K. VC Ardooie A,K. FC Heist A,Substitute Out,Joran Lievrouw,K. VC Ardooie A,67,1,3,1,K. FC Heist A,K. FC Heist A,0,
https://www.rbfa.be/nl/wedstrijd/7520952,K. VC Ardooie A,K. FC Heist A,Goal,Tenas Virgili,K. FC Heist A,70,0,3,2,K. VC Ardooie A,K. VC Ardooie A,1,-1.0
https://www.rbfa.be/nl/wedstrijd/7520952,K. VC Ardooie A,K. FC Heist A,Goal,Tenas Virgili,K. FC Heist A,76,0,3,3,K. VC Ardooie A,K. VC Ardooie A,1,0.0
https://www.rbfa.be/nl/wedstrijd/7520952,K. VC Ardooie A,K. FC Heist A,Substitute In,Diaz Denise Axelsson De Baets,K. FC Heist A,76,0,3,3,K. VC Ardooie A,K. VC Ardooie A,0,
https://www.rbfa.be/nl/wedstrijd/7520952,K. VC Ardooie A,K. FC Heist A,Substitute Out,Brecht Timmerman,K. FC Heist A,76,0,3,3,K. VC Ardooie A,K. VC Ardooie A,0,
https://www.rbfa.be/nl/wedstrijd/7520952,K. VC Ardooie A,K. FC Heist A,Substitute In,Gregory Hermans,K. VC Ardooie A,79,1,3,3,K. FC Heist A,K. FC Heist A,0,
https://www.rbfa.be/nl/wedstrijd/7520952,K. VC Ardooie A,K. FC Heist A,Substitute Out,Noah Dumortier,K. VC Ardooie A,79,1,3,3,K. FC Heist A,K. FC Heist A,0,
https://www.rbfa.be/nl/wedstrijd/7520952,K. VC Ardooie A,K. FC Heist A,Goal,Aiden Lenihan,K. VC Ardooie A,85,1,4,3,K. FC Heist A,K. FC Heist A,1,1.0
https://www.rbfa.be/nl/wedstrijd/7520952,K. VC Ardooie A,K. FC Heist A,Red Card,Kim Fernande,K. FC Heist A,90,0,4,3,K. VC Ardooie A,K. VC Ardooie A,0,
https://www.rbfa.be/nl/wedstrijd/7520952,K. VC Ardooie A,K. FC Heist A,Red Card,Geert Versavel,K. FC Heist A,90,0,4,3,K. VC Ardooie A,K. VC Ardooie A,0,
https://www.rbfa.be/nl/wedstrijd/7520953,Club Roeselare,KFC Aalbeke Sport A,Yellow Card,Bram Helin,Club Roeselare,35,1,0,0,KFC Aalbeke Sport A,KFC Aalbeke Sport A,0,
https://www.rbfa.be/nl/wedstrijd/7520953,Club Roeselare,KFC Aalbeke Sport A,Yellow Card,Kevin Gallo,KFC Aalbeke Sport A,63,0,0,0,Club Roeselare,Club Roeselare,0,
https://www.rbfa.be/nl/wedstrijd/7520953,Club Roeselare,KFC Aalbeke Sport A,Yellow Card,Pieter De Winter,KFC Aalbeke Sport A,64,0,0,0,Club Roeselare,Club Roeselare,0,
https://www.rbfa.be/nl/wedstrijd/7520953,Club Roeselare,KFC Aalbeke Sport A,Substitute In,Jasper Vanneste,KFC Aalbeke Sport A,69,0,0,0,Club Roeselare,Club Roeselare,0,
https://www.rbfa.be/nl/wedstrijd/7520953,Club Roeselare,KFC Aalbeke Sport A,Substitute Out,Amine Ahdach,KFC Aalbeke Sport A,69,0,0,0,Club Roeselare,Club Roeselare,0,
https://www.rbfa.be/nl/wedstrijd/7520953,Club Roeselare,KFC Aalbeke Sport A,Substitute In,Gianni Vandecasteele,Club Roeselare,71,1,0,0,KFC Aalbeke Sport A,KFC Aalbeke Sport A,0,
https://www.rbfa.be/nl/wedstrijd/7520953,Club Roeselare,KFC Aalbeke Sport A,Substitute Out,Gilles Decuyper,Club Roeselare,71,1,0,0,KFC Aalbeke Sport A,KFC Aalbeke Sport A,0,
https://www.rbfa.be/nl/wedstrijd/7520953,Club Roeselare,KFC Aalbeke Sport A,Goal,Bjarne Vanderstraeten,KFC Aalbeke Sport A,75,0,0,1,Club Roeselare,Club Roeselare,1,1.0
https://www.rbfa.be/nl/wedstrijd/7520953,Club Roeselare,KFC Aalbeke Sport A,Substitute In,Mohamedamin El Issati,Club Roeselare,78,1,0,1,KFC Aalbeke Sport A,KFC Aalbeke Sport A,0,
https://www.rbfa.be/nl/wedstrijd/7520953,Club Roeselare,KFC Aalbeke Sport A,Substitute Out,Sam Vanhuyse,Club Roeselare,78,1,0,1,KFC Aalbeke Sport A,KFC Aalbeke Sport A,0,
https://www.rbfa.be/nl/wedstrijd/7520953,Club Roeselare,KFC Aalbeke Sport A,Substitute In,Idriss Jacob,KFC Aalbeke Sport A,78,0,0,1,Club Roeselare,Club Roeselare,0,
https://www.rbfa.be/nl/wedstrijd/7520953,Club Roeselare,KFC Aalbeke Sport A,Substitute In,Thibaut Millecamps,KFC Aalbeke Sport A,78,0,0,1,Club Roeselare,Club Roeselare,0,
https://www.rbfa.be/nl/wedstrijd/7520953,Club Roeselare,KFC Aalbeke Sport A,Substitute Out,Taybi Bensalem,KFC Aalbeke Sport A,78,0,0,1,Club Roeselare,Club Roeselare,0,
https://www.rbfa.be/nl/wedstrijd/7520953,Club Roeselare,KFC Aalbeke Sport A,Substitute Out,Nathan Bunga Mbuta,KFC Aalbeke Sport A,78,0,0,1,Club Roeselare,Club Roeselare,0,
https://www.rbfa.be/nl/wedstrijd/7520953,Club Roeselare,KFC Aalbeke Sport A,Substitute In,Simon Demeulenaere,Club Roeselare,83,1,0,1,KFC Aalbeke Sport A,KFC Aalbeke Sport A,0,
https://www.rbfa.be/nl/wedstrijd/7520953,Club Roeselare,KFC Aalbeke Sport A,Substitute Out,Simon Verlinde,Club Roeselare,83,1,0,1,KFC Aalbeke Sport A,KFC Aalbeke Sport A,0,
https://www.rbfa.be/nl/wedstrijd/7520953,Club Roeselare,KFC Aalbeke Sport A,Substitute In,Lenny Buyssens,KFC Aalbeke Sport A,88,0,0,1,Club Roeselare,Club Roeselare,0,
https://www.rbfa.be/nl/wedstrijd/7520953,Club Roeselare,KFC Aalbeke Sport A,Substitute Out,Kevin Gallo,KFC Aalbeke Sport A,88,0,0,1,Club Roeselare,Club Roeselare,0,
https://www.rbfa.be/nl/wedstrijd/7520953,Club Roeselare,KFC Aalbeke Sport A,Goal,Lauden Hugelier,Club Roeselare,90,1,1,1,KFC Aalbeke Sport A,KFC Aalbeke Sport A,1,0.0
