Match URL,Home Team,Away Team,Player Name,Jersey Number,Team,Is Goalkeeper,Is Captain,Clean Sheet,Match Result,Starting Player,Substituted In,Substitution Minute (In),Substituted Out,Substitution Minute (Out),Minutes Played,Goals Scored,Penalties Scored,Own Goals Scored,Yellow Cards,Red Cards,YellowRed Cards,Card Minute,Result P,GoalDiff,GoalFor,GoalAgainst,Result without P,GoalDiff without P,GoalWoFor,GoalWoAgainst

"https://www.rbfa.be/nl/wedstrijd/7520914","K. SV Veurne A","Club Roeselare","Wout Vandendriessche","54","K. SV Veurne A",true,false,false,"Draw",true,false,,false,,90,0,0,0,0,0,0,,0.5,0,1,1,,,,
"https://www.rbfa.be/nl/wedstrijd/7520914","K. SV Veurne A","Club Roeselare","Gauthier Vandesteene","26","Club Roeselare",true,false,false,"Draw",true,false,,false,,90,0,0,0,0,0,0,,0.5,0,1,1,,,,
"https://www.rbfa.be/nl/wedstrijd/7520914","K. SV Veurne A","Club Roeselare","Pieter Dedrie","3","K. SV Veurne A",false,false,false,"Draw",true,false,,false,,90,0,0,0,0,0,0,,0.5,0,1,1,,,,
"https://www.rbfa.be/nl/wedstrijd/7520914","K. SV Veurne A","Club Roeselare","Arne Hélin","5","Club Roeselare",false,true,false,"Draw",true,false,,false,,90,0,0,0,0,0,0,,0.5,0,1,1,,,,
"https://www.rbfa.be/nl/wedstrijd/7520914","K. SV Veurne A","Club Roeselare","Wietse Deprez","6","K. SV Veurne A",false,false,false,"Draw",true,false,,false,,90,0,0,0,0,0,0,,0.5,0,1,1,,,,
"https://www.rbfa.be/nl/wedstrijd/7520914","K. SV Veurne A","Club Roeselare","Lauden Hugelier","6","Club Roeselare",false,false,false,"Draw",true,false,,false,,90,0,0,0,0,0,0,,0.5,0,1,1,,,,
"https://www.rbfa.be/nl/wedstrijd/7520914","K. SV Veurne A","Club Roeselare","Gianni Jooris","7","K. SV Veurne A",false,false,false,"Draw",true,false,,false,,90,0,0,0,0,0,0,,0.5,0,1,1,,,,
"https://www.rbfa.be/nl/wedstrijd/7520914","K. SV Veurne A","Club Roeselare","Bram Helin","7","Club Roeselare",false,false,false,"Draw",true,false,,false,,90,0,0,0,0,0,0,,0.5,0,1,1,,,,
"https://www.rbfa.be/nl/wedstrijd/7520914","K. SV Veurne A","Club Roeselare","Dayne Clarebout","9","K. SV Veurne A",false,false,false,"Draw",true,false,,false,,90,0,0,0,0,0,0,,0.5,0,1,1,,,,
"https://www.rbfa.be/nl/wedstrijd/7520914","K. SV Veurne A","Club Roeselare","Yoran Deleu","8","Club Roeselare",false,false,false,"Draw",true,false,,false,,90,1,0,0,0,0,0,,0.5,0,1,1,,,,
"https://www.rbfa.be/nl/wedstrijd/7520914","K. SV Veurne A","Club Roeselare","Luca Baekelandt","10","K. SV Veurne A",false,true,false,"Draw",true,false,,false,,90,0,0,0,0,0,0,,0.5,0,1,1,,,,
"https://www.rbfa.be/nl/wedstrijd/7520914","K. SV Veurne A","Club Roeselare","Jobbe Dekimpe","10","Club Roeselare",false,false,false,"Draw",true,false,,false,,90,0,0,0,0,0,0,,0.5,0,1,1,,,,
"https://www.rbfa.be/nl/wedstrijd/7520914","K. SV Veurne A","Club Roeselare","Dante Blanckaert","17","K. SV Veurne A",false,false,false,"Draw",true,false,,true,85,85,0,0,0,0,0,0,,0.5,0,1,1,0.5,0,0,0
"https://www.rbfa.be/nl/wedstrijd/7520914","K. SV Veurne A","Club Roeselare","Sam Vanhuyse","11","Club Roeselare",false,false,false,"Draw",true,false,,true,69,69,0,0,0,1,0,0,,0.5,0,1,1,0.5,0,0,0
"https://www.rbfa.be/nl/wedstrijd/7520914","K. SV Veurne A","Club Roeselare","Bart Winnock","21","K. SV Veurne A",false,false,false,"Draw",true,false,,false,,90,1,0,0,0,0,0,,0.5,0,1,1,,,,
"https://www.rbfa.be/nl/wedstrijd/7520914","K. SV Veurne A","Club Roeselare","Cedric Makekula Mitu Muendele","13","Club Roeselare",false,false,false,"Draw",true,false,,true,87,87,0,0,0,0,0,0,,0.5,0,1,1,0.5,0,0,0
"https://www.rbfa.be/nl/wedstrijd/7520914","K. SV Veurne A","Club Roeselare","Kevin Chateau","22","K. SV Veurne A",false,false,false,"Draw",true,false,,false,,90,0,0,0,0,0,0,,0.5,0,1,1,,,,
"https://www.rbfa.be/nl/wedstrijd/7520914","K. SV Veurne A","Club Roeselare","Simon Verlinde","19","Club Roeselare",false,false,false,"Draw",true,false,,false,,90,0,0,0,0,0,0,,0.5,0,1,1,,,,
"https://www.rbfa.be/nl/wedstrijd/7520914","K. SV Veurne A","Club Roeselare","Kasper De Keyrel","24","K. SV Veurne A",false,false,false,"Draw",true,false,,false,,90,0,0,0,0,0,0,,0.5,0,1,1,,,,
"https://www.rbfa.be/nl/wedstrijd/7520914","K. SV Veurne A","Club Roeselare","Gianni Vandecasteele","20","Club Roeselare",false,false,false,"Draw",true,false,,true,69,69,0,0,0,0,0,0,,0.5,0,1,1,0.5,0,0,0
"https://www.rbfa.be/nl/wedstrijd/7520914","K. SV Veurne A","Club Roeselare","Anouk Vanysacker","44","K. SV Veurne A",false,false,false,"Draw",true,false,,false,,90,0,0,0,0,0,0,,0.5,0,1,1,,,,
"https://www.rbfa.be/nl/wedstrijd/7520914","K. SV Veurne A","Club Roeselare","Sebastiaan Maesen","22","Club Roeselare",false,false,false,"Draw",true,false,,true,62,62,0,0,0,1,0,0,,0.5,0,1,1,0.5,0,0,0
"https://www.rbfa.be/nl/wedstrijd/7520914","K. SV Veurne A","Club Roeselare","Jordy Bardyn","8","K. SV Veurne A",false,false,false,"Draw",false,false,,false,,0,0,0,0,0,0,0,,,,,,0.5,0,0,0
"https://www.rbfa.be/nl/wedstrijd/7520914","K. SV Veurne A","Club Roeselare","Vincent Provoost","14","Club Roeselare",false,false,false,"Draw",false,true,69,false,,21,0,0,0,0,0,0,,0.5,0,0,0,0.5,0,1,1
"https://www.rbfa.be/nl/wedstrijd/7520914","K. SV Veurne A","Club Roeselare","Axel Leeman","20","K. SV Veurne A",false,false,false,"Draw",false,false,,false,,0,0,0,0,0,0,0,,,,,,0.5,0,0,0
"https://www.rbfa.be/nl/wedstrijd/7520914","K. SV Veurne A","Club Roeselare","Michiel Verlinde","15","Club Roeselare",false,false,false,"Draw",false,true,62,false,,28,0,0,0,0,0,0,,0.5,0,0,0,0.5,0,1,1
"https://www.rbfa.be/nl/wedstrijd/7520914","K. SV Veurne A","Club Roeselare","Cis Goesaert","28","K. SV Veurne A",false,false,false,"Draw",false,false,,false,,0,0,0,0,0,0,0,,,,,,0.5,0,0,0
"https://www.rbfa.be/nl/wedstrijd/7520914","K. SV Veurne A","Club Roeselare","Tristan Prinsier","18","Club Roeselare",false,false,false,"Draw",false,true,69,false,,21,0,0,0,0,0,0,,0.5,0,0,0,0.5,0,1,1
"https://www.rbfa.be/nl/wedstrijd/7520914","K. SV Veurne A","Club Roeselare","Joppe Rathé","47","K. SV Veurne A",false,false,false,"Draw",false,false,,false,,0,0,0,0,0,0,0,,,,,,0.5,0,0,0
"https://www.rbfa.be/nl/wedstrijd/7520914","K. SV Veurne A","Club Roeselare","Brent Mandeville","21","Club Roeselare",false,false,false,"Draw",false,false,,false,,0,0,0,0,0,0,0,,,,,,0.5,0,0,0
"https://www.rbfa.be/nl/wedstrijd/7520914","K. SV Veurne A","Club Roeselare","Jessy Blanckaert","55","K. SV Veurne A",false,false,false,"Draw",false,true,85,false,,5,0,0,0,0,0,0,,0.5,0,0,0,0.5,0,1,1
"https://www.rbfa.be/nl/wedstrijd/7520914","K. SV Veurne A","Club Roeselare","Mauro Dumoulin","23","Club Roeselare",false,false,false,"Draw",false,true,87,false,,3,0,0,0,0,0,0,,0.5,0,0,0,0.5,0,1,1
"https://www.rbfa.be/nl/wedstrijd/7520919","K. FC Heist A","KFC Aalbeke Sport A","Miguel De Block","1","K. FC Heist A",true,false,true,"Draw",true,false,,false,,90,0,0,0,0,0,0,,0.5,0,0,0,,,,
"https://www.rbfa.be/nl/wedstrijd/7520919","K. FC Heist A","KFC Aalbeke Sport A","Thijs Debuyck","1","KFC Aalbeke Sport A",true,false,true,"Draw",true,false,,false,,90,0,0,0,0,0,0,,0.5,0,0,0,,,,
"https://www.rbfa.be/nl/wedstrijd/7520919","K. FC Heist A","KFC Aalbeke Sport A","Xander Timmerman","2","K. FC Heist A",false,false,false,"Draw",true,false,,false,,90,0,0,0,0,0,0,,0.5,0,0,0,,,,
"https://www.rbfa.be/nl/wedstrijd/7520919","K. FC Heist A","KFC Aalbeke Sport A","Lander Wyseur","3","KFC Aalbeke Sport A",false,false,false,"Draw",true,false,,false,,90,0,0,0,0,0,0,,0.5,0,0,0,,,,
"https://www.rbfa.be/nl/wedstrijd/7520919","K. FC Heist A","KFC Aalbeke Sport A","Diaz Denise Axelsson De Baets","4","K. FC Heist A",false,false,false,"Draw",true,false,,true,89,89,0,0,0,0,0,0,,0.5,0,0,0,0.5,0,0,0
"https://www.rbfa.be/nl/wedstrijd/7520919","K. FC Heist A","KFC Aalbeke Sport A","Charles-Victor Otté","5","KFC Aalbeke Sport A",false,false,false,"Draw",true,false,,false,,90,0,0,0,0,0,0,,0.5,0,0,0,,,,
"https://www.rbfa.be/nl/wedstrijd/7520919","K. FC Heist A","KFC Aalbeke Sport A","Thibo Gies","5","K. FC Heist A",false,false,false,"Draw",true,false,,false,,90,0,0,0,0,0,0,,0.5,0,0,0,,,,
"https://www.rbfa.be/nl/wedstrijd/7520919","K. FC Heist A","KFC Aalbeke Sport A","Kevin Gallo","6","KFC Aalbeke Sport A",false,false,false,"Draw",true,false,,true,56,56,0,0,0,0,0,0,,0.5,0,0,0,0.5,0,0,0
"https://www.rbfa.be/nl/wedstrijd/7520919","K. FC Heist A","KFC Aalbeke Sport A","Yoni Delporte","8","K. FC Heist A",false,true,false,"Draw",true,false,,false,,90,0,0,0,0,0,0,,0.5,0,0,0,,,,
"https://www.rbfa.be/nl/wedstrijd/7520919","K. FC Heist A","KFC Aalbeke Sport A","Bjarne Vanderstraeten","7","KFC Aalbeke Sport A",false,false,false,"Draw",true,false,,false,,90,0,0,0,0,0,0,,0.5,0,0,0,,,,
"https://www.rbfa.be/nl/wedstrijd/7520919","K. FC Heist A","KFC Aalbeke Sport A","Tibo Andries","9","K. FC Heist A",false,false,false,"Draw",true,false,,true,81,81,0,0,0,0,0,0,,0.5,0,0,0,0.5,0,0,0
"https://www.rbfa.be/nl/wedstrijd/7520919","K. FC Heist A","KFC Aalbeke Sport A","Amine Ahdach","8","KFC Aalbeke Sport A",false,false,false,"Draw",true,false,,true,46,46,0,0,0,0,0,0,,0.5,0,0,0,0.5,0,0,0
"https://www.rbfa.be/nl/wedstrijd/7520919","K. FC Heist A","KFC Aalbeke Sport A","Tenas Virgili","10","K. FC Heist A",false,false,false,"Draw",true,false,,true,60,60,0,0,0,1,0,0,,0.5,0,0,0,0.5,0,0,0
"https://www.rbfa.be/nl/wedstrijd/7520919","K. FC Heist A","KFC Aalbeke Sport A","Marvin Pierre Turcan","10","KFC Aalbeke Sport A",false,false,false,"Draw",true,false,,true,85,85,0,0,0,0,0,0,,0.5,0,0,0,0.5,0,0,0
"https://www.rbfa.be/nl/wedstrijd/7520919","K. FC Heist A","KFC Aalbeke Sport A","Thomas Vuyts","13","K. FC Heist A",false,false,false,"Draw",true,false,,false,,90,0,0,0,0,0,0,,0.5,0,0,0,,,,
"https://www.rbfa.be/nl/wedstrijd/7520919","K. FC Heist A","KFC Aalbeke Sport A","Thibaut Millecamps","17","KFC Aalbeke Sport A",false,false,false,"Draw",true,false,,true,85,85,0,0,0,0,0,0,,0.5,0,0,0,0.5,0,0,0
"https://www.rbfa.be/nl/wedstrijd/7520919","K. FC Heist A","KFC Aalbeke Sport A","Brecht Timmerman","20","K. FC Heist A",false,false,false,"Draw",true,false,,false,,90,0,0,0,0,0,0,,0.5,0,0,0,,,,
"https://www.rbfa.be/nl/wedstrijd/7520919","K. FC Heist A","KFC Aalbeke Sport A","Pieter De Winter","23","KFC Aalbeke Sport A",false,true,false,"Draw",true,false,,false,,90,0,0,0,0,0,0,,0.5,0,0,0,,,,
"https://www.rbfa.be/nl/wedstrijd/7520919","K. FC Heist A","KFC Aalbeke Sport A","Jan Claessens","22","K. FC Heist A",false,false,false,"Draw",true,false,,true,81,81,0,0,0,0,0,0,,0.5,0,0,0,0.5,0,0,0
"https://www.rbfa.be/nl/wedstrijd/7520919","K. FC Heist A","KFC Aalbeke Sport A","Michael François Slowik","59","KFC Aalbeke Sport A",false,false,false,"Draw",true,false,,false,,90,0,0,0,0,0,0,,0.5,0,0,0,,,,
"https://www.rbfa.be/nl/wedstrijd/7520919","K. FC Heist A","KFC Aalbeke Sport A","Quirino Raes","25","K. FC Heist A",false,false,false,"Draw",true,false,,false,,90,0,0,0,0,0,0,,0.5,0,0,0,,,,
"https://www.rbfa.be/nl/wedstrijd/7520919","K. FC Heist A","KFC Aalbeke Sport A","Jan De Winter","91","KFC Aalbeke Sport A",false,false,false,"Draw",true,false,,false,,90,0,0,0,0,0,0,,0.5,0,0,0,,,,
"https://www.rbfa.be/nl/wedstrijd/7520919","K. FC Heist A","KFC Aalbeke Sport A","Bram De Baets","74","K. FC Heist A",true,false,false,"Draw",false,false,,false,,0,0,0,0,0,0,0,,,,,,0.5,0,0,0
"https://www.rbfa.be/nl/wedstrijd/7520919","K. FC Heist A","KFC Aalbeke Sport A","Wassim Essaddiki","11","KFC Aalbeke Sport A",false,false,false,"Draw",false,true,85,false,,5,0,0,0,0,0,0,,0.5,0,0,0,0.5,0,0,0
"https://www.rbfa.be/nl/wedstrijd/7520919","K. FC Heist A","KFC Aalbeke Sport A","Bixenti Ducoulombier","6","K. FC Heist A",false,false,false,"Draw",false,true,60,false,,30,0,0,0,0,0,0,,0.5,0,0,0,0.5,0,0,0
"https://www.rbfa.be/nl/wedstrijd/7520919","K. FC Heist A","KFC Aalbeke Sport A","Klaas Lievrouw","13","KFC Aalbeke Sport A",false,false,false,"Draw",false,false,,false,,0,0,0,0,0,0,0,,,,,,0.5,0,0,0
"https://www.rbfa.be/nl/wedstrijd/7520919","K. FC Heist A","KFC Aalbeke Sport A","Kjell Delos","7","K. FC Heist A",false,false,false,"Draw",false,true,89,false,,1,0,0,0,0,0,0,,0.5,0,0,0,0.5,0,0,0
"https://www.rbfa.be/nl/wedstrijd/7520919","K. FC Heist A","KFC Aalbeke Sport A","Sabri Bensalim","14","KFC Aalbeke Sport A",false,false,false,"Draw",false,true,56,false,,34,0,0,0,0,0,0,,0.5,0,0,0,0.5,0,0,0
"https://www.rbfa.be/nl/wedstrijd/7520919","K. FC Heist A","KFC Aalbeke Sport A","Marwane El Houfi","11","K. FC Heist A",false,false,false,"Draw",false,true,81,false,,9,0,0,0,0,0,0,,0.5,0,0,0,0.5,0,0,0
"https://www.rbfa.be/nl/wedstrijd/7520919","K. FC Heist A","KFC Aalbeke Sport A","Taybi Bensalem","19","KFC Aalbeke Sport A",false,false,false,"Draw",false,true,85,false,,5,0,0,0,0,0,0,,0.5,0,0,0,0.5,0,0,0
"https://www.rbfa.be/nl/wedstrijd/7520919","K. FC Heist A","KFC Aalbeke Sport A","Pascal Ohiaeri","15","K. FC Heist A",false,false,false,"Draw",false,true,81,false,,9,0,0,0,0,0,0,,0.5,0,0,0,0.5,0,0,0
"https://www.rbfa.be/nl/wedstrijd/7520919","K. FC Heist A","KFC Aalbeke Sport A","Corentin Fabrice Cottenceau","28","KFC Aalbeke Sport A",false,false,false,"Draw",false,true,46,false,,44,0,0,0,0,0,0,,0.5,0,0,0,0.5,0,0,0
"https://www.rbfa.be/nl/wedstrijd/7520916","K. FC Varsenare A","K. Sassp. Boezinge A","Sebastien Cattoor","48","K. FC Varsenare A",true,false,true,"Win",true,false,,false,,90,0,0,0,0,0,0,,1,2,2,0,,,,
"https://www.rbfa.be/nl/wedstrijd/7520916","K. FC Varsenare A","K. Sassp. Boezinge A","Justin Vanbrabandt","89","K. Sassp. Boezinge A",true,true,false,"Loss",true,false,,false,,90,0,0,0,0,0,0,,0,-2,0,2,,,,
"https://www.rbfa.be/nl/wedstrijd/7520916","K. FC Varsenare A","K. Sassp. Boezinge A","Benoit Onraet","4","K. FC Varsenare A",false,false,false,"Win",true,false,,false,,90,0,0,0,1,0,0,,1,2,2,0,,,,
"https://www.rbfa.be/nl/wedstrijd/7520916","K. FC Varsenare A","K. Sassp. Boezinge A","Maxime Vanackere","2","K. Sassp. Boezinge A",false,false,false,"Loss",true,false,,false,,90,0,0,0,0,0,0,,0,-2,0,2,,,,
"https://www.rbfa.be/nl/wedstrijd/7520916","K. FC Varsenare A","K. Sassp. Boezinge A","Matteo Compernolle","5","K. FC Varsenare A",false,false,false,"Win",true,false,,false,,90,2,0,0,0,0,0,,1,2,2,0,,,,
"https://www.rbfa.be/nl/wedstrijd/7520916","K. FC Varsenare A","K. Sassp. Boezinge A","Valentin Mahieu","3","K. Sassp. Boezinge A",false,false,false,"Loss",true,false,,false,,90,0,0,0,0,0,0,,0,-2,0,2,,,,
"https://www.rbfa.be/nl/wedstrijd/7520916","K. FC Varsenare A","K. Sassp. Boezinge A","Eleazar Osei-Berkoe","8","K. FC Varsenare A",false,false,false,"Win",true,false,,true,46,46,0,0,0,0,0,0,,1,1,1,0,1,1,1,0
"https://www.rbfa.be/nl/wedstrijd/7520916","K. FC Varsenare A","K. Sassp. Boezinge A","Ibe Duflou","5","K. Sassp. Boezinge A",false,false,false,"Loss",true,false,,false,,90,0,0,0,0,0,0,,0,-2,0,2,,,,
"https://www.rbfa.be/nl/wedstrijd/7520916","K. FC Varsenare A","K. Sassp. Boezinge A","Jari Van De Maele","9","K. FC Varsenare A",false,true,false,"Win",true,false,,false,,90,0,0,0,1,0,0,,1,2,2,0,,,,
"https://www.rbfa.be/nl/wedstrijd/7520916","K. FC Varsenare A","K. Sassp. Boezinge A","Mouhamed Sarr","6","K. Sassp. Boezinge A",false,false,false,"Loss",true,false,,true,80,80,0,0,0,0,0,0,,0,-1,0,1,0,-1,0,1
"https://www.rbfa.be/nl/wedstrijd/7520916","K. FC Varsenare A","K. Sassp. Boezinge A","Milan Van De Maele","10","K. FC Varsenare A",false,false,false,"Win",true,false,,false,,90,0,0,0,1,0,0,,1,2,2,0,,,,
"https://www.rbfa.be/nl/wedstrijd/7520916","K. FC Varsenare A","K. Sassp. Boezinge A","Ward Maerten","7","K. Sassp. Boezinge A",false,false,false,"Loss",true,false,,false,,90,0,0,0,0,0,0,,0,-2,0,2,,,,
"https://www.rbfa.be/nl/wedstrijd/7520916","K. FC Varsenare A","K. Sassp. Boezinge A","Rune Vandamme-Vinckier","13","K. FC Varsenare A",false,false,false,"Win",true,false,,false,,90,0,0,0,0,0,0,,1,2,2,0,,,,
"https://www.rbfa.be/nl/wedstrijd/7520916","K. FC Varsenare A","K. Sassp. Boezinge A","Fabian Rassalle","14","K. Sassp. Boezinge A",false,false,false,"Loss",true,false,,true,89,89,0,0,0,0,0,0,,0,-2,0,2,0.5,0,0,0
"https://www.rbfa.be/nl/wedstrijd/7520916","K. FC Varsenare A","K. Sassp. Boezinge A","Ilko Kesteleyn","22","K. FC Varsenare A",false,false,false,"Win",true,false,,false,,90,0,0,0,0,0,0,,1,2,2,0,,,,
"https://www.rbfa.be/nl/wedstrijd/7520916","K. FC Varsenare A","K. Sassp. Boezinge A","Lennart Sampers","20","K. Sassp. Boezinge A",false,false,false,"Loss",true,false,,false,,90,0,0,0,0,0,0,,0,-2,0,2,,,,
"https://www.rbfa.be/nl/wedstrijd/7520916","K. FC Varsenare A","K. Sassp. Boezinge A","Timon Bogaert","23","K. FC Varsenare A",false,false,false,"Win",true,false,,false,,90,0,0,0,0,0,0,,1,2,2,0,,,,
"https://www.rbfa.be/nl/wedstrijd/7520916","K. FC Varsenare A","K. Sassp. Boezinge A","Jarne Jodts","21","K. Sassp. Boezinge A",false,false,false,"Loss",true,false,,false,,90,0,0,0,0,0,0,,0,-2,0,2,,,,
"https://www.rbfa.be/nl/wedstrijd/7520916","K. FC Varsenare A","K. Sassp. Boezinge A","Bavo Butaye","24","K. FC Varsenare A",false,false,false,"Win",true,false,,true,75,75,0,0,0,0,0,0,,1,1,1,0,1,1,1,0
"https://www.rbfa.be/nl/wedstrijd/7520916","K. FC Varsenare A","K. Sassp. Boezinge A","Seppe Gantois","23","K. Sassp. Boezinge A",false,false,false,"Loss",true,false,,true,60,60,0,0,0,0,0,0,,0,-1,0,1,0,-1,0,1
"https://www.rbfa.be/nl/wedstrijd/7520916","K. FC Varsenare A","K. Sassp. Boezinge A","Andreas De Kerpel","31","K. FC Varsenare A",false,false,false,"Win",true,false,,false,,90,0,0,0,0,0,0,,1,2,2,0,,,,
"https://www.rbfa.be/nl/wedstrijd/7520916","K. FC Varsenare A","K. Sassp. Boezinge A","Lilian Bochet","28","K. Sassp. Boezinge A",false,false,false,"Loss",true,false,,true,89,89,0,0,0,0,0,0,,0,-2,0,2,0.5,0,0,0
"https://www.rbfa.be/nl/wedstrijd/7520916","K. FC Varsenare A","K. Sassp. Boezinge A","Kasper Van Leirsberghe","83","K. FC Varsenare A",true,false,false,"Win",false,false,,false,,0,0,0,0,0,0,0,,,,,,0.5,0,0,0
"https://www.rbfa.be/nl/wedstrijd/7520916","K. FC Varsenare A","K. Sassp. Boezinge A","Maxim Coffyn","13","K. Sassp. Boezinge A",true,false,false,"Loss",false,false,,false,,0,0,0,0,0,0,0,,,,,,0.5,0,0,0
"https://www.rbfa.be/nl/wedstrijd/7520916","K. FC Varsenare A","K. Sassp. Boezinge A","Jules Colpaert","3","K. FC Varsenare A",false,false,false,"Win",false,true,75,false,,15,0,0,0,0,0,0,,1,1,1,0,1,1,1,0
"https://www.rbfa.be/nl/wedstrijd/7520916","K. FC Varsenare A","K. Sassp. Boezinge A","Remko Vandamme","11","K. Sassp. Boezinge A",false,false,false,"Loss",false,true,89,false,,1,0,0,0,0,0,0,,0.5,0,0,0,0,-2,0,2
"https://www.rbfa.be/nl/wedstrijd/7520916","K. FC Varsenare A","K. Sassp. Boezinge A","Brent Ooghe","6","K. FC Varsenare A",false,false,false,"Win",false,true,46,false,,44,0,0,0,1,0,0,,1,1,1,0,1,1,1,0
"https://www.rbfa.be/nl/wedstrijd/7520916","K. FC Varsenare A","K. Sassp. Boezinge A","Joenes Kasmi","18","K. Sassp. Boezinge A",false,false,false,"Loss",false,true,80,false,,10,0,0,0,0,0,0,,0,-1,0,1,0,-1,0,1
"https://www.rbfa.be/nl/wedstrijd/7520916","K. FC Varsenare A","K. Sassp. Boezinge A","Martijn Ameel","19","K. FC Varsenare A",false,false,false,"Win",false,false,,false,,0,0,0,0,0,0,0,,,,,,0.5,0,0,0
"https://www.rbfa.be/nl/wedstrijd/7520916","K. FC Varsenare A","K. Sassp. Boezinge A","Owen Casier","22","K. Sassp. Boezinge A",false,false,false,"Loss",false,true,60,false,,30,0,0,0,0,0,0,,0,-1,0,1,0,-1,0,1
"https://www.rbfa.be/nl/wedstrijd/7520916","K. FC Varsenare A","K. Sassp. Boezinge A","Colin Sohier","27","K. Sassp. Boezinge A",false,false,false,"Loss",false,true,89,false,,1,0,0,0,0,0,0,,0.5,0,0,0,0,-2,0,2
"https://www.rbfa.be/nl/wedstrijd/7520915","S.V. Wevelgem City A","FC Sp. Heestert A","Jorgen Rogiers","1","S.V. Wevelgem City A",true,true,true,"Win",true,false,,false,,90,0,0,0,0,0,0,,1,3,3,0,,,,
"https://www.rbfa.be/nl/wedstrijd/7520915","S.V. Wevelgem City A","FC Sp. Heestert A","Tom Thieren","1","FC Sp. Heestert A",true,true,false,"Loss",true,false,,false,,90,0,0,0,0,0,0,,0,-3,0,3,,,,
"https://www.rbfa.be/nl/wedstrijd/7520915","S.V. Wevelgem City A","FC Sp. Heestert A","Gauthier Van De Geuchte","3","S.V. Wevelgem City A",false,false,false,"Win",true,false,,false,,90,1,0,0,1,0,0,,1,3,3,0,,,,
"https://www.rbfa.be/nl/wedstrijd/7520915","S.V. Wevelgem City A","FC Sp. Heestert A","Mauro Mercher","5","FC Sp. Heestert A",false,false,false,"Loss",true,false,,false,,90,0,0,0,0,0,0,,0,-3,0,3,,,,
"https://www.rbfa.be/nl/wedstrijd/7520915","S.V. Wevelgem City A","FC Sp. Heestert A","Gilles Hamers","5","S.V. Wevelgem City A",false,false,false,"Win",true,false,,true,70,70,0,0,0,0,0,0,,0.5,0,0,0,1,3,3,0
"https://www.rbfa.be/nl/wedstrijd/7520915","S.V. Wevelgem City A","FC Sp. Heestert A","Nicolas Gheeraert","6","FC Sp. Heestert A",false,false,false,"Loss",true,false,,false,,90,0,0,0,0,0,0,,0,-3,0,3,,,,
"https://www.rbfa.be/nl/wedstrijd/7520915","S.V. Wevelgem City A","FC Sp. Heestert A","Victor Cuvelier","6","S.V. Wevelgem City A",false,false,false,"Win",true,false,,false,,90,0,0,0,0,0,0,,1,3,3,0,,,,
"https://www.rbfa.be/nl/wedstrijd/7520915","S.V. Wevelgem City A","FC Sp. Heestert A","Mattice Bekaert","10","FC Sp. Heestert A",false,false,false,"Loss",true,false,,true,87,87,0,0,0,0,0,0,,0,-2,0,2,0,-1,0,1
"https://www.rbfa.be/nl/wedstrijd/7520915","S.V. Wevelgem City A","FC Sp. Heestert A","Jordy Beirlaen","7","S.V. Wevelgem City A",false,false,false,"Win",true,false,,false,,90,0,0,0,1,0,0,,1,3,3,0,,,,
"https://www.rbfa.be/nl/wedstrijd/7520915","S.V. Wevelgem City A","FC Sp. Heestert A","Aaron Balcaen","11","FC Sp. Heestert A",false,false,false,"Loss",true,false,,false,,90,0,0,0,0,0,0,,0,-3,0,3,,,,
"https://www.rbfa.be/nl/wedstrijd/7520915","S.V. Wevelgem City A","FC Sp. Heestert A","Jasper Noël Beyens","9","S.V. Wevelgem City A",false,false,false,"Win",true,false,,false,,90,0,0,0,0,0,0,,1,3,3,0,,,,
"https://www.rbfa.be/nl/wedstrijd/7520915","S.V. Wevelgem City A","FC Sp. Heestert A","Aristote Madiani","14","FC Sp. Heestert A",false,false,false,"Loss",true,false,,false,,90,0,0,0,1,0,0,,0,-3,0,3,,,,
"https://www.rbfa.be/nl/wedstrijd/7520915","S.V. Wevelgem City A","FC Sp. Heestert A","Thibau Laevens","10","S.V. Wevelgem City A",false,false,false,"Win",true,false,,true,90,90,0,0,0,1,0,0,,1,3,3,0,,,,
"https://www.rbfa.be/nl/wedstrijd/7520915","S.V. Wevelgem City A","FC Sp. Heestert A","Dries Loosveldt","15","FC Sp. Heestert A",false,false,false,"Loss",true,false,,true,63,63,0,0,0,0,0,0,,0.5,0,0,0,0,-3,0,3
"https://www.rbfa.be/nl/wedstrijd/7520915","S.V. Wevelgem City A","FC Sp. Heestert A","Marc Couckuyt","14","S.V. Wevelgem City A",false,false,false,"Win",true,false,,false,,90,0,0,0,0,0,0,,1,3,3,0,,,,
"https://www.rbfa.be/nl/wedstrijd/7520915","S.V. Wevelgem City A","FC Sp. Heestert A","Dylan David Bourquin","16","FC Sp. Heestert A",false,false,false,"Loss",true,false,,false,,90,0,0,0,0,0,0,,0,-3,0,3,,,,
"https://www.rbfa.be/nl/wedstrijd/7520915","S.V. Wevelgem City A","FC Sp. Heestert A","Gilles Bouckaert","17","S.V. Wevelgem City A",false,false,false,"Win",true,false,,false,,90,0,0,0,1,0,0,,1,3,3,0,,,,
"https://www.rbfa.be/nl/wedstrijd/7520915","S.V. Wevelgem City A","FC Sp. Heestert A","Adrien Michel Hermant","18","FC Sp. Heestert A",false,false,false,"Loss",true,false,,true,84,84,0,0,0,0,0,0,,0,-2,0,2,0,-1,0,1
"https://www.rbfa.be/nl/wedstrijd/7520915","S.V. Wevelgem City A","FC Sp. Heestert A","Maxime Cottignie","19","S.V. Wevelgem City A",false,false,false,"Win",true,false,,true,70,70,0,0,0,0,0,0,,0.5,0,0,0,1,3,3,0
"https://www.rbfa.be/nl/wedstrijd/7520915","S.V. Wevelgem City A","FC Sp. Heestert A","Fries Legein","19","FC Sp. Heestert A",false,false,false,"Loss",true,false,,false,,90,0,0,0,1,0,0,,0,-3,0,3,,,,
"https://www.rbfa.be/nl/wedstrijd/7520915","S.V. Wevelgem City A","FC Sp. Heestert A","Mehdi Oumedjeber","20","S.V. Wevelgem City A",false,false,false,"Win",true,false,,true,86,86,0,0,0,1,0,0,,1,2,2,0,1,1,1,0
"https://www.rbfa.be/nl/wedstrijd/7520915","S.V. Wevelgem City A","FC Sp. Heestert A","Jeremy Brogniez","25","FC Sp. Heestert A",false,false,false,"Loss",true,false,,false,,90,0,0,0,0,0,0,,0,-3,0,3,,,,
"https://www.rbfa.be/nl/wedstrijd/7520915","S.V. Wevelgem City A","FC Sp. Heestert A","Emiel Bridelance","2","S.V. Wevelgem City A",false,false,false,"Win",false,true,86,false,,4,0,0,0,0,0,0,,1,1,1,0,1,2,2,0
"https://www.rbfa.be/nl/wedstrijd/7520915","S.V. Wevelgem City A","FC Sp. Heestert A","Arjen Ysenbaert","21","FC Sp. Heestert A",true,false,false,"Loss",false,false,,false,,0,0,0,0,0,0,0,,,,,,0.5,0,0,0
"https://www.rbfa.be/nl/wedstrijd/7520915","S.V. Wevelgem City A","FC Sp. Heestert A","Clément Castelain","12","S.V. Wevelgem City A",false,false,false,"Win",false,false,,false,,0,0,0,0,0,0,0,,,,,,0.5,0,0,0
"https://www.rbfa.be/nl/wedstrijd/7520915","S.V. Wevelgem City A","FC Sp. Heestert A","Emmanuel Abew Asamoah","4","FC Sp. Heestert A",false,false,false,"Loss",false,false,,false,,0,0,0,0,0,0,0,,,,,,0.5,0,0,0
"https://www.rbfa.be/nl/wedstrijd/7520915","S.V. Wevelgem City A","FC Sp. Heestert A","Tibo Margo","16","S.V. Wevelgem City A",false,false,false,"Win",false,true,70,false,,20,1,0,0,0,0,0,,1,3,3,0,0.5,0,0,0
"https://www.rbfa.be/nl/wedstrijd/7520915","S.V. Wevelgem City A","FC Sp. Heestert A","Lenny Rassalle","8","FC Sp. Heestert A",false,false,false,"Loss",false,true,87,false,,3,0,0,0,0,0,0,,0,-1,0,1,0,-2,0,2
"https://www.rbfa.be/nl/wedstrijd/7520915","S.V. Wevelgem City A","FC Sp. Heestert A","Raf Vanhuylebrouck","21","S.V. Wevelgem City A",false,false,false,"Win",false,true,90,false,,0,0,0,0,0,0,0,,,,,,1,3,3,0
"https://www.rbfa.be/nl/wedstrijd/7520915","S.V. Wevelgem City A","FC Sp. Heestert A","Louis Callewier","12","FC Sp. Heestert A",false,false,false,"Loss",false,true,84,false,,6,0,0,0,0,0,0,,0,-2,0,2,0,-1,0,1
"https://www.rbfa.be/nl/wedstrijd/7520915","S.V. Wevelgem City A","FC Sp. Heestert A","Said Hafidh Khatib","22","S.V. Wevelgem City A",false,false,false,"Win",false,true,70,false,,20,1,0,0,0,0,0,,1,3,3,0,0.5,0,0,0
"https://www.rbfa.be/nl/wedstrijd/7520915","S.V. Wevelgem City A","FC Sp. Heestert A","Niels Stael","20","FC Sp. Heestert A",false,false,false,"Loss",false,true,63,false,,27,0,0,0,0,0,0,,0,-3,0,3,0.5,0,0,0
"https://www.rbfa.be/nl/wedstrijd/7520920","K. FC Marke A","K. RC Bissegem","Bastien Servaege","1","K. FC Marke A",true,false,false,"Loss",true,false,,false,,90,0,0,0,0,0,0,,0,-2,1,3,,,,
"https://www.rbfa.be/nl/wedstrijd/7520920","K. FC Marke A","K. RC Bissegem","Emiel Martens","1","K. RC Bissegem",true,false,false,"Win",true,false,,false,,90,0,0,0,0,0,0,,1,2,3,1,,,,
"https://www.rbfa.be/nl/wedstrijd/7520920","K. FC Marke A","K. RC Bissegem","Simon Van Lierde","3","K. FC Marke A",false,false,false,"Loss",true,false,,false,,90,0,0,0,0,0,0,,0,-2,1,3,,,,
"https://www.rbfa.be/nl/wedstrijd/7520920","K. FC Marke A","K. RC Bissegem","Orry Vancraeyveldt","2","K. RC Bissegem",false,false,false,"Win",true,false,,false,,90,0,0,0,0,0,0,,1,2,3,1,,,,
"https://www.rbfa.be/nl/wedstrijd/7520920","K. FC Marke A","K. RC Bissegem","Amaury Demuynck","4","K. FC Marke A",false,false,false,"Loss",true,false,,true,56,56,0,0,1,0,0,0,,0,-2,0,2,0.5,0,1,1
"https://www.rbfa.be/nl/wedstrijd/7520920","K. FC Marke A","K. RC Bissegem","Zito Bostoen","4","K. RC Bissegem",false,false,false,"Win",true,false,,false,,90,0,0,0,0,0,0,,1,2,3,1,,,,
"https://www.rbfa.be/nl/wedstrijd/7520920","K. FC Marke A","K. RC Bissegem","Lander Denduyver","6","K. FC Marke A",false,false,false,"Loss",true,false,,false,,90,0,0,0,0,0,0,,0,-2,1,3,,,,
"https://www.rbfa.be/nl/wedstrijd/7520920","K. FC Marke A","K. RC Bissegem","Ewoud Defevere","5","K. RC Bissegem",false,false,false,"Win",true,false,,false,,90,0,0,0,0,0,0,,1,2,3,1,,,,
"https://www.rbfa.be/nl/wedstrijd/7520920","K. FC Marke A","K. RC Bissegem","Arne Naessens","8","K. FC Marke A",false,false,false,"Loss",true,false,,false,,90,0,0,0,0,0,0,,0,-2,1,3,,,,
"https://www.rbfa.be/nl/wedstrijd/7520920","K. FC Marke A","K. RC Bissegem","Andres Dewaele","10","K. RC Bissegem",false,false,false,"Win",true,false,,true,85,85,0,0,0,0,0,0,,1,2,3,1,0.5,0,0,0
"https://www.rbfa.be/nl/wedstrijd/7520920","K. FC Marke A","K. RC Bissegem","Jelle Duthoo","9","K. FC Marke A",false,false,false,"Loss",true,false,,false,,90,1,0,0,1,0,0,,0,-2,1,3,,,,
"https://www.rbfa.be/nl/wedstrijd/7520920","K. FC Marke A","K. RC Bissegem","Ismaïl El Ouassif","11","K. RC Bissegem",false,false,false,"Win",true,false,,true,73,73,0,0,0,1,0,0,,1,2,3,1,0.5,0,0,0
"https://www.rbfa.be/nl/wedstrijd/7520920","K. FC Marke A","K. RC Bissegem","Thomas Menghis","10","K. FC Marke A",false,false,false,"Loss",true,false,,true,56,56,0,0,0,0,0,0,,0,-2,0,2,0.5,0,1,1
"https://www.rbfa.be/nl/wedstrijd/7520920","K. FC Marke A","K. RC Bissegem","Rutger Sturm","15","K. RC Bissegem",false,true,false,"Win",true,false,,true,65,65,1,0,0,0,0,0,,1,3,3,0,0,-1,0,1
"https://www.rbfa.be/nl/wedstrijd/7520920","K. FC Marke A","K. RC Bissegem","Hannes Tieberghien","14","K. FC Marke A",false,true,false,"Loss",true,false,,true,56,56,0,0,0,0,0,0,,0,-2,0,2,0.5,0,1,1
"https://www.rbfa.be/nl/wedstrijd/7520920","K. FC Marke A","K. RC Bissegem","Bruno Dhoop","17","K. RC Bissegem",false,false,false,"Win",true,false,,false,,90,0,0,0,0,0,0,,1,2,3,1,,,,
"https://www.rbfa.be/nl/wedstrijd/7520920","K. FC Marke A","K. RC Bissegem","Benjamin Bonte","17","K. FC Marke A",false,false,false,"Loss",true,false,,false,,90,0,0,0,0,0,0,,0,-2,1,3,,,,
"https://www.rbfa.be/nl/wedstrijd/7520920","K. FC Marke A","K. RC Bissegem","Jenci Dejonghe","18","K. RC Bissegem",false,false,false,"Win",true,false,,false,,90,0,0,0,0,0,0,,1,2,3,1,,,,
"https://www.rbfa.be/nl/wedstrijd/7520920","K. FC Marke A","K. RC Bissegem","Thibault Trioen","19","K. FC Marke A",false,false,false,"Loss",true,false,,true,77,77,0,0,0,0,0,0,,0,-2,1,3,0.5,0,0,0
"https://www.rbfa.be/nl/wedstrijd/7520920","K. FC Marke A","K. RC Bissegem","Elias Ben Ali","20","K. RC Bissegem",false,false,false,"Win",true,false,,false,,90,0,0,0,1,0,0,,1,2,3,1,,,,
"https://www.rbfa.be/nl/wedstrijd/7520920","K. FC Marke A","K. RC Bissegem","Jarne Wullaert","34","K. FC Marke A",false,false,false,"Loss",true,false,,false,,90,0,0,0,0,0,0,,0,-2,1,3,,,,
"https://www.rbfa.be/nl/wedstrijd/7520920","K. FC Marke A","K. RC Bissegem","August Laverge","22","K. RC Bissegem",false,false,false,"Win",true,false,,false,,90,1,0,0,0,0,0,,1,2,3,1,,,,
"https://www.rbfa.be/nl/wedstrijd/7520920","K. FC Marke A","K. RC Bissegem","Bob Desmet","11","K. FC Marke A",false,false,false,"Loss",false,true,56,false,,34,0,0,0,0,0,0,,0.5,0,1,1,0,-2,0,2
"https://www.rbfa.be/nl/wedstrijd/7520920","K. FC Marke A","K. RC Bissegem","Arnold Vandenborre","21","K. RC Bissegem",true,false,false,"Win",false,false,,false,,0,0,0,0,0,0,0,,,,,,0.5,0,0,0
"https://www.rbfa.be/nl/wedstrijd/7520920","K. FC Marke A","K. RC Bissegem","Lucas Coornaert","16","K. FC Marke A",false,false,false,"Loss",false,true,56,false,,34,0,0,0,0,0,0,,0.5,0,1,1,0,-2,0,2
"https://www.rbfa.be/nl/wedstrijd/7520920","K. FC Marke A","K. RC Bissegem","Noah Vanhouwaert","3","K. RC Bissegem",false,false,false,"Win",false,true,73,false,,17,0,0,0,0,0,0,,0,-1,0,1,1,3,3,0
"https://www.rbfa.be/nl/wedstrijd/7520920","K. FC Marke A","K. RC Bissegem","Emile Vanluchene","18","K. FC Marke A",false,false,false,"Loss",false,false,,false,,0,0,0,0,0,0,0,,,,,,0.5,0,0,0
"https://www.rbfa.be/nl/wedstrijd/7520920","K. FC Marke A","K. RC Bissegem","Glenn Lapeire","7","K. RC Bissegem",false,false,false,"Win",false,true,65,false,,25,0,0,0,0,0,0,,0,-1,0,1,1,3,3,0
"https://www.rbfa.be/nl/wedstrijd/7520920","K. FC Marke A","K. RC Bissegem","Noé Dirk Rogard","23","K. FC Marke A",false,false,false,"Loss",false,true,56,false,,34,0,0,0,0,0,0,,0.5,0,1,1,0,-2,0,2
"https://www.rbfa.be/nl/wedstrijd/7520920","K. FC Marke A","K. RC Bissegem","Lennert Lingier","9","K. RC Bissegem",false,false,false,"Win",false,true,85,false,,5,0,0,0,0,0,0,,0.5,0,0,0,1,2,3,1
"https://www.rbfa.be/nl/wedstrijd/7520920","K. FC Marke A","K. RC Bissegem","Jannis Bourgeois","24","K. FC Marke A",false,false,false,"Loss",false,true,77,false,,13,0,0,0,0,0,0,,0.5,0,0,0,0,-2,1,3
"https://www.rbfa.be/nl/wedstrijd/7520920","K. FC Marke A","K. RC Bissegem","Ennio Franklin Tack","16","K. RC Bissegem",false,false,false,"Win",false,false,,false,,0,0,0,0,0,0,0,,,,,,0.5,0,0,0
"https://www.rbfa.be/nl/wedstrijd/7520918","K.S.C. Wielsbeke","SV Ingelmunster A","Matisse De Groote","22","K.S.C. Wielsbeke",true,false,false,"Win",true,false,,false,,90,0,0,0,0,0,0,,1,2,3,1,,,,
"https://www.rbfa.be/nl/wedstrijd/7520918","K.S.C. Wielsbeke","SV Ingelmunster A","Matthias Ghyselinck","22","SV Ingelmunster A",true,false,false,"Loss",true,false,,false,,90,0,0,0,0,0,0,,0,-2,1,3,,,,
"https://www.rbfa.be/nl/wedstrijd/7520918","K.S.C. Wielsbeke","SV Ingelmunster A","Kassmi Mohamed Ali","2","K.S.C. Wielsbeke",false,false,false,"Win",true,false,,false,,90,0,0,0,0,0,0,,1,2,3,1,,,,
"https://www.rbfa.be/nl/wedstrijd/7520918","K.S.C. Wielsbeke","SV Ingelmunster A","Christ Bruno Mbiakob","4","SV Ingelmunster A",false,false,false,"Loss",true,false,,false,,90,0,0,0,0,0,0,,0,-2,1,3,,,,
"https://www.rbfa.be/nl/wedstrijd/7520918","K.S.C. Wielsbeke","SV Ingelmunster A","Dries Wysselinck","4","K.S.C. Wielsbeke",false,false,false,"Win",true,false,,false,,90,0,0,0,1,0,0,,1,2,3,1,,,,
"https://www.rbfa.be/nl/wedstrijd/7520918","K.S.C. Wielsbeke","SV Ingelmunster A","Henry Van Parys","6","SV Ingelmunster A",false,false,false,"Loss",true,false,,false,,90,0,0,0,0,0,0,,0,-2,1,3,,,,
"https://www.rbfa.be/nl/wedstrijd/7520918","K.S.C. Wielsbeke","SV Ingelmunster A","Thomas Coopman","7","K.S.C. Wielsbeke",false,false,false,"Win",true,false,,true,85,85,0,0,0,0,0,0,,1,2,3,1,0.5,0,0,0
"https://www.rbfa.be/nl/wedstrijd/7520918","K.S.C. Wielsbeke","SV Ingelmunster A","Tibo Vandendriessche","8","SV Ingelmunster A",false,false,false,"Loss",true,false,,true,73,73,0,0,0,1,0,0,,0,-2,0,2,0.5,0,1,1
"https://www.rbfa.be/nl/wedstrijd/7520918","K.S.C. Wielsbeke","SV Ingelmunster A","Seppe Jeroen Lecour","9","K.S.C. Wielsbeke",false,false,false,"Win",true,false,,false,,90,1,0,0,0,0,0,,1,2,3,1,,,,
"https://www.rbfa.be/nl/wedstrijd/7520918","K.S.C. Wielsbeke","SV Ingelmunster A","Xander Vankeirsbilck","10","SV Ingelmunster A",false,false,false,"Loss",true,false,,false,,90,1,0,0,0,0,0,,0,-2,1,3,,,,
"https://www.rbfa.be/nl/wedstrijd/7520918","K.S.C. Wielsbeke","SV Ingelmunster A","Lars Vandenbroucke","10","K.S.C. Wielsbeke",false,false,false,"Win",true,false,,false,,90,0,0,0,0,0,0,,1,2,3,1,,,,
"https://www.rbfa.be/nl/wedstrijd/7520918","K.S.C. Wielsbeke","SV Ingelmunster A","Yoric Volckaert","14","SV Ingelmunster A",false,true,false,"Loss",true,false,,false,,90,0,0,0,0,0,0,,0,-2,1,3,,,,
"https://www.rbfa.be/nl/wedstrijd/7520918","K.S.C. Wielsbeke","SV Ingelmunster A","Jonathan Verstraete","11","K.S.C. Wielsbeke",false,true,false,"Win",true,false,,false,,90,0,0,0,0,0,0,,1,2,3,1,,,,
"https://www.rbfa.be/nl/wedstrijd/7520918","K.S.C. Wielsbeke","SV Ingelmunster A","Jean-Louis Vyaene","16","SV Ingelmunster A",false,false,false,"Loss",true,false,,false,,90,0,0,0,0,0,0,,0,-2,1,3,,,,
"https://www.rbfa.be/nl/wedstrijd/7520918","K.S.C. Wielsbeke","SV Ingelmunster A","Charles Noppe","18","K.S.C. Wielsbeke",false,false,false,"Win",true,false,,true,73,73,1,0,0,0,0,0,,1,2,2,0,0.5,0,1,1
"https://www.rbfa.be/nl/wedstrijd/7520918","K.S.C. Wielsbeke","SV Ingelmunster A","Simon Vanmarcke","17","SV Ingelmunster A",false,false,false,"Loss",true,false,,false,,90,0,0,0,0,0,0,,0,-2,1,3,,,,
"https://www.rbfa.be/nl/wedstrijd/7520918","K.S.C. Wielsbeke","SV Ingelmunster A","Alessio Van Den Broucke","24","K.S.C. Wielsbeke",false,false,false,"Win",true,false,,false,,90,0,0,0,0,0,0,,1,2,3,1,,,,
"https://www.rbfa.be/nl/wedstrijd/7520918","K.S.C. Wielsbeke","SV Ingelmunster A","Andres Baert","18","SV Ingelmunster A",false,false,false,"Loss",true,false,,true,45,45,0,0,0,1,0,0,,0,-2,0,2,0.5,0,1,1
"https://www.rbfa.be/nl/wedstrijd/7520918","K.S.C. Wielsbeke","SV Ingelmunster A","Berre De Smet","44","K.S.C. Wielsbeke",false,false,false,"Win",true,false,,true,85,85,0,0,0,0,0,0,,1,2,3,1,0.5,0,0,0
"https://www.rbfa.be/nl/wedstrijd/7520918","K.S.C. Wielsbeke","SV Ingelmunster A","Andres Verschelde","19","SV Ingelmunster A",false,false,false,"Loss",true,false,,false,,90,0,0,0,0,0,0,,0,-2,1,3,,,,
"https://www.rbfa.be/nl/wedstrijd/7520918","K.S.C. Wielsbeke","SV Ingelmunster A","Ian Maes","65","K.S.C. Wielsbeke",false,false,false,"Win",true,false,,true,73,73,0,0,0,0,0,0,,1,2,2,0,0.5,0,1,1
"https://www.rbfa.be/nl/wedstrijd/7520918","K.S.C. Wielsbeke","SV Ingelmunster A","Dylan Seys","24","SV Ingelmunster A",false,false,false,"Loss",true,false,,true,53,53,0,0,0,0,0,0,,0,-2,0,2,0.5,0,1,1
"https://www.rbfa.be/nl/wedstrijd/7520918","K.S.C. Wielsbeke","SV Ingelmunster A","Vic Callens","13","K.S.C. Wielsbeke",true,false,false,"Win",false,false,,false,,0,0,0,0,0,0,0,,,,,,0.5,0,0,0
"https://www.rbfa.be/nl/wedstrijd/7520918","K.S.C. Wielsbeke","SV Ingelmunster A","Lowie Van Renterghem","1","SV Ingelmunster A",true,false,false,"Loss",false,false,,false,,0,0,0,0,0,0,0,,,,,,0.5,0,0,0
"https://www.rbfa.be/nl/wedstrijd/7520918","K.S.C. Wielsbeke","SV Ingelmunster A","Rune Jacques Vandenborre","8","K.S.C. Wielsbeke",false,false,false,"Win",false,true,73,false,,17,0,0,0,0,0,0,,0.5,0,1,1,1,2,2,0
"https://www.rbfa.be/nl/wedstrijd/7520918","K.S.C. Wielsbeke","SV Ingelmunster A","Jorrit Vanden Berghe","2","SV Ingelmunster A",false,false,false,"Loss",false,true,73,false,,17,0,0,0,0,0,0,,0.5,0,1,1,0,-2,0,2
"https://www.rbfa.be/nl/wedstrijd/7520918","K.S.C. Wielsbeke","SV Ingelmunster A","Arne Beeuwsaert","15","K.S.C. Wielsbeke",false,false,false,"Win",false,true,85,false,,5,0,0,0,0,0,0,,0.5,0,0,0,1,2,3,1
"https://www.rbfa.be/nl/wedstrijd/7520918","K.S.C. Wielsbeke","SV Ingelmunster A","Remco Kentie","7","SV Ingelmunster A",false,false,false,"Loss",false,true,45,false,,45,0,0,0,0,0,0,,0.5,0,1,1,0,-2,0,2
"https://www.rbfa.be/nl/wedstrijd/7520918","K.S.C. Wielsbeke","SV Ingelmunster A","Gilles Van Maeldergem","16","K.S.C. Wielsbeke",false,false,false,"Win",false,true,73,false,,17,1,0,0,0,0,0,,0.5,0,1,1,1,2,2,0
"https://www.rbfa.be/nl/wedstrijd/7520918","K.S.C. Wielsbeke","SV Ingelmunster A","Alexandre Vandemaele","9","SV Ingelmunster A",false,false,false,"Loss",false,true,53,false,,37,0,0,0,0,0,0,,0.5,0,1,1,0,-2,0,2
"https://www.rbfa.be/nl/wedstrijd/7520918","K.S.C. Wielsbeke","SV Ingelmunster A","Lars De Meester","66","K.S.C. Wielsbeke",false,false,false,"Win",false,true,85,false,,5,0,0,0,0,0,0,,0.5,0,0,0,1,2,3,1
"https://www.rbfa.be/nl/wedstrijd/7520918","K.S.C. Wielsbeke","SV Ingelmunster A","Thiemen Vandeginste","12","SV Ingelmunster A",false,false,false,"Loss",false,false,,false,,0,0,0,0,0,0,0,,,,,,0.5,0,0,0
"https://www.rbfa.be/nl/wedstrijd/7520921","K. VC Ardooie A","K. Eendr. Wervik A","Brent Callewaert","1","K. VC Ardooie A",true,true,true,"Win",true,false,,false,,90,0,0,0,0,0,0,,1,4,4,0,,,,
"https://www.rbfa.be/nl/wedstrijd/7520921","K. VC Ardooie A","K. Eendr. Wervik A","Dylan Olievier","1","K. Eendr. Wervik A",true,false,false,"Loss",true,false,,false,,90,0,0,0,1,0,0,,0,-4,0,4,,,,
"https://www.rbfa.be/nl/wedstrijd/7520921","K. VC Ardooie A","K. Eendr. Wervik A","Guillaume Tournicourt","3","K. VC Ardooie A",false,false,false,"Win",true,false,,true,79,79,0,0,0,1,0,0,,1,4,4,0,0.5,0,0,0
"https://www.rbfa.be/nl/wedstrijd/7520921","K. VC Ardooie A","K. Eendr. Wervik A","Younes Haci","2","K. Eendr. Wervik A",false,false,false,"Loss",true,false,,false,,90,0,0,0,1,0,0,,0,-4,0,4,,,,
"https://www.rbfa.be/nl/wedstrijd/7520921","K. VC Ardooie A","K. Eendr. Wervik A","Joran Lievrouw","4","K. VC Ardooie A",false,false,false,"Win",true,false,,false,,90,0,0,0,0,0,0,,1,4,4,0,,,,
"https://www.rbfa.be/nl/wedstrijd/7520921","K. VC Ardooie A","K. Eendr. Wervik A","Olivann Bossom","3","K. Eendr. Wervik A",false,false,false,"Loss",true,false,,false,,90,0,0,0,0,0,0,,0,-4,0,4,,,,
"https://www.rbfa.be/nl/wedstrijd/7520921","K. VC Ardooie A","K. Eendr. Wervik A","Maxim Ver Eecke","5","K. VC Ardooie A",false,false,false,"Win",true,false,,false,,90,1,0,0,0,0,0,,1,4,4,0,,,,
"https://www.rbfa.be/nl/wedstrijd/7520921","K. VC Ardooie A","K. Eendr. Wervik A","Youssef Bouyfoulkitne","4","K. Eendr. Wervik A",false,false,false,"Loss",true,false,,true,46,46,0,0,0,0,0,0,,0,-1,0,1,0,-3,0,3
"https://www.rbfa.be/nl/wedstrijd/7520921","K. VC Ardooie A","K. Eendr. Wervik A","Matisse Maelfait","6","K. VC Ardooie A",false,false,false,"Win",true,false,,false,,90,0,0,0,1,0,0,,1,4,4,0,,,,
"https://www.rbfa.be/nl/wedstrijd/7520921","K. VC Ardooie A","K. Eendr. Wervik A","Neil Serbouh","6","K. Eendr. Wervik A",false,false,false,"Loss",true,false,,true,75,75,0,0,0,0,0,0,,0,-4,0,4,0.5,0,0,0
"https://www.rbfa.be/nl/wedstrijd/7520921","K. VC Ardooie A","K. Eendr. Wervik A","Giovanni Franco Simoês","8","K. VC Ardooie A",false,false,false,"Win",true,false,,false,,90,0,0,0,0,0,0,,1,4,4,0,,,,
"https://www.rbfa.be/nl/wedstrijd/7520921","K. VC Ardooie A","K. Eendr. Wervik A","Emiel Stevens","8","K. Eendr. Wervik A",false,true,false,"Loss",true,false,,false,,90,0,0,0,1,0,0,,0,-4,0,4,,,,
"https://www.rbfa.be/nl/wedstrijd/7520921","K. VC Ardooie A","K. Eendr. Wervik A","Jordi Loncke","11","K. VC Ardooie A",false,false,false,"Win",true,false,,true,62,62,0,0,0,0,0,0,,1,3,3,0,1,1,1,0
"https://www.rbfa.be/nl/wedstrijd/7520921","K. VC Ardooie A","K. Eendr. Wervik A","Abdoul Salam Sow","15","K. Eendr. Wervik A",false,false,false,"Loss",true,false,,true,46,46,0,0,0,0,0,0,,0,-1,0,1,0,-3,0,3
"https://www.rbfa.be/nl/wedstrijd/7520921","K. VC Ardooie A","K. Eendr. Wervik A","Lennert Van De Putte","13","K. VC Ardooie A",false,false,false,"Win",true,false,,true,62,62,0,0,0,0,0,0,,1,3,3,0,1,1,1,0
"https://www.rbfa.be/nl/wedstrijd/7520921","K. VC Ardooie A","K. Eendr. Wervik A","Arthur Crombez","17","K. Eendr. Wervik A",false,false,false,"Loss",true,false,,true,75,75,0,0,0,0,0,0,,0,-4,0,4,0.5,0,0,0
"https://www.rbfa.be/nl/wedstrijd/7520921","K. VC Ardooie A","K. Eendr. Wervik A","Glenn Maddens","14","K. VC Ardooie A",false,false,false,"Win",true,false,,false,,90,0,0,0,0,0,0,,1,4,4,0,,,,
"https://www.rbfa.be/nl/wedstrijd/7520921","K. VC Ardooie A","K. Eendr. Wervik A","Geoffrey Coppin","22","K. Eendr. Wervik A",false,false,false,"Loss",true,false,,false,,90,0,0,0,1,0,0,,0,-4,0,4,,,,
"https://www.rbfa.be/nl/wedstrijd/7520921","K. VC Ardooie A","K. Eendr. Wervik A","Gregory Hermans","17","K. VC Ardooie A",false,false,false,"Win",true,false,,true,28,28,0,1,0,0,0,0,,1,1,1,0,1,3,3,0
"https://www.rbfa.be/nl/wedstrijd/7520921","K. VC Ardooie A","K. Eendr. Wervik A","Quentin Christophe Despringre","25","K. Eendr. Wervik A",false,false,false,"Loss",true,false,,false,,90,0,0,0,0,0,0,,0,-4,0,4,,,,
"https://www.rbfa.be/nl/wedstrijd/7520921","K. VC Ardooie A","K. Eendr. Wervik A","Noah Dumortier","18","K. VC Ardooie A",false,false,false,"Win",true,false,,true,79,79,0,0,0,0,0,0,,1,4,4,0,0.5,0,0,0
"https://www.rbfa.be/nl/wedstrijd/7520921","K. VC Ardooie A","K. Eendr. Wervik A","Bilal Al Ghami","31","K. Eendr. Wervik A",false,false,false,"Loss",true,false,,true,75,75,0,0,0,1,0,0,,0,-4,0,4,0.5,0,0,0
"https://www.rbfa.be/nl/wedstrijd/7520921","K. VC Ardooie A","K. Eendr. Wervik A","Brian Depondt","2","K. VC Ardooie A",false,false,false,"Win",false,true,79,false,,11,0,0,0,0,0,0,,0.5,0,0,0,1,4,4,0
"https://www.rbfa.be/nl/wedstrijd/7520921","K. VC Ardooie A","K. Eendr. Wervik A","Jonathan Harrang","5","K. Eendr. Wervik A",false,false,false,"Loss",false,true,75,false,,15,0,0,0,0,0,0,,0.5,0,0,0,0,-4,0,4
"https://www.rbfa.be/nl/wedstrijd/7520921","K. VC Ardooie A","K. Eendr. Wervik A","Edouard Holvoet","7","K. VC Ardooie A",false,false,false,"Win",false,true,62,false,,28,0,0,0,0,0,0,,1,1,1,0,1,3,3,0
"https://www.rbfa.be/nl/wedstrijd/7520921","K. VC Ardooie A","K. Eendr. Wervik A","Adil Haci","11","K. Eendr. Wervik A",false,false,false,"Loss",false,true,75,false,,15,0,0,0,0,0,0,,0.5,0,0,0,0,-4,0,4
"https://www.rbfa.be/nl/wedstrijd/7520921","K. VC Ardooie A","K. Eendr. Wervik A","Aiden Lenihan","9","K. VC Ardooie A",false,false,false,"Win",false,true,28,false,,62,2,0,0,0,0,0,,1,3,3,0,1,1,1,0
"https://www.rbfa.be/nl/wedstrijd/7520921","K. VC Ardooie A","K. Eendr. Wervik A","Walid Meftah Ben Abed","13","K. Eendr. Wervik A",false,false,false,"Loss",false,true,75,false,,15,0,0,0,0,0,0,,0.5,0,0,0,0,-4,0,4
"https://www.rbfa.be/nl/wedstrijd/7520921","K. VC Ardooie A","K. Eendr. Wervik A","Gianluca Cardoen","10","K. VC Ardooie A",false,false,false,"Win",false,true,62,false,,28,0,0,0,0,0,0,,1,1,1,0,1,3,3,0
"https://www.rbfa.be/nl/wedstrijd/7520921","K. VC Ardooie A","K. Eendr. Wervik A","Yann-Moussa André Diallo","19","K. Eendr. Wervik A",false,false,false,"Loss",false,true,46,false,,44,0,0,0,0,0,0,,0,-3,0,3,0,-1,0,1
"https://www.rbfa.be/nl/wedstrijd/7520921","K. VC Ardooie A","K. Eendr. Wervik A","Milan Rudy Deprest","12","K. VC Ardooie A",false,false,false,"Win",false,true,79,false,,11,0,0,0,1,0,0,,0.5,0,0,0,1,4,4,0
"https://www.rbfa.be/nl/wedstrijd/7520921","K. VC Ardooie A","K. Eendr. Wervik A","Billal Debiche","26","K. Eendr. Wervik A",false,false,false,"Loss",false,true,46,false,,44,0,0,0,0,0,0,,0,-3,0,3,0,-1,0,1
"https://www.rbfa.be/nl/wedstrijd/7520917","K. SK Beveren-Leie A","K.R.C. Waregem A","Benoit Degruyter","1","K. SK Beveren-Leie A",true,true,false,"Loss",true,false,,false,,90,0,0,0,0,0,0,,0,-1,0,1,,,,
"https://www.rbfa.be/nl/wedstrijd/7520917","K. SK Beveren-Leie A","K.R.C. Waregem A","Soren Dutoit","1","K.R.C. Waregem A",true,false,true,"Win",true,false,,false,,90,0,0,0,0,0,0,,1,1,1,0,,,,
"https://www.rbfa.be/nl/wedstrijd/7520917","K. SK Beveren-Leie A","K.R.C. Waregem A","Vincenzo Dujardin","3","K. SK Beveren-Leie A",false,false,false,"Loss",true,false,,false,,90,0,0,0,0,0,0,,0,-1,0,1,,,,
"https://www.rbfa.be/nl/wedstrijd/7520917","K. SK Beveren-Leie A","K.R.C. Waregem A","Siebe Depraetere","2","K.R.C. Waregem A",false,false,false,"Win",true,false,,false,,90,1,0,0,0,0,0,,1,1,1,0,,,,
"https://www.rbfa.be/nl/wedstrijd/7520917","K. SK Beveren-Leie A","K.R.C. Waregem A","Maarten Vanlerberghe","4","K. SK Beveren-Leie A",false,false,false,"Loss",true,false,,false,,90,0,0,0,0,0,0,,0,-1,0,1,,,,
"https://www.rbfa.be/nl/wedstrijd/7520917","K. SK Beveren-Leie A","K.R.C. Waregem A","Robbe Driessens","3","K.R.C. Waregem A",false,false,false,"Win",true,false,,false,,90,0,0,0,0,0,0,,1,1,1,0,,,,
"https://www.rbfa.be/nl/wedstrijd/7520917","K. SK Beveren-Leie A","K.R.C. Waregem A","Gianni Sobrie","5","K. SK Beveren-Leie A",false,false,false,"Loss",true,false,,false,,90,0,0,0,1,0,0,,0,-1,0,1,,,,
"https://www.rbfa.be/nl/wedstrijd/7520917","K. SK Beveren-Leie A","K.R.C. Waregem A","Denzel Van Fleteren","5","K.R.C. Waregem A",false,true,false,"Win",true,false,,false,,90,0,0,0,1,0,0,,1,1,1,0,,,,
"https://www.rbfa.be/nl/wedstrijd/7520917","K. SK Beveren-Leie A","K.R.C. Waregem A","Alpha Mamoudou Sylla","7","K. SK Beveren-Leie A",false,false,false,"Loss",true,false,,false,,90,0,0,0,0,0,0,,0,-1,0,1,,,,
"https://www.rbfa.be/nl/wedstrijd/7520917","K. SK Beveren-Leie A","K.R.C. Waregem A","Jörg Roger Dutoit","7","K.R.C. Waregem A",false,false,false,"Win",true,false,,false,,90,0,0,0,0,0,0,,1,1,1,0,,,,
"https://www.rbfa.be/nl/wedstrijd/7520917","K. SK Beveren-Leie A","K.R.C. Waregem A","Dmitry Konstantinovich Kryzhanovskiy","9","K. SK Beveren-Leie A",false,false,false,"Loss",true,false,,true,84,84,0,0,0,0,0,0,,0,-1,0,1,0.5,0,0,0
"https://www.rbfa.be/nl/wedstrijd/7520917","K. SK Beveren-Leie A","K.R.C. Waregem A","Jarne Vanderpoorten","8","K.R.C. Waregem A",false,false,false,"Win",true,false,,false,,90,0,0,0,0,0,0,,1,1,1,0,,,,
"https://www.rbfa.be/nl/wedstrijd/7520917","K. SK Beveren-Leie A","K.R.C. Waregem A","Yani Desmet","10","K. SK Beveren-Leie A",false,false,false,"Loss",true,false,,false,,90,0,0,0,1,0,0,,0,-1,0,1,,,,
"https://www.rbfa.be/nl/wedstrijd/7520917","K. SK Beveren-Leie A","K.R.C. Waregem A","Simon Vandenabeele","9","K.R.C. Waregem A",false,false,false,"Win",true,false,,true,84,84,0,0,0,0,0,0,,1,1,1,0,0.5,0,0,0
"https://www.rbfa.be/nl/wedstrijd/7520917","K. SK Beveren-Leie A","K.R.C. Waregem A","Bryan Khetta","14","K. SK Beveren-Leie A",false,false,false,"Loss",true,false,,true,84,84,0,0,0,0,0,0,,0,-1,0,1,0.5,0,0,0
"https://www.rbfa.be/nl/wedstrijd/7520917","K. SK Beveren-Leie A","K.R.C. Waregem A","Tjardo Vanderghinste","14","K.R.C. Waregem A",false,false,false,"Win",true,false,,true,84,84,0,0,0,0,0,0,,1,1,1,0,0.5,0,0,0
"https://www.rbfa.be/nl/wedstrijd/7520917","K. SK Beveren-Leie A","K.R.C. Waregem A","Safouane Rahhab","15","K. SK Beveren-Leie A",false,false,false,"Loss",true,false,,true,88,88,0,0,0,0,0,0,,0,-1,0,1,0.5,0,0,0
"https://www.rbfa.be/nl/wedstrijd/7520917","K. SK Beveren-Leie A","K.R.C. Waregem A","Mathis Lievens","19","K.R.C. Waregem A",false,false,false,"Win",true,false,,true,30,30,0,0,0,0,0,0,,0.5,0,0,0,1,1,1,0
"https://www.rbfa.be/nl/wedstrijd/7520917","K. SK Beveren-Leie A","K.R.C. Waregem A","Alessandro Dujardin","18","K. SK Beveren-Leie A",false,false,false,"Loss",true,false,,false,,90,0,0,0,1,0,0,,0,-1,0,1,,,,
"https://www.rbfa.be/nl/wedstrijd/7520917","K. SK Beveren-Leie A","K.R.C. Waregem A","Emiel Delmulle","20","K.R.C. Waregem A",false,false,false,"Win",true,false,,true,55,55,0,0,0,0,0,0,,0.5,0,0,0,1,1,1,0
"https://www.rbfa.be/nl/wedstrijd/7520917","K. SK Beveren-Leie A","K.R.C. Waregem A","Gilles De Greve","19","K. SK Beveren-Leie A",false,false,false,"Loss",true,false,,false,,90,0,0,0,0,0,0,,0,-1,0,1,,,,
"https://www.rbfa.be/nl/wedstrijd/7520917","K. SK Beveren-Leie A","K.R.C. Waregem A","Arnaut Devenyns","21","K.R.C. Waregem A",false,false,false,"Win",true,false,,false,,90,0,0,0,0,0,0,,1,1,1,0,,,,
"https://www.rbfa.be/nl/wedstrijd/7520917","K. SK Beveren-Leie A","K.R.C. Waregem A","Lex Vaneeckhoutte","20","K. SK Beveren-Leie A",true,false,false,"Loss",false,false,,false,,0,0,0,0,0,0,0,,,,,,0.5,0,0,0
"https://www.rbfa.be/nl/wedstrijd/7520917","K. SK Beveren-Leie A","K.R.C. Waregem A","Kyran Vantieghem","13","K.R.C. Waregem A",true,false,false,"Win",false,false,,false,,0,0,0,0,0,0,0,,,,,,0.5,0,0,0
"https://www.rbfa.be/nl/wedstrijd/7520917","K. SK Beveren-Leie A","K.R.C. Waregem A","Jari Longueville","11","K. SK Beveren-Leie A",false,false,false,"Loss",false,true,88,false,,2,0,0,0,0,0,0,,0.5,0,0,0,0,-1,0,1
"https://www.rbfa.be/nl/wedstrijd/7520917","K. SK Beveren-Leie A","K.R.C. Waregem A","Leko Albert Verbauwhede","4","K.R.C. Waregem A",false,false,false,"Win",false,true,84,false,,6,0,0,0,0,0,0,,0.5,0,0,0,1,1,1,0
"https://www.rbfa.be/nl/wedstrijd/7520917","K. SK Beveren-Leie A","K.R.C. Waregem A","Baptiste Vandoorne","12","K. SK Beveren-Leie A",false,false,false,"Loss",false,true,84,false,,6,0,0,0,0,0,0,,0.5,0,0,0,0,-1,0,1
"https://www.rbfa.be/nl/wedstrijd/7520917","K. SK Beveren-Leie A","K.R.C. Waregem A","Robbe Debue","11","K.R.C. Waregem A",false,false,false,"Win",false,true,30,false,,60,0,0,0,0,0,0,,1,1,1,0,0.5,0,0,0
"https://www.rbfa.be/nl/wedstrijd/7520917","K. SK Beveren-Leie A","K.R.C. Waregem A","Rimas Vande Vyver","13","K. SK Beveren-Leie A",false,false,false,"Loss",false,true,84,false,,6,0,0,0,0,0,0,,0.5,0,0,0,0,-1,0,1
"https://www.rbfa.be/nl/wedstrijd/7520917","K. SK Beveren-Leie A","K.R.C. Waregem A","Kengi Callens","12","K.R.C. Waregem A",false,false,false,"Win",false,true,84,false,,6,0,0,0,0,0,0,,0.5,0,0,0,1,1,1,0
"https://www.rbfa.be/nl/wedstrijd/7520917","K. SK Beveren-Leie A","K.R.C. Waregem A","Matteo Dujardin","17","K.R.C. Waregem A",false,false,false,"Win",false,true,55,false,,35,0,0,0,1,0,0,,1,1,1,0,0.5,0,0,0
"https://www.rbfa.be/nl/wedstrijd/7520924","K. Sassp. Boezinge A","K. SV Veurne A","Justin Vanbrabandt","89","K. Sassp. Boezinge A",true,true,false,"Draw",true,false,,false,,90,0,0,0,0,0,0,,0.5,0,2,2,,,,
"https://www.rbfa.be/nl/wedstrijd/7520924","K. Sassp. Boezinge A","K. SV Veurne A","Wout Vandendriessche","54","K. SV Veurne A",true,false,false,"Draw",true,false,,false,,90,0,0,0,0,0,0,,0.5,0,2,2,,,,
"https://www.rbfa.be/nl/wedstrijd/7520924","K. Sassp. Boezinge A","K. SV Veurne A","Maxime Vanackere","2","K. Sassp. Boezinge A",false,false,false,"Draw",true,false,,false,,90,0,0,0,0,0,0,,0.5,0,2,2,,,,
"https://www.rbfa.be/nl/wedstrijd/7520924","K. Sassp. Boezinge A","K. SV Veurne A","Pieter Dedrie","3","K. SV Veurne A",false,false,false,"Draw",true,false,,false,,90,0,0,0,0,0,0,,0.5,0,2,2,,,,
"https://www.rbfa.be/nl/wedstrijd/7520924","K. Sassp. Boezinge A","K. SV Veurne A","Valentin Mahieu","3","K. Sassp. Boezinge A",false,false,false,"Draw",true,false,,false,,90,0,0,0,0,0,0,,0.5,0,2,2,,,,
"https://www.rbfa.be/nl/wedstrijd/7520924","K. Sassp. Boezinge A","K. SV Veurne A","Wietse Deprez","6","K. SV Veurne A",false,false,false,"Draw",true,false,,true,32,32,0,0,0,0,0,0,,0,-1,0,1,1,1,2,1
"https://www.rbfa.be/nl/wedstrijd/7520924","K. Sassp. Boezinge A","K. SV Veurne A","Ibe Duflou","5","K. Sassp. Boezinge A",false,false,false,"Draw",true,false,,false,,90,0,0,0,0,0,0,,0.5,0,2,2,,,,
"https://www.rbfa.be/nl/wedstrijd/7520924","K. Sassp. Boezinge A","K. SV Veurne A","Gianni Jooris","7","K. SV Veurne A",false,false,false,"Draw",true,false,,false,,90,0,0,0,1,0,0,,0.5,0,2,2,,,,
"https://www.rbfa.be/nl/wedstrijd/7520924","K. Sassp. Boezinge A","K. SV Veurne A","Mouhamed Sarr","6","K. Sassp. Boezinge A",false,false,false,"Draw",true,false,,true,88,88,0,0,0,1,0,0,,0.5,0,2,2,0.5,0,0,0
"https://www.rbfa.be/nl/wedstrijd/7520924","K. Sassp. Boezinge A","K. SV Veurne A","Dayne Clarebout","9","K. SV Veurne A",false,false,false,"Draw",true,false,,true,85,85,0,0,0,0,0,0,,0.5,0,2,2,0.5,0,0,0
"https://www.rbfa.be/nl/wedstrijd/7520924","K. Sassp. Boezinge A","K. SV Veurne A","Ward Maerten","7","K. Sassp. Boezinge A",false,false,false,"Draw",true,false,,false,,90,0,0,0,1,0,0,,0.5,0,2,2,,,,
"https://www.rbfa.be/nl/wedstrijd/7520924","K. Sassp. Boezinge A","K. SV Veurne A","Luca Baekelandt","10","K. SV Veurne A",false,true,false,"Draw",true,false,,false,,90,0,0,0,0,0,0,,0.5,0,2,2,,,,
"https://www.rbfa.be/nl/wedstrijd/7520924","K. Sassp. Boezinge A","K. SV Veurne A","Fabian Rassalle","14","K. Sassp. Boezinge A",false,false,false,"Draw",true,false,,true,64,64,1,0,0,0,0,0,,1,1,1,0,0,-1,1,2
"https://www.rbfa.be/nl/wedstrijd/7520924","K. Sassp. Boezinge A","K. SV Veurne A","Dante Blanckaert","17","K. SV Veurne A",false,false,false,"Draw",true,false,,true,85,85,1,0,0,0,0,0,,0.5,0,2,2,0.5,0,0,0
"https://www.rbfa.be/nl/wedstrijd/7520924","K. Sassp. Boezinge A","K. SV Veurne A","Lennart Sampers","20","K. Sassp. Boezinge A",false,false,false,"Draw",true,false,,false,,90,0,0,0,0,0,0,,0.5,0,2,2,,,,
"https://www.rbfa.be/nl/wedstrijd/7520924","K. Sassp. Boezinge A","K. SV Veurne A","Bart Winnock","21","K. SV Veurne A",false,false,false,"Draw",true,false,,false,,90,0,0,0,0,0,0,,0.5,0,2,2,,,,
"https://www.rbfa.be/nl/wedstrijd/7520924","K. Sassp. Boezinge A","K. SV Veurne A","Jarne Jodts","21","K. Sassp. Boezinge A",false,false,false,"Draw",true,false,,false,,90,0,0,0,0,0,0,,0.5,0,2,2,,,,
"https://www.rbfa.be/nl/wedstrijd/7520924","K. Sassp. Boezinge A","K. SV Veurne A","Kevin Chateau","22","K. SV Veurne A",false,false,false,"Draw",true,false,,false,,90,0,0,0,0,0,0,,0.5,0,2,2,,,,
"https://www.rbfa.be/nl/wedstrijd/7520924","K. Sassp. Boezinge A","K. SV Veurne A","Owen Casier","22","K. Sassp. Boezinge A",false,false,false,"Draw",true,false,,false,,90,0,0,1,0,0,0,,0.5,0,2,2,,,,
"https://www.rbfa.be/nl/wedstrijd/7520924","K. Sassp. Boezinge A","K. SV Veurne A","Kasper De Keyrel","24","K. SV Veurne A",false,false,false,"Draw",true,false,,false,,90,0,0,0,0,0,0,,0.5,0,2,2,,,,
"https://www.rbfa.be/nl/wedstrijd/7520924","K. Sassp. Boezinge A","K. SV Veurne A","Lilian Bochet","25","K. Sassp. Boezinge A",false,false,false,"Draw",true,false,,true,77,77,0,0,0,0,0,0,,0.5,0,2,2,0.5,0,0,0
"https://www.rbfa.be/nl/wedstrijd/7520924","K. Sassp. Boezinge A","K. SV Veurne A","Anouk Vanysacker","44","K. SV Veurne A",false,false,false,"Draw",true,false,,false,,90,0,0,0,0,0,0,,0.5,0,2,2,,,,
"https://www.rbfa.be/nl/wedstrijd/7520924","K. Sassp. Boezinge A","K. SV Veurne A","Milan Cneudt","13","K. Sassp. Boezinge A",true,false,false,"Draw",false,false,,false,,0,0,0,0,0,0,0,,,,,,0.5,0,0,0
"https://www.rbfa.be/nl/wedstrijd/7520924","K. Sassp. Boezinge A","K. SV Veurne A","Jordy Bardyn","8","K. SV Veurne A",false,false,false,"Draw",false,true,32,false,,58,0,0,0,0,0,0,,1,1,2,1,0,-1,0,1
"https://www.rbfa.be/nl/wedstrijd/7520924","K. Sassp. Boezinge A","K. SV Veurne A","Ilyas Lakfif","9","K. Sassp. Boezinge A",false,false,false,"Draw",false,true,88,false,,2,0,0,0,0,0,0,,0.5,0,0,0,0.5,0,2,2
"https://www.rbfa.be/nl/wedstrijd/7520924","K. Sassp. Boezinge A","K. SV Veurne A","Cis Goesaert","28","K. SV Veurne A",false,false,false,"Draw",false,true,85,false,,5,0,0,0,0,0,0,,0.5,0,0,0,0.5,0,2,2
"https://www.rbfa.be/nl/wedstrijd/7520924","K. Sassp. Boezinge A","K. SV Veurne A","Joenes Kasmi","18","K. Sassp. Boezinge A",false,false,false,"Draw",false,true,77,false,,13,0,0,0,0,0,0,,0.5,0,0,0,0.5,0,2,2
"https://www.rbfa.be/nl/wedstrijd/7520924","K. Sassp. Boezinge A","K. SV Veurne A","Joppe Rathé","47","K. SV Veurne A",false,false,false,"Draw",false,true,85,false,,5,0,0,0,0,0,0,,0.5,0,0,0,0.5,0,2,2
"https://www.rbfa.be/nl/wedstrijd/7520924","K. Sassp. Boezinge A","K. SV Veurne A","Seppe Gantois","23","K. Sassp. Boezinge A",false,false,false,"Draw",false,true,64,false,,26,1,0,0,1,0,0,,0,-1,1,2,1,1,1,0
"https://www.rbfa.be/nl/wedstrijd/7520924","K. Sassp. Boezinge A","K. SV Veurne A","Colin Sohier","24","K. Sassp. Boezinge A",false,false,false,"Draw",false,false,,false,,0,0,0,0,0,0,0,,,,,,0.5,0,0,0
"https://www.rbfa.be/nl/wedstrijd/7520922","KFC Aalbeke Sport A","K. SK Beveren-Leie A","Thijs Debuyck","1","KFC Aalbeke Sport A",true,false,false,"Win",true,false,,false,,90,0,0,0,0,0,0,,1,2,6,4,,,,
"https://www.rbfa.be/nl/wedstrijd/7520922","KFC Aalbeke Sport A","K. SK Beveren-Leie A","Benoit Degruyter","1","K. SK Beveren-Leie A",true,true,false,"Loss",true,false,,false,,90,0,0,0,0,0,0,,0,-2,4,6,,,,
"https://www.rbfa.be/nl/wedstrijd/7520922","KFC Aalbeke Sport A","K. SK Beveren-Leie A","Charles-Victor Otté","5","KFC Aalbeke Sport A",false,false,false,"Win",true,false,,false,,90,0,0,0,0,0,0,,1,2,6,4,,,,
"https://www.rbfa.be/nl/wedstrijd/7520922","KFC Aalbeke Sport A","K. SK Beveren-Leie A","Vincenzo Dujardin","3","K. SK Beveren-Leie A",false,false,false,"Loss",true,false,,false,,90,0,0,0,0,0,0,,0,-2,4,6,,,,
"https://www.rbfa.be/nl/wedstrijd/7520922","KFC Aalbeke Sport A","K. SK Beveren-Leie A","Kevin Gallo","6","KFC Aalbeke Sport A",false,false,false,"Win",true,false,,true,82,82,0,0,0,0,0,0,,0.5,0,4,4,1,2,2,0
"https://www.rbfa.be/nl/wedstrijd/7520922","KFC Aalbeke Sport A","K. SK Beveren-Leie A","Maarten Vanlerberghe","4","K. SK Beveren-Leie A",false,false,false,"Loss",true,false,,false,,90,0,0,0,0,0,0,,0,-2,4,6,,,,
"https://www.rbfa.be/nl/wedstrijd/7520922","KFC Aalbeke Sport A","K. SK Beveren-Leie A","Bjarne Vanderstraeten","7","KFC Aalbeke Sport A",false,false,false,"Win",true,false,,true,91,91,3,0,0,0,0,0,,1,2,6,4,,,,
"https://www.rbfa.be/nl/wedstrijd/7520922","KFC Aalbeke Sport A","K. SK Beveren-Leie A","Gianni Sobrie","5","K. SK Beveren-Leie A",false,false,false,"Loss",true,false,,false,,90,0,0,0,0,0,0,,0,-2,4,6,,,,
"https://www.rbfa.be/nl/wedstrijd/7520922","KFC Aalbeke Sport A","K. SK Beveren-Leie A","Marvin Pierre Turcan","10","KFC Aalbeke Sport A",false,false,false,"Win",true,false,,false,,90,0,1,0,0,0,0,,1,2,6,4,,,,
"https://www.rbfa.be/nl/wedstrijd/7520922","KFC Aalbeke Sport A","K. SK Beveren-Leie A","Alpha Mamoudou Sylla","7","K. SK Beveren-Leie A",false,false,false,"Loss",true,false,,false,,90,1,0,0,0,0,0,,0,-2,4,6,,,,
"https://www.rbfa.be/nl/wedstrijd/7520922","KFC Aalbeke Sport A","K. SK Beveren-Leie A","Thibaut Millecamps","17","KFC Aalbeke Sport A",false,false,false,"Win",true,false,,true,61,61,1,0,0,0,0,0,,0.5,0,3,3,1,2,3,1
"https://www.rbfa.be/nl/wedstrijd/7520922","KFC Aalbeke Sport A","K. SK Beveren-Leie A","Dmitry Konstantinovich Kryzhanovskiy","9","K. SK Beveren-Leie A",false,false,false,"Loss",true,false,,false,,90,1,0,0,0,0,0,,0,-2,4,6,,,,
"https://www.rbfa.be/nl/wedstrijd/7520922","KFC Aalbeke Sport A","K. SK Beveren-Leie A","Corentin Fabrice Cottenceau","18","KFC Aalbeke Sport A",false,false,false,"Win",true,false,,false,,90,1,0,0,0,0,0,,1,2,6,4,,,,
"https://www.rbfa.be/nl/wedstrijd/7520922","KFC Aalbeke Sport A","K. SK Beveren-Leie A","Yani Desmet","10","K. SK Beveren-Leie A",false,false,false,"Loss",true,false,,false,,90,1,0,0,0,0,0,,0,-2,4,6,,,,
"https://www.rbfa.be/nl/wedstrijd/7520922","KFC Aalbeke Sport A","K. SK Beveren-Leie A","Pieter De Winter","23","KFC Aalbeke Sport A",false,true,false,"Win",true,false,,true,61,61,0,0,0,0,0,0,,0.5,0,3,3,1,2,3,1
"https://www.rbfa.be/nl/wedstrijd/7520922","KFC Aalbeke Sport A","K. SK Beveren-Leie A","Bryan Khetta","14","K. SK Beveren-Leie A",false,false,false,"Loss",true,false,,true,83,83,1,0,0,0,0,0,,0.5,0,4,4,0,-2,0,2
"https://www.rbfa.be/nl/wedstrijd/7520922","KFC Aalbeke Sport A","K. SK Beveren-Leie A","Taybi Bensalem","29","KFC Aalbeke Sport A",false,false,false,"Win",true,false,,false,,90,0,0,0,1,0,0,,1,2,6,4,,,,
"https://www.rbfa.be/nl/wedstrijd/7520922","KFC Aalbeke Sport A","K. SK Beveren-Leie A","Safouane Rahhab","15","K. SK Beveren-Leie A",false,false,false,"Loss",true,false,,false,,90,0,0,0,0,0,0,,0,-2,4,6,,,,
"https://www.rbfa.be/nl/wedstrijd/7520922","KFC Aalbeke Sport A","K. SK Beveren-Leie A","Sabri Bensalim","30","KFC Aalbeke Sport A",false,false,false,"Win",true,false,,true,82,82,0,0,0,0,0,0,,0.5,0,4,4,1,2,2,0
"https://www.rbfa.be/nl/wedstrijd/7520922","KFC Aalbeke Sport A","K. SK Beveren-Leie A","Alessandro Dujardin","18","K. SK Beveren-Leie A",false,false,false,"Loss",true,false,,false,,90,0,0,0,0,0,0,,0,-2,4,6,,,,
"https://www.rbfa.be/nl/wedstrijd/7520922","KFC Aalbeke Sport A","K. SK Beveren-Leie A","Jan De Winter","96","KFC Aalbeke Sport A",false,false,false,"Win",true,false,,false,,90,0,0,0,1,0,0,,1,2,6,4,,,,
"https://www.rbfa.be/nl/wedstrijd/7520922","KFC Aalbeke Sport A","K. SK Beveren-Leie A","Gilles De Greve","19","K. SK Beveren-Leie A",false,false,false,"Loss",true,false,,false,,90,0,0,0,0,0,0,,0,-2,4,6,,,,
"https://www.rbfa.be/nl/wedstrijd/7520922","KFC Aalbeke Sport A","K. SK Beveren-Leie A","Jasper Vanneste","3","KFC Aalbeke Sport A",false,false,false,"Win",false,true,91,false,,-1,0,0,0,0,0,0,,,,,,1,2,6,4
"https://www.rbfa.be/nl/wedstrijd/7520922","KFC Aalbeke Sport A","K. SK Beveren-Leie A","Emiel Vervaecke","20","K. SK Beveren-Leie A",true,false,false,"Loss",false,false,,false,,0,0,0,0,0,0,0,,,,,,0.5,0,0,0
"https://www.rbfa.be/nl/wedstrijd/7520922","KFC Aalbeke Sport A","K. SK Beveren-Leie A","Amine Ahdach","8","KFC Aalbeke Sport A",false,false,false,"Win",false,true,82,false,,8,0,0,0,0,0,0,,1,2,2,0,0.5,0,4,4
"https://www.rbfa.be/nl/wedstrijd/7520922","KFC Aalbeke Sport A","K. SK Beveren-Leie A","Jari Longueville","11","K. SK Beveren-Leie A",false,false,false,"Loss",false,false,,false,,0,0,0,0,0,0,0,,,,,,0.5,0,0,0
"https://www.rbfa.be/nl/wedstrijd/7520922","KFC Aalbeke Sport A","K. SK Beveren-Leie A","Nathan Bunga Mbuta","9","KFC Aalbeke Sport A",false,false,false,"Win",false,true,61,false,,29,0,0,0,0,0,0,,1,1,3,2,1,1,3,2
"https://www.rbfa.be/nl/wedstrijd/7520922","KFC Aalbeke Sport A","K. SK Beveren-Leie A","Baptiste Vandoorne","12","K. SK Beveren-Leie A",false,false,false,"Loss",false,false,,false,,0,0,0,0,0,0,0,,,,,,0.5,0,0,0
"https://www.rbfa.be/nl/wedstrijd/7520922","KFC Aalbeke Sport A","K. SK Beveren-Leie A","Klaas Lievrouw","13","KFC Aalbeke Sport A",false,false,false,"Win",false,true,61,false,,29,0,0,0,0,0,0,,1,1,3,2,1,1,3,2
"https://www.rbfa.be/nl/wedstrijd/7520922","KFC Aalbeke Sport A","K. SK Beveren-Leie A","Rimas Vande Vyver","13","K. SK Beveren-Leie A",false,false,false,"Loss",false,true,83,false,,7,0,0,0,0,0,0,,0,-2,0,2,0.5,0,4,4
"https://www.rbfa.be/nl/wedstrijd/7520922","KFC Aalbeke Sport A","K. SK Beveren-Leie A","Lander Wyseur","16","KFC Aalbeke Sport A",false,false,false,"Win",false,true,82,false,,8,0,0,0,0,0,0,,1,2,2,0,0.5,0,4,4
"https://www.rbfa.be/nl/wedstrijd/7520922","KFC Aalbeke Sport A","K. SK Beveren-Leie A","Dario Wandels","16","K. SK Beveren-Leie A",false,false,false,"Loss",false,false,,false,,0,0,0,0,0,0,0,,,,,,0.5,0,0,0
"https://www.rbfa.be/nl/wedstrijd/7520923","K. Eendr. Wervik A","K. FC Varsenare A","Dylan Olievier","1","K. Eendr. Wervik A",true,false,false,"Loss",true,false,,false,,90,0,0,0,0,0,0,,0,-1,1,2,,,,
"https://www.rbfa.be/nl/wedstrijd/7520923","K. Eendr. Wervik A","K. FC Varsenare A","Sebastien Cattoor","48","K. FC Varsenare A",true,false,false,"Win",true,false,,false,,90,0,0,0,0,0,0,,1,1,2,1,,,,
"https://www.rbfa.be/nl/wedstrijd/7520923","K. Eendr. Wervik A","K. FC Varsenare A","Younes Haci","2","K. Eendr. Wervik A",false,false,false,"Loss",true,false,,false,,90,0,0,0,1,0,0,,0,-1,1,2,,,,
"https://www.rbfa.be/nl/wedstrijd/7520923","K. Eendr. Wervik A","K. FC Varsenare A","Benoit Onraet","4","K. FC Varsenare A",false,false,false,"Win",true,false,,false,,90,0,0,0,1,0,0,,1,1,2,1,,,,
"https://www.rbfa.be/nl/wedstrijd/7520923","K. Eendr. Wervik A","K. FC Varsenare A","Olivann Bossom","3","K. Eendr. Wervik A",false,false,false,"Loss",true,false,,false,,90,0,0,0,0,0,0,,0,-1,1,2,,,,
"https://www.rbfa.be/nl/wedstrijd/7520923","K. Eendr. Wervik A","K. FC Varsenare A","Matteo Compernolle","5","K. FC Varsenare A",false,false,false,"Win",true,false,,true,65,65,0,0,0,0,0,0,,0.5,0,1,1,1,1,1,0
"https://www.rbfa.be/nl/wedstrijd/7520923","K. Eendr. Wervik A","K. FC Varsenare A","Youssef Bouyfoulkitne","4","K. Eendr. Wervik A",false,false,false,"Loss",true,false,,true,68,68,0,0,0,1,0,0,,0.5,0,1,1,0,-1,0,1
"https://www.rbfa.be/nl/wedstrijd/7520923","K. Eendr. Wervik A","K. FC Varsenare A","Olivier Delcampe","7","K. FC Varsenare A",false,true,false,"Win",true,false,,false,,90,0,0,0,0,0,0,,1,1,2,1,,,,
"https://www.rbfa.be/nl/wedstrijd/7520923","K. Eendr. Wervik A","K. FC Varsenare A","Neil Serbouh","6","K. Eendr. Wervik A",false,false,false,"Loss",true,false,,false,,90,0,0,0,0,0,0,,0,-1,1,2,,,,
"https://www.rbfa.be/nl/wedstrijd/7520923","K. Eendr. Wervik A","K. FC Varsenare A","Eleazar Osei-Berkoe","8","K. FC Varsenare A",false,false,false,"Win",true,false,,true,65,65,0,0,0,0,0,0,,0.5,0,1,1,1,1,1,0
"https://www.rbfa.be/nl/wedstrijd/7520923","K. Eendr. Wervik A","K. FC Varsenare A","Emiel Stevens","8","K. Eendr. Wervik A",false,true,false,"Loss",true,false,,false,,90,0,0,0,0,0,0,,0,-1,1,2,,,,
"https://www.rbfa.be/nl/wedstrijd/7520923","K. Eendr. Wervik A","K. FC Varsenare A","Jari Van De Maele","9","K. FC Varsenare A",false,false,false,"Win",true,false,,false,,90,2,0,0,0,0,0,,1,1,2,1,,,,
"https://www.rbfa.be/nl/wedstrijd/7520923","K. Eendr. Wervik A","K. FC Varsenare A","Abdoul Salam Sow","15","K. Eendr. Wervik A",false,false,false,"Loss",true,false,,true,80,80,0,0,0,0,0,0,,0.5,0,1,1,0,-1,0,1
"https://www.rbfa.be/nl/wedstrijd/7520923","K. Eendr. Wervik A","K. FC Varsenare A","Milan Van De Maele","10","K. FC Varsenare A",false,false,false,"Win",true,false,,false,,90,0,0,0,0,0,0,,1,1,2,1,,,,
"https://www.rbfa.be/nl/wedstrijd/7520923","K. Eendr. Wervik A","K. FC Varsenare A","Arthur Crombez","17","K. Eendr. Wervik A",false,false,false,"Loss",true,false,,false,,90,0,0,0,1,0,0,,0,-1,1,2,,,,
"https://www.rbfa.be/nl/wedstrijd/7520923","K. Eendr. Wervik A","K. FC Varsenare A","Ilko Kesteleyn","22","K. FC Varsenare A",false,false,false,"Win",true,false,,false,,90,0,0,0,0,0,0,,1,1,2,1,,,,
"https://www.rbfa.be/nl/wedstrijd/7520923","K. Eendr. Wervik A","K. FC Varsenare A","Geoffrey Coppin","22","K. Eendr. Wervik A",false,false,false,"Loss",true,false,,true,80,80,0,0,0,0,0,0,,0.5,0,1,1,0,-1,0,1
"https://www.rbfa.be/nl/wedstrijd/7520923","K. Eendr. Wervik A","K. FC Varsenare A","Timon Bogaert","23","K. FC Varsenare A",false,false,false,"Win",true,false,,true,65,65,0,0,0,0,0,0,,0.5,0,1,1,1,1,1,0
"https://www.rbfa.be/nl/wedstrijd/7520923","K. Eendr. Wervik A","K. FC Varsenare A","Quentin Christophe Despringre","25","K. Eendr. Wervik A",false,false,false,"Loss",true,false,,false,,90,0,0,0,0,0,0,,0,-1,1,2,,,,
"https://www.rbfa.be/nl/wedstrijd/7520923","K. Eendr. Wervik A","K. FC Varsenare A","Bavo Butaye","24","K. FC Varsenare A",false,false,false,"Win",true,false,,false,,90,0,0,0,0,0,0,,1,1,2,1,,,,
"https://www.rbfa.be/nl/wedstrijd/7520923","K. Eendr. Wervik A","K. FC Varsenare A","Bilal Al Ghami","31","K. Eendr. Wervik A",false,false,false,"Loss",true,false,,true,68,68,1,0,0,0,0,0,,0.5,0,1,1,0,-1,0,1
"https://www.rbfa.be/nl/wedstrijd/7520923","K. Eendr. Wervik A","K. FC Varsenare A","Andreas De Kerpel","31","K. FC Varsenare A",false,false,false,"Win",true,false,,false,,90,0,0,0,0,0,0,,1,1,2,1,,,,
"https://www.rbfa.be/nl/wedstrijd/7520923","K. Eendr. Wervik A","K. FC Varsenare A","Adil Haci","11","K. Eendr. Wervik A",false,false,false,"Loss",false,false,,false,,0,0,0,0,0,0,0,,,,,,0.5,0,0,0
"https://www.rbfa.be/nl/wedstrijd/7520923","K. Eendr. Wervik A","K. FC Varsenare A","Kasper Van Leirsberghe","83","K. FC Varsenare A",true,false,false,"Win",false,false,,false,,0,0,0,0,0,0,0,,,,,,0.5,0,0,0
"https://www.rbfa.be/nl/wedstrijd/7520923","K. Eendr. Wervik A","K. FC Varsenare A","Kamal Diaz Jlal","14","K. Eendr. Wervik A",false,false,false,"Loss",false,true,80,false,,10,0,0,0,0,0,0,,0,-1,0,1,0.5,0,1,1
"https://www.rbfa.be/nl/wedstrijd/7520923","K. Eendr. Wervik A","K. FC Varsenare A","Kiron Beernaert","11","K. FC Varsenare A",false,false,false,"Win",false,true,65,false,,25,0,0,0,0,0,0,,1,1,1,0,0.5,0,1,1
"https://www.rbfa.be/nl/wedstrijd/7520923","K. Eendr. Wervik A","K. FC Varsenare A","Yann-Moussa André Diallo","19","K. Eendr. Wervik A",false,false,false,"Loss",false,true,68,false,,22,0,0,0,0,0,0,,0,-1,0,1,0.5,0,1,1
"https://www.rbfa.be/nl/wedstrijd/7520923","K. Eendr. Wervik A","K. FC Varsenare A","Rune Vandamme-Vinckier","13","K. FC Varsenare A",false,false,false,"Win",false,true,65,false,,25,0,0,0,0,0,0,,1,1,1,0,0.5,0,1,1
"https://www.rbfa.be/nl/wedstrijd/7520923","K. Eendr. Wervik A","K. FC Varsenare A","Yanis Gaci","20","K. Eendr. Wervik A",false,false,false,"Loss",false,true,68,false,,22,0,0,0,0,0,0,,0,-1,0,1,0.5,0,1,1
"https://www.rbfa.be/nl/wedstrijd/7520923","K. Eendr. Wervik A","K. FC Varsenare A","Gaëtan Deschepper","17","K. FC Varsenare A",false,false,false,"Win",false,false,,false,,0,0,0,0,0,0,0,,,,,,0.5,0,0,0
"https://www.rbfa.be/nl/wedstrijd/7520923","K. Eendr. Wervik A","K. FC Varsenare A","Billal Debiche","26","K. Eendr. Wervik A",false,false,false,"Loss",false,true,80,false,,10,0,0,0,0,0,0,,0,-1,0,1,0.5,0,1,1
"https://www.rbfa.be/nl/wedstrijd/7520923","K. Eendr. Wervik A","K. FC Varsenare A","Martijn Ameel","19","K. FC Varsenare A",false,false,false,"Win",false,true,65,false,,25,0,0,0,0,0,0,,1,1,1,0,0.5,0,1,1
"https://www.rbfa.be/nl/wedstrijd/7520927","K. RC Bissegem","K.S.C. Wielsbeke","Emiel Martens","1","K. RC Bissegem",true,false,false,"Loss",true,false,,false,,90,0,0,0,0,0,0,,0,-2,0,2,,,,
"https://www.rbfa.be/nl/wedstrijd/7520927","K. RC Bissegem","K.S.C. Wielsbeke","Matisse De Groote","22","K.S.C. Wielsbeke",true,false,true,"Win",true,false,,false,,90,0,0,0,0,0,0,,1,2,2,0,,,,
"https://www.rbfa.be/nl/wedstrijd/7520927","K. RC Bissegem","K.S.C. Wielsbeke","Orry Vancraeyveldt","2","K. RC Bissegem",false,false,false,"Loss",true,false,,true,84,84,0,0,0,0,0,0,,0,-2,0,2,0.5,0,0,0
"https://www.rbfa.be/nl/wedstrijd/7520927","K. RC Bissegem","K.S.C. Wielsbeke","Kassmi Mohamed Ali","2","K.S.C. Wielsbeke",false,false,false,"Win",true,false,,false,,90,0,0,0,0,0,0,,1,2,2,0,,,,
"https://www.rbfa.be/nl/wedstrijd/7520927","K. RC Bissegem","K.S.C. Wielsbeke","Zito Bostoen","4","K. RC Bissegem",false,false,false,"Loss",true,false,,false,,90,0,0,0,0,0,0,,0,-2,0,2,,,,
"https://www.rbfa.be/nl/wedstrijd/7520927","K. RC Bissegem","K.S.C. Wielsbeke","Dries Wysselinck","4","K.S.C. Wielsbeke",false,false,false,"Win",true,false,,false,,90,0,0,0,0,0,0,,1,2,2,0,,,,
"https://www.rbfa.be/nl/wedstrijd/7520927","K. RC Bissegem","K.S.C. Wielsbeke","Ewoud Defevere","5","K. RC Bissegem",false,false,false,"Loss",true,false,,false,,90,0,0,0,0,0,0,,0,-2,0,2,,,,
"https://www.rbfa.be/nl/wedstrijd/7520927","K. RC Bissegem","K.S.C. Wielsbeke","Rune Jacques Vandenborre","8","K.S.C. Wielsbeke",false,false,false,"Win",true,false,,true,84,84,0,0,0,0,0,0,,1,2,2,0,0.5,0,0,0
"https://www.rbfa.be/nl/wedstrijd/7520927","K. RC Bissegem","K.S.C. Wielsbeke","Harm Vansteenkiste","8","K. RC Bissegem",false,false,false,"Loss",true,false,,false,,90,0,0,0,0,0,0,,0,-2,0,2,,,,
"https://www.rbfa.be/nl/wedstrijd/7520927","K. RC Bissegem","K.S.C. Wielsbeke","Seppe Jeroen Lecour","9","K.S.C. Wielsbeke",false,false,false,"Win",true,false,,true,67,67,0,0,0,0,0,0,,1,2,2,0,0.5,0,0,0
"https://www.rbfa.be/nl/wedstrijd/7520927","K. RC Bissegem","K.S.C. Wielsbeke","Andres Dewaele","10","K. RC Bissegem",false,false,false,"Loss",true,false,,false,,90,0,0,0,0,0,0,,0,-2,0,2,,,,
"https://www.rbfa.be/nl/wedstrijd/7520927","K. RC Bissegem","K.S.C. Wielsbeke","Lars Vandenbroucke","10","K.S.C. Wielsbeke",false,false,false,"Win",true,false,,false,,90,1,0,0,0,0,0,,1,2,2,0,,,,
"https://www.rbfa.be/nl/wedstrijd/7520927","K. RC Bissegem","K.S.C. Wielsbeke","Ismaïl El Ouassif","11","K. RC Bissegem",false,false,false,"Loss",true,false,,false,,90,0,0,0,0,0,0,,0,-2,0,2,,,,
"https://www.rbfa.be/nl/wedstrijd/7520927","K. RC Bissegem","K.S.C. Wielsbeke","Jonathan Verstraete","11","K.S.C. Wielsbeke",false,true,false,"Win",true,false,,false,,90,0,0,0,0,0,0,,1,2,2,0,,,,
"https://www.rbfa.be/nl/wedstrijd/7520927","K. RC Bissegem","K.S.C. Wielsbeke","Bruno Dhoop","17","K. RC Bissegem",false,false,false,"Loss",true,false,,false,,90,0,0,0,0,0,0,,0,-2,0,2,,,,
"https://www.rbfa.be/nl/wedstrijd/7520927","K. RC Bissegem","K.S.C. Wielsbeke","Charles Noppe","18","K.S.C. Wielsbeke",false,false,false,"Win",true,false,,true,84,84,0,0,0,0,0,0,,1,2,2,0,0.5,0,0,0
"https://www.rbfa.be/nl/wedstrijd/7520927","K. RC Bissegem","K.S.C. Wielsbeke","Jenci Dejonghe","18","K. RC Bissegem",false,true,false,"Loss",true,false,,false,,90,0,0,0,0,0,0,,0,-2,0,2,,,,
"https://www.rbfa.be/nl/wedstrijd/7520927","K. RC Bissegem","K.S.C. Wielsbeke","Alessio Van Den Broucke","24","K.S.C. Wielsbeke",false,false,false,"Win",true,false,,false,,90,0,0,0,0,0,0,,1,2,2,0,,,,
"https://www.rbfa.be/nl/wedstrijd/7520927","K. RC Bissegem","K.S.C. Wielsbeke","Robin Douven","19","K. RC Bissegem",false,false,false,"Loss",true,false,,true,84,84,0,0,0,0,0,0,,0,-2,0,2,0.5,0,0,0
"https://www.rbfa.be/nl/wedstrijd/7520927","K. RC Bissegem","K.S.C. Wielsbeke","Berre De Smet","44","K.S.C. Wielsbeke",false,false,false,"Win",true,false,,false,,90,0,0,0,0,0,0,,1,2,2,0,,,,
"https://www.rbfa.be/nl/wedstrijd/7520927","K. RC Bissegem","K.S.C. Wielsbeke","Elias Ben Ali","20","K. RC Bissegem",false,false,false,"Loss",true,false,,false,,90,0,0,0,0,0,0,,0,-2,0,2,,,,
"https://www.rbfa.be/nl/wedstrijd/7520927","K. RC Bissegem","K.S.C. Wielsbeke","Ian Maes","65","K.S.C. Wielsbeke",false,false,false,"Win",true,false,,true,90,90,1,0,0,0,0,0,,1,2,2,0,,,,
"https://www.rbfa.be/nl/wedstrijd/7520927","K. RC Bissegem","K.S.C. Wielsbeke","Arnold Vandenborre","21","K. RC Bissegem",true,false,false,"Loss",false,false,,false,,0,0,0,0,0,0,0,,,,,,0.5,0,0,0
"https://www.rbfa.be/nl/wedstrijd/7520927","K. RC Bissegem","K.S.C. Wielsbeke","Vic Callens","13","K.S.C. Wielsbeke",true,false,false,"Win",false,false,,false,,0,0,0,0,0,0,0,,,,,,0.5,0,0,0
"https://www.rbfa.be/nl/wedstrijd/7520927","K. RC Bissegem","K.S.C. Wielsbeke","Noah Vanhouwaert","3","K. RC Bissegem",false,false,false,"Loss",false,false,,false,,0,0,0,0,0,0,0,,,,,,0.5,0,0,0
"https://www.rbfa.be/nl/wedstrijd/7520927","K. RC Bissegem","K.S.C. Wielsbeke","Loris D'Haene","14","K.S.C. Wielsbeke",false,false,false,"Win",false,true,84,false,,6,0,0,0,0,0,0,,0.5,0,0,0,1,2,2,0
"https://www.rbfa.be/nl/wedstrijd/7520927","K. RC Bissegem","K.S.C. Wielsbeke","Glenn Lapeire","7","K. RC Bissegem",false,false,false,"Loss",false,true,84,false,,6,0,0,0,0,0,0,,0.5,0,0,0,0,-2,0,2
"https://www.rbfa.be/nl/wedstrijd/7520927","K. RC Bissegem","K.S.C. Wielsbeke","Arne Beeuwsaert","15","K.S.C. Wielsbeke",false,false,false,"Win",false,true,84,false,,6,0,0,0,0,0,0,,0.5,0,0,0,1,2,2,0
"https://www.rbfa.be/nl/wedstrijd/7520927","K. RC Bissegem","K.S.C. Wielsbeke","Ennio Franklin Tack","16","K. RC Bissegem",false,false,false,"Loss",false,true,84,false,,6,0,0,0,0,0,0,,0.5,0,0,0,0,-2,0,2
"https://www.rbfa.be/nl/wedstrijd/7520927","K. RC Bissegem","K.S.C. Wielsbeke","Gilles Van Maeldergem","16","K.S.C. Wielsbeke",false,false,false,"Win",false,true,67,false,,23,0,0,0,0,0,0,,1,1,1,0,1,1,1,0
"https://www.rbfa.be/nl/wedstrijd/7520927","K. RC Bissegem","K.S.C. Wielsbeke","Lowie Joost Laperre","25","K. RC Bissegem",false,false,false,"Loss",false,false,,false,,0,0,0,0,0,0,0,,,,,,0.5,0,0,0
"https://www.rbfa.be/nl/wedstrijd/7520927","K. RC Bissegem","K.S.C. Wielsbeke","Lars De Meester","66","K.S.C. Wielsbeke",false,false,false,"Win",false,true,90,false,,0,0,0,0,0,0,0,,,,,,1,2,2,0
"https://www.rbfa.be/nl/wedstrijd/7520925","SV Ingelmunster A","K. FC Marke A","Matthias Ghyselinck","22","SV Ingelmunster A",true,true,false,"Loss",true,false,,false,,90,0,0,0,0,0,0,,0,-1,1,2,,,,
"https://www.rbfa.be/nl/wedstrijd/7520925","SV Ingelmunster A","K. FC Marke A","Anthony Degrendel","1","K. FC Marke A",true,false,false,"Win",true,false,,false,,90,0,0,0,0,0,0,,1,1,2,1,,,,
"https://www.rbfa.be/nl/wedstrijd/7520925","SV Ingelmunster A","K. FC Marke A","Jorrit Vanden Berghe","2","SV Ingelmunster A",false,false,false,"Loss",true,false,,false,,90,0,0,0,0,0,0,,0,-1,1,2,,,,
"https://www.rbfa.be/nl/wedstrijd/7520925","SV Ingelmunster A","K. FC Marke A","Simon Van Lierde","3","K. FC Marke A",false,false,false,"Win",true,false,,false,,90,0,0,0,0,0,0,,1,1,2,1,,,,
"https://www.rbfa.be/nl/wedstrijd/7520925","SV Ingelmunster A","K. FC Marke A","Christ Bruno Mbiakob","4","SV Ingelmunster A",false,false,false,"Loss",true,false,,false,,90,0,0,0,0,0,0,,0,-1,1,2,,,,
"https://www.rbfa.be/nl/wedstrijd/7520925","SV Ingelmunster A","K. FC Marke A","Amaury Demuynck","4","K. FC Marke A",false,false,false,"Win",true,false,,true,84,84,0,0,0,1,0,0,,1,1,2,1,0.5,0,0,0
"https://www.rbfa.be/nl/wedstrijd/7520925","SV Ingelmunster A","K. FC Marke A","Henry Van Parys","6","SV Ingelmunster A",false,false,false,"Loss",true,false,,false,,90,0,0,0,0,0,0,,0,-1,1,2,,,,
"https://www.rbfa.be/nl/wedstrijd/7520925","SV Ingelmunster A","K. FC Marke A","Lander Denduyver","6","K. FC Marke A",false,false,false,"Win",true,false,,false,,90,0,0,0,0,0,0,,1,1,2,1,,,,
"https://www.rbfa.be/nl/wedstrijd/7520925","SV Ingelmunster A","K. FC Marke A","Tibo Vandendriessche","8","SV Ingelmunster A",false,false,false,"Loss",true,false,,true,62,62,1,0,0,0,0,0,,0.5,0,1,1,0,-1,0,1
"https://www.rbfa.be/nl/wedstrijd/7520925","SV Ingelmunster A","K. FC Marke A","Arne Naessens","8","K. FC Marke A",false,false,false,"Win",true,false,,true,80,80,0,0,0,0,0,0,,0.5,0,1,1,1,1,1,0
"https://www.rbfa.be/nl/wedstrijd/7520925","SV Ingelmunster A","K. FC Marke A","Xander Vankeirsbilck","10","SV Ingelmunster A",false,false,false,"Loss",true,false,,false,,90,0,0,0,0,0,0,,0,-1,1,2,,,,
"https://www.rbfa.be/nl/wedstrijd/7520925","SV Ingelmunster A","K. FC Marke A","Jelle Duthoo","9","K. FC Marke A",false,false,false,"Win",true,false,,true,71,71,0,0,0,0,0,0,,0.5,0,1,1,1,1,1,0
"https://www.rbfa.be/nl/wedstrijd/7520925","SV Ingelmunster A","K. FC Marke A","Jean-Louis Vyaene","16","SV Ingelmunster A",false,false,false,"Loss",true,false,,false,,90,0,0,0,0,0,0,,0,-1,1,2,,,,
"https://www.rbfa.be/nl/wedstrijd/7520925","SV Ingelmunster A","K. FC Marke A","Thomas Menghis","10","K. FC Marke A",false,false,false,"Win",true,false,,true,80,80,0,0,0,0,0,0,,0.5,0,1,1,1,1,1,0
"https://www.rbfa.be/nl/wedstrijd/7520925","SV Ingelmunster A","K. FC Marke A","Simon Vanmarcke","17","SV Ingelmunster A",false,false,false,"Loss",true,false,,false,,90,0,0,0,1,0,0,,0,-1,1,2,,,,
"https://www.rbfa.be/nl/wedstrijd/7520925","SV Ingelmunster A","K. FC Marke A","Bob Desmet","11","K. FC Marke A",false,false,false,"Win",true,false,,false,,90,0,0,0,0,0,0,,1,1,2,1,,,,
"https://www.rbfa.be/nl/wedstrijd/7520925","SV Ingelmunster A","K. FC Marke A","Andres Baert","18","SV Ingelmunster A",false,false,false,"Loss",true,false,,false,,90,0,0,0,0,0,0,,0,-1,1,2,,,,
"https://www.rbfa.be/nl/wedstrijd/7520925","SV Ingelmunster A","K. FC Marke A","Hannes Tieberghien","14","K. FC Marke A",false,true,false,"Win",true,false,,false,,90,0,0,0,0,0,0,,1,1,2,1,,,,
"https://www.rbfa.be/nl/wedstrijd/7520925","SV Ingelmunster A","K. FC Marke A","Andres Verschelde","19","SV Ingelmunster A",false,false,false,"Loss",true,false,,true,80,80,0,0,0,0,0,0,,0.5,0,1,1,0,-1,0,1
"https://www.rbfa.be/nl/wedstrijd/7520925","SV Ingelmunster A","K. FC Marke A","Benjamin Bonte","17","K. FC Marke A",false,false,false,"Win",true,false,,true,46,46,0,0,0,0,0,0,,0.5,0,1,1,1,1,1,0
"https://www.rbfa.be/nl/wedstrijd/7520925","SV Ingelmunster A","K. FC Marke A","Dylan Seys","24","SV Ingelmunster A",false,false,false,"Loss",true,false,,false,,90,0,0,0,0,0,0,,0,-1,1,2,,,,
"https://www.rbfa.be/nl/wedstrijd/7520925","SV Ingelmunster A","K. FC Marke A","Jarne Wullaert","34","K. FC Marke A",false,false,false,"Win",true,false,,false,,90,1,0,0,0,0,0,,1,1,2,1,,,,
"https://www.rbfa.be/nl/wedstrijd/7520925","SV Ingelmunster A","K. FC Marke A","Lowie Van Renterghem","1","SV Ingelmunster A",true,false,false,"Loss",false,false,,false,,0,0,0,0,0,0,0,,,,,,0.5,0,0,0
"https://www.rbfa.be/nl/wedstrijd/7520925","SV Ingelmunster A","K. FC Marke A","Lucas Coornaert","16","K. FC Marke A",false,false,false,"Win",false,true,80,false,,10,0,0,0,0,0,0,,1,1,1,0,0.5,0,1,1
"https://www.rbfa.be/nl/wedstrijd/7520925","SV Ingelmunster A","K. FC Marke A","Gust Collette","3","SV Ingelmunster A",false,false,false,"Loss",false,false,,false,,0,0,0,0,0,0,0,,,,,,0.5,0,0,0
"https://www.rbfa.be/nl/wedstrijd/7520925","SV Ingelmunster A","K. FC Marke A","Emile Vanluchene","18","K. FC Marke A",false,false,false,"Win",false,true,84,false,,6,0,0,0,0,0,0,,1,1,1,0,0.5,0,1,1
"https://www.rbfa.be/nl/wedstrijd/7520925","SV Ingelmunster A","K. FC Marke A","Adam Khalil El-Sayed","5","SV Ingelmunster A",false,false,false,"Loss",false,false,,false,,0,0,0,0,0,0,0,,,,,,0.5,0,0,0
"https://www.rbfa.be/nl/wedstrijd/7520925","SV Ingelmunster A","K. FC Marke A","Thibault Trioen","19","K. FC Marke A",false,false,false,"Win",false,true,71,false,,19,1,0,0,0,0,0,,1,1,1,0,0.5,0,1,1
"https://www.rbfa.be/nl/wedstrijd/7520925","SV Ingelmunster A","K. FC Marke A","Remco Kentie","7","SV Ingelmunster A",false,false,false,"Loss",false,true,80,false,,10,0,0,0,0,0,0,,0,-1,0,1,0.5,0,1,1
"https://www.rbfa.be/nl/wedstrijd/7520925","SV Ingelmunster A","K. FC Marke A","Noé Dirk Rogard","23","K. FC Marke A",false,false,false,"Win",false,true,46,false,,44,0,0,0,0,0,0,,1,1,1,0,0.5,0,1,1
"https://www.rbfa.be/nl/wedstrijd/7520925","SV Ingelmunster A","K. FC Marke A","Alexandre Vandemaele","9","SV Ingelmunster A",false,false,false,"Loss",false,true,62,false,,28,0,0,0,0,0,0,,0,-1,0,1,0.5,0,1,1
"https://www.rbfa.be/nl/wedstrijd/7520925","SV Ingelmunster A","K. FC Marke A","Jannis Bourgeois","24","K. FC Marke A",false,false,false,"Win",false,true,80,false,,10,0,0,0,0,0,0,,1,1,1,0,0.5,0,1,1
"https://www.rbfa.be/nl/wedstrijd/7520926","FC Sp. Heestert A","K. VC Ardooie A","Tom Thieren","1","FC Sp. Heestert A",true,true,false,"Loss",true,false,,false,,90,0,0,0,0,0,0,,0,-1,0,1,,,,
"https://www.rbfa.be/nl/wedstrijd/7520926","FC Sp. Heestert A","K. VC Ardooie A","Brent Callewaert","1","K. VC Ardooie A",true,true,true,"Win",true,false,,false,,90,0,0,0,1,0,0,,1,1,1,0,,,,
"https://www.rbfa.be/nl/wedstrijd/7520926","FC Sp. Heestert A","K. VC Ardooie A","Emmanuel Abew Asamoah","4","FC Sp. Heestert A",false,false,false,"Loss",true,false,,false,,90,0,0,0,0,0,0,,0,-1,0,1,,,,
"https://www.rbfa.be/nl/wedstrijd/7520926","FC Sp. Heestert A","K. VC Ardooie A","Guillaume Tournicourt","3","K. VC Ardooie A",false,false,false,"Win",true,false,,false,,90,0,0,0,1,0,0,,1,1,1,0,,,,
"https://www.rbfa.be/nl/wedstrijd/7520926","FC Sp. Heestert A","K. VC Ardooie A","Nicolas Gheeraert","6","FC Sp. Heestert A",false,false,false,"Loss",true,false,,false,,90,0,0,0,0,0,0,,0,-1,0,1,,,,
"https://www.rbfa.be/nl/wedstrijd/7520926","FC Sp. Heestert A","K. VC Ardooie A","Maxim Ver Eecke","5","K. VC Ardooie A",false,false,false,"Win",true,false,,false,,90,0,0,0,0,0,0,,1,1,1,0,,,,
"https://www.rbfa.be/nl/wedstrijd/7520926","FC Sp. Heestert A","K. VC Ardooie A","Lenny Rassalle","8","FC Sp. Heestert A",false,false,false,"Loss",true,false,,true,63,63,0,0,0,0,0,0,,0,-1,0,1,0.5,0,0,0
"https://www.rbfa.be/nl/wedstrijd/7520926","FC Sp. Heestert A","K. VC Ardooie A","Matisse Maelfait","6","K. VC Ardooie A",false,false,false,"Win",true,false,,false,,90,0,0,0,0,0,0,,1,1,1,0,,,,
"https://www.rbfa.be/nl/wedstrijd/7520926","FC Sp. Heestert A","K. VC Ardooie A","Mattice Bekaert","10","FC Sp. Heestert A",false,false,false,"Loss",true,false,,false,,90,0,0,0,0,0,0,,0,-1,0,1,,,,
"https://www.rbfa.be/nl/wedstrijd/7520926","FC Sp. Heestert A","K. VC Ardooie A","Giovanni Franco Simoês","8","K. VC Ardooie A",false,false,false,"Win",true,false,,false,,90,0,0,0,0,0,0,,1,1,1,0,,,,
"https://www.rbfa.be/nl/wedstrijd/7520926","FC Sp. Heestert A","K. VC Ardooie A","Aaron Balcaen","11","FC Sp. Heestert A",false,false,false,"Loss",true,false,,false,,90,0,0,0,0,0,0,,0,-1,0,1,,,,
"https://www.rbfa.be/nl/wedstrijd/7520926","FC Sp. Heestert A","K. VC Ardooie A","Aiden Lenihan","9","K. VC Ardooie A",false,false,false,"Win",true,false,,true,63,63,0,0,0,0,0,0,,1,1,1,0,0.5,0,0,0
"https://www.rbfa.be/nl/wedstrijd/7520926","FC Sp. Heestert A","K. VC Ardooie A","Aristote Madiani","14","FC Sp. Heestert A",false,false,false,"Loss",true,false,,false,,90,0,0,0,1,0,0,,0,-1,0,1,,,,
"https://www.rbfa.be/nl/wedstrijd/7520926","FC Sp. Heestert A","K. VC Ardooie A","Noah Dumortier","13","K. VC Ardooie A",false,false,false,"Win",true,false,,true,63,63,0,0,0,0,0,0,,1,1,1,0,0.5,0,0,0
"https://www.rbfa.be/nl/wedstrijd/7520926","FC Sp. Heestert A","K. VC Ardooie A","Dries Loosveldt","15","FC Sp. Heestert A",false,false,false,"Loss",true,false,,true,85,85,0,0,0,0,0,0,,0,-1,0,1,0.5,0,0,0
"https://www.rbfa.be/nl/wedstrijd/7520926","FC Sp. Heestert A","K. VC Ardooie A","Glenn Maddens","14","K. VC Ardooie A",false,false,false,"Win",true,false,,false,,90,0,0,0,0,0,0,,1,1,1,0,,,,
"https://www.rbfa.be/nl/wedstrijd/7520926","FC Sp. Heestert A","K. VC Ardooie A","Dylan David Bourquin","16","FC Sp. Heestert A",false,false,false,"Loss",true,false,,false,,90,0,0,0,1,0,0,,0,-1,0,1,,,,
"https://www.rbfa.be/nl/wedstrijd/7520926","FC Sp. Heestert A","K. VC Ardooie A","Joran Lievrouw","15","K. VC Ardooie A",false,false,false,"Win",true,false,,false,,90,0,0,0,1,0,0,,1,1,1,0,,,,
"https://www.rbfa.be/nl/wedstrijd/7520926","FC Sp. Heestert A","K. VC Ardooie A","Fries Legein","19","FC Sp. Heestert A",false,false,false,"Loss",true,false,,false,,90,0,0,0,0,0,0,,0,-1,0,1,,,,
"https://www.rbfa.be/nl/wedstrijd/7520926","FC Sp. Heestert A","K. VC Ardooie A","Lennert Van De Putte","19","K. VC Ardooie A",false,false,false,"Win",true,false,,false,,90,1,0,0,0,0,0,,1,1,1,0,,,,
"https://www.rbfa.be/nl/wedstrijd/7520926","FC Sp. Heestert A","K. VC Ardooie A","Jeremy Brogniez","25","FC Sp. Heestert A",false,false,false,"Loss",true,false,,false,,90,0,0,0,0,0,0,,0,-1,0,1,,,,
"https://www.rbfa.be/nl/wedstrijd/7520926","FC Sp. Heestert A","K. VC Ardooie A","Jordi Loncke","23","K. VC Ardooie A",false,false,false,"Win",true,false,,true,9,9,0,0,0,0,0,0,,0.5,0,0,0,1,1,1,0
"https://www.rbfa.be/nl/wedstrijd/7520926","FC Sp. Heestert A","K. VC Ardooie A","Arjen Ysenbaert","21","FC Sp. Heestert A",true,false,false,"Loss",false,false,,false,,0,0,0,0,0,0,0,,,,,,0.5,0,0,0
"https://www.rbfa.be/nl/wedstrijd/7520926","FC Sp. Heestert A","K. VC Ardooie A","Edouard Holvoet","7","K. VC Ardooie A",false,false,false,"Win",false,true,9,false,,81,0,0,0,0,0,0,,1,1,1,0,0.5,0,0,0
"https://www.rbfa.be/nl/wedstrijd/7520926","FC Sp. Heestert A","K. VC Ardooie A","Arthur Hugelier","2","FC Sp. Heestert A",false,false,false,"Loss",false,false,,false,,0,0,0,0,0,0,0,,,,,,0.5,0,0,0
"https://www.rbfa.be/nl/wedstrijd/7520926","FC Sp. Heestert A","K. VC Ardooie A","Gianluca Cardoen","10","K. VC Ardooie A",false,false,false,"Win",false,true,63,false,,27,0,0,0,1,0,0,,0.5,0,0,0,1,1,1,0
"https://www.rbfa.be/nl/wedstrijd/7520926","FC Sp. Heestert A","K. VC Ardooie A","Sander Dejonghe","3","FC Sp. Heestert A",false,false,false,"Loss",false,false,,false,,0,0,0,0,0,0,0,,,,,,0.5,0,0,0
"https://www.rbfa.be/nl/wedstrijd/7520926","FC Sp. Heestert A","K. VC Ardooie A","Achiel Denijs","11","K. VC Ardooie A",false,false,false,"Win",false,true,63,false,,27,0,0,0,1,0,0,,0.5,0,0,0,1,1,1,0
"https://www.rbfa.be/nl/wedstrijd/7520926","FC Sp. Heestert A","K. VC Ardooie A","Louis Callewier","12","FC Sp. Heestert A",false,false,false,"Loss",false,true,85,false,,5,0,0,0,0,0,0,,0.5,0,0,0,0,-1,0,1
"https://www.rbfa.be/nl/wedstrijd/7520926","FC Sp. Heestert A","K. VC Ardooie A","Thimo Lerminez","16","K. VC Ardooie A",false,false,false,"Win",false,false,,false,,0,0,0,0,0,0,0,,,,,,0.5,0,0,0
"https://www.rbfa.be/nl/wedstrijd/7520926","FC Sp. Heestert A","K. VC Ardooie A","Niels Stael","20","FC Sp. Heestert A",false,false,false,"Loss",false,true,63,false,,27,0,0,0,0,0,0,,0.5,0,0,0,0,-1,0,1
"https://www.rbfa.be/nl/wedstrijd/7520926","FC Sp. Heestert A","K. VC Ardooie A","Brian Depondt","22","K. VC Ardooie A",false,false,false,"Win",false,false,,false,,0,0,0,0,0,0,0,,,,,,0.5,0,0,0
"https://www.rbfa.be/nl/wedstrijd/7520928","K.R.C. Waregem A","K. FC Heist A","Soren Dutoit","1","K.R.C. Waregem A",true,false,false,"Win",true,false,,false,,90,0,0,0,0,0,0,,1,3,4,1,,,,
"https://www.rbfa.be/nl/wedstrijd/7520928","K.R.C. Waregem A","K. FC Heist A","Miguel De Block","1","K. FC Heist A",true,false,false,"Loss",true,false,,false,,90,0,0,0,0,0,0,,0,-3,1,4,,,,
"https://www.rbfa.be/nl/wedstrijd/7520928","K.R.C. Waregem A","K. FC Heist A","Siebe Depraetere","2","K.R.C. Waregem A",false,false,false,"Win",true,false,,false,,90,1,0,0,0,0,0,,1,3,4,1,,,,
"https://www.rbfa.be/nl/wedstrijd/7520928","K.R.C. Waregem A","K. FC Heist A","Xander Timmerman","2","K. FC Heist A",false,false,false,"Loss",true,false,,true,65,65,0,0,0,0,0,0,,0,-2,1,3,0,-1,0,1
"https://www.rbfa.be/nl/wedstrijd/7520928","K.R.C. Waregem A","K. FC Heist A","Robbe Driessens","3","K.R.C. Waregem A",false,false,false,"Win",true,false,,false,,90,0,0,0,0,0,0,,1,3,4,1,,,,
"https://www.rbfa.be/nl/wedstrijd/7520928","K.R.C. Waregem A","K. FC Heist A","Diaz Denise Axelsson De Baets","4","K. FC Heist A",false,false,false,"Loss",true,false,,true,46,46,0,0,0,0,0,0,,0,-2,0,2,0,-1,1,2
"https://www.rbfa.be/nl/wedstrijd/7520928","K.R.C. Waregem A","K. FC Heist A","Denzel Van Fleteren","5","K.R.C. Waregem A",false,true,false,"Win",true,false,,false,,90,0,0,0,0,0,0,,1,3,4,1,,,,
"https://www.rbfa.be/nl/wedstrijd/7520928","K.R.C. Waregem A","K. FC Heist A","Thibo Gies","5","K. FC Heist A",false,false,false,"Loss",true,false,,false,,90,0,0,0,0,0,0,,0,-3,1,4,,,,
"https://www.rbfa.be/nl/wedstrijd/7520928","K.R.C. Waregem A","K. FC Heist A","Jörg Roger Dutoit","7","K.R.C. Waregem A",false,false,false,"Win",true,false,,false,,90,1,0,0,0,0,0,,1,3,4,1,,,,
"https://www.rbfa.be/nl/wedstrijd/7520928","K.R.C. Waregem A","K. FC Heist A","Yoni Delporte","8","K. FC Heist A",false,true,false,"Loss",true,false,,false,,90,0,0,0,0,0,0,,0,-3,1,4,,,,
"https://www.rbfa.be/nl/wedstrijd/7520928","K.R.C. Waregem A","K. FC Heist A","Jarne Vanderpoorten","8","K.R.C. Waregem A",false,false,false,"Win",true,false,,false,,90,0,0,0,0,0,0,,1,3,4,1,,,,
"https://www.rbfa.be/nl/wedstrijd/7520928","K.R.C. Waregem A","K. FC Heist A","Tibo Andries","9","K. FC Heist A",false,false,false,"Loss",true,false,,true,78,78,0,0,0,0,0,0,,0,-3,1,4,0.5,0,0,0
"https://www.rbfa.be/nl/wedstrijd/7520928","K.R.C. Waregem A","K. FC Heist A","Simon Vandenabeele","9","K.R.C. Waregem A",false,false,false,"Win",true,false,,true,65,65,1,0,0,0,0,0,,1,2,3,1,1,1,1,0
"https://www.rbfa.be/nl/wedstrijd/7520928","K.R.C. Waregem A","K. FC Heist A","Thomas Vuyts","13","K. FC Heist A",false,false,false,"Loss",true,false,,false,,90,1,0,0,0,0,0,,0,-3,1,4,,,,
"https://www.rbfa.be/nl/wedstrijd/7520928","K.R.C. Waregem A","K. FC Heist A","Robbe Debue","11","K.R.C. Waregem A",false,false,false,"Win",true,false,,true,65,65,0,0,0,1,0,0,,1,2,3,1,1,1,1,0
"https://www.rbfa.be/nl/wedstrijd/7520928","K.R.C. Waregem A","K. FC Heist A","Jarno Boone","15","K. FC Heist A",false,false,false,"Loss",true,false,,false,,90,0,0,0,0,0,0,,0,-3,1,4,,,,
"https://www.rbfa.be/nl/wedstrijd/7520928","K.R.C. Waregem A","K. FC Heist A","Tjardo Vanderghinste","14","K.R.C. Waregem A",false,false,false,"Win",true,false,,true,75,75,1,0,0,0,0,0,,1,3,4,1,0.5,0,0,0
"https://www.rbfa.be/nl/wedstrijd/7520928","K.R.C. Waregem A","K. FC Heist A","Brecht Timmerman","20","K. FC Heist A",false,false,false,"Loss",true,false,,true,65,65,0,0,0,0,0,0,,0,-2,1,3,0,-1,0,1
"https://www.rbfa.be/nl/wedstrijd/7520928","K.R.C. Waregem A","K. FC Heist A","Emiel Delmulle","20","K.R.C. Waregem A",false,false,false,"Win",true,false,,true,75,75,0,0,0,0,0,0,,1,3,4,1,0.5,0,0,0
"https://www.rbfa.be/nl/wedstrijd/7520928","K.R.C. Waregem A","K. FC Heist A","Jan Claessens","22","K. FC Heist A",false,false,false,"Loss",true,false,,true,85,85,0,0,0,0,0,0,,0,-3,1,4,0.5,0,0,0
"https://www.rbfa.be/nl/wedstrijd/7520928","K.R.C. Waregem A","K. FC Heist A","Arnaut Devenyns","21","K.R.C. Waregem A",false,false,false,"Win",true,false,,false,,90,0,0,0,0,0,0,,1,3,4,1,,,,
"https://www.rbfa.be/nl/wedstrijd/7520928","K.R.C. Waregem A","K. FC Heist A","Quirino Raes","25","K. FC Heist A",false,false,false,"Loss",true,false,,false,,90,0,0,0,0,0,0,,0,-3,1,4,,,,
"https://www.rbfa.be/nl/wedstrijd/7520928","K.R.C. Waregem A","K. FC Heist A","Kyran Vantieghem","13","K.R.C. Waregem A",true,false,false,"Win",false,false,,false,,0,0,0,0,0,0,0,,,,,,0.5,0,0,0
"https://www.rbfa.be/nl/wedstrijd/7520928","K.R.C. Waregem A","K. FC Heist A","Bixenti Ducoulombier","6","K. FC Heist A",false,false,false,"Loss",false,true,46,false,,44,0,0,0,0,0,0,,0,-1,1,2,0,-2,0,2
"https://www.rbfa.be/nl/wedstrijd/7520928","K.R.C. Waregem A","K. FC Heist A","Leko Albert Verbauwhede","4","K.R.C. Waregem A",false,false,false,"Win",false,true,65,false,,25,0,0,0,0,0,0,,1,1,1,0,1,2,3,1
"https://www.rbfa.be/nl/wedstrijd/7520928","K.R.C. Waregem A","K. FC Heist A","Kjell Delos","7","K. FC Heist A",false,false,false,"Loss",false,true,78,false,,12,0,0,0,0,0,0,,0.5,0,0,0,0,-3,1,4
"https://www.rbfa.be/nl/wedstrijd/7520928","K.R.C. Waregem A","K. FC Heist A","Kengi Callens","12","K.R.C. Waregem A",false,false,false,"Win",false,true,75,false,,15,0,0,0,0,0,0,,0.5,0,0,0,1,3,4,1
"https://www.rbfa.be/nl/wedstrijd/7520928","K.R.C. Waregem A","K. FC Heist A","Tenas Virgili","10","K. FC Heist A",false,false,false,"Loss",false,true,65,false,,25,0,0,0,0,0,0,,0,-1,0,1,0,-2,1,3
"https://www.rbfa.be/nl/wedstrijd/7520928","K.R.C. Waregem A","K. FC Heist A","Matteo Dujardin","17","K.R.C. Waregem A",false,false,false,"Win",false,true,75,false,,15,0,0,0,0,0,0,,0.5,0,0,0,1,3,4,1
"https://www.rbfa.be/nl/wedstrijd/7520928","K.R.C. Waregem A","K. FC Heist A","Jarne Vancompernolle","11","K. FC Heist A",false,false,false,"Loss",false,true,65,false,,25,0,0,0,0,0,0,,0,-1,0,1,0,-2,1,3
"https://www.rbfa.be/nl/wedstrijd/7520928","K.R.C. Waregem A","K. FC Heist A","Mathis Lievens","19","K.R.C. Waregem A",false,false,false,"Win",false,true,65,false,,25,0,0,0,0,0,0,,1,1,1,0,1,2,3,1
"https://www.rbfa.be/nl/wedstrijd/7520928","K.R.C. Waregem A","K. FC Heist A","Marwane El Houfi","14","K. FC Heist A",false,false,false,"Loss",false,true,85,false,,5,0,0,0,0,0,0,,0.5,0,0,0,0,-3,1,4
"https://www.rbfa.be/nl/wedstrijd/7520929","Club Roeselare","S.V. Wevelgem City A","Gauthier Vandesteene","26","Club Roeselare",true,false,false,"Loss",true,false,,false,,90,0,0,0,0,0,0,,0,-2,1,3,,,,
"https://www.rbfa.be/nl/wedstrijd/7520929","Club Roeselare","S.V. Wevelgem City A","Jorgen Rogiers","1","S.V. Wevelgem City A",true,true,false,"Win",true,false,,false,,90,0,0,0,0,0,0,,1,2,3,1,,,,
"https://www.rbfa.be/nl/wedstrijd/7520929","Club Roeselare","S.V. Wevelgem City A","Arne Hélin","5","Club Roeselare",false,true,false,"Loss",true,false,,false,,90,0,0,0,0,0,0,,0,-2,1,3,,,,
"https://www.rbfa.be/nl/wedstrijd/7520929","Club Roeselare","S.V. Wevelgem City A","Gauthier Van De Geuchte","3","S.V. Wevelgem City A",false,false,false,"Win",true,false,,false,,90,0,0,0,0,0,0,,1,2,3,1,,,,
"https://www.rbfa.be/nl/wedstrijd/7520929","Club Roeselare","S.V. Wevelgem City A","Lauden Hugelier","6","Club Roeselare",false,false,false,"Loss",true,false,,false,,90,0,0,0,0,0,0,,0,-2,1,3,,,,
"https://www.rbfa.be/nl/wedstrijd/7520929","Club Roeselare","S.V. Wevelgem City A","Gilles Hamers","5","S.V. Wevelgem City A",false,false,false,"Win",true,false,,true,65,65,0,0,0,0,0,0,,1,1,2,1,1,1,1,0
"https://www.rbfa.be/nl/wedstrijd/7520929","Club Roeselare","S.V. Wevelgem City A","Bram Helin","7","Club Roeselare",false,false,false,"Loss",true,false,,false,,90,1,0,0,1,0,0,,0,-2,1,3,,,,
"https://www.rbfa.be/nl/wedstrijd/7520929","Club Roeselare","S.V. Wevelgem City A","Victor Cuvelier","6","S.V. Wevelgem City A",false,false,false,"Win",true,false,,true,80,80,0,0,0,0,0,0,,1,1,2,1,1,1,1,0
"https://www.rbfa.be/nl/wedstrijd/7520929","Club Roeselare","S.V. Wevelgem City A","Yoran Deleu","8","Club Roeselare",false,false,false,"Loss",true,false,,true,68,68,0,0,0,1,0,0,,0,-1,1,2,0,-1,0,1
"https://www.rbfa.be/nl/wedstrijd/7520929","Club Roeselare","S.V. Wevelgem City A","Jordy Beirlaen","7","S.V. Wevelgem City A",false,false,false,"Win",true,false,,true,52,52,0,0,0,0,0,0,,0.5,0,1,1,1,2,2,0
"https://www.rbfa.be/nl/wedstrijd/7520929","Club Roeselare","S.V. Wevelgem City A","Jobbe Dekimpe","10","Club Roeselare",false,false,false,"Loss",true,false,,true,31,31,0,0,0,0,0,0,,0.5,0,0,0,0,-2,1,3
"https://www.rbfa.be/nl/wedstrijd/7520929","Club Roeselare","S.V. Wevelgem City A","Jasper Noël Beyens","9","S.V. Wevelgem City A",false,false,false,"Win",true,false,,true,80,80,1,0,0,0,0,0,,1,1,2,1,1,1,1,0
"https://www.rbfa.be/nl/wedstrijd/7520929","Club Roeselare","S.V. Wevelgem City A","Cedric Makekula Mitu Muendele","13","Club Roeselare",false,false,false,"Loss",true,false,,false,,90,0,0,0,0,0,0,,0,-2,1,3,,,,
"https://www.rbfa.be/nl/wedstrijd/7520929","Club Roeselare","S.V. Wevelgem City A","Thibau Laevens","10","S.V. Wevelgem City A",false,false,false,"Win",true,false,,true,80,80,0,0,0,0,0,0,,1,1,2,1,1,1,1,0
"https://www.rbfa.be/nl/wedstrijd/7520929","Club Roeselare","S.V. Wevelgem City A","Michiel Verlinde","15","Club Roeselare",false,false,false,"Loss",true,false,,false,,90,0,0,0,0,0,0,,0,-2,1,3,,,,
"https://www.rbfa.be/nl/wedstrijd/7520929","Club Roeselare","S.V. Wevelgem City A","Marc Couckuyt","14","S.V. Wevelgem City A",false,false,false,"Win",true,false,,false,,90,0,0,0,0,0,0,,1,2,3,1,,,,
"https://www.rbfa.be/nl/wedstrijd/7520929","Club Roeselare","S.V. Wevelgem City A","Simon Verlinde","19","Club Roeselare",false,false,false,"Loss",true,false,,true,68,68,0,0,0,0,0,0,,0,-1,1,2,0,-1,0,1
"https://www.rbfa.be/nl/wedstrijd/7520929","Club Roeselare","S.V. Wevelgem City A","Gilles Bouckaert","17","S.V. Wevelgem City A",false,false,false,"Win",true,false,,false,,90,0,0,0,0,0,0,,1,2,3,1,,,,
"https://www.rbfa.be/nl/wedstrijd/7520929","Club Roeselare","S.V. Wevelgem City A","Gianni Vandecasteele","20","Club Roeselare",false,false,false,"Loss",true,false,,true,68,68,0,0,0,0,0,0,,0,-1,1,2,0,-1,0,1
"https://www.rbfa.be/nl/wedstrijd/7520929","Club Roeselare","S.V. Wevelgem City A","Maxime Cottignie","19","S.V. Wevelgem City A",false,false,false,"Win",true,false,,false,,90,0,0,0,0,0,0,,1,2,3,1,,,,
"https://www.rbfa.be/nl/wedstrijd/7520929","Club Roeselare","S.V. Wevelgem City A","Sebastiaan Maesen","22","Club Roeselare",false,false,false,"Loss",true,false,,true,18,18,0,0,0,0,0,0,,0.5,0,0,0,0,-2,1,3
"https://www.rbfa.be/nl/wedstrijd/7520929","Club Roeselare","S.V. Wevelgem City A","Mehdi Oumedjeber","20","S.V. Wevelgem City A",false,false,false,"Win",true,false,,false,,90,0,0,0,0,0,0,,1,2,3,1,,,,
"https://www.rbfa.be/nl/wedstrijd/7520929","Club Roeselare","S.V. Wevelgem City A","Mauro Dumoulin","2","Club Roeselare",false,false,false,"Loss",false,true,18,false,,72,0,0,0,0,0,0,,0,-2,1,3,0.5,0,0,0
"https://www.rbfa.be/nl/wedstrijd/7520929","Club Roeselare","S.V. Wevelgem City A","Emiel Bridelance","2","S.V. Wevelgem City A",false,false,false,"Win",false,true,80,false,,10,0,0,0,0,0,0,,1,1,1,0,1,1,2,1
"https://www.rbfa.be/nl/wedstrijd/7520929","Club Roeselare","S.V. Wevelgem City A","Robbie Bolombo","9","Club Roeselare",false,false,false,"Loss",false,true,68,false,,22,0,0,0,0,0,0,,0,-1,0,1,0,-1,1,2
"https://www.rbfa.be/nl/wedstrijd/7520929","Club Roeselare","S.V. Wevelgem City A","Tibo Margo","16","S.V. Wevelgem City A",false,false,false,"Win",false,true,65,false,,25,0,0,0,0,0,0,,1,2,2,0,0.5,0,1,1
"https://www.rbfa.be/nl/wedstrijd/7520929","Club Roeselare","S.V. Wevelgem City A","Vincent Provoost","14","Club Roeselare",false,false,false,"Loss",false,true,31,false,,59,0,0,0,0,0,0,,0,-2,1,3,0.5,0,0,0
"https://www.rbfa.be/nl/wedstrijd/7520929","Club Roeselare","S.V. Wevelgem City A","Robbe Dekiere","18","S.V. Wevelgem City A",false,false,false,"Win",false,true,52,false,,38,1,0,0,0,0,0,,1,2,2,0,0.5,0,1,1
"https://www.rbfa.be/nl/wedstrijd/7520929","Club Roeselare","S.V. Wevelgem City A","Gilles Decuyper","17","Club Roeselare",false,false,false,"Loss",false,true,68,false,,22,0,0,0,0,0,0,,0,-1,0,1,0,-1,1,2
"https://www.rbfa.be/nl/wedstrijd/7520929","Club Roeselare","S.V. Wevelgem City A","Raf Vanhuylebrouck","21","S.V. Wevelgem City A",false,false,false,"Win",false,true,80,false,,10,0,0,0,0,0,0,,1,1,1,0,1,1,2,1
"https://www.rbfa.be/nl/wedstrijd/7520929","Club Roeselare","S.V. Wevelgem City A","Brent Mandeville","21","Club Roeselare",false,false,false,"Loss",false,true,68,false,,22,0,0,0,0,0,0,,0,-1,0,1,0,-1,1,2
"https://www.rbfa.be/nl/wedstrijd/7520929","Club Roeselare","S.V. Wevelgem City A","Said Hafidh Khatib","22","S.V. Wevelgem City A",false,false,false,"Win",false,true,80,false,,10,1,0,0,0,0,0,,1,1,1,0,1,1,2,1
"https://www.rbfa.be/nl/wedstrijd/7520931","K. Eendr. Wervik A","SV Ingelmunster A","Dylan Olievier","1","K. Eendr. Wervik A",true,false,false,"Loss",true,false,,false,,90,0,0,0,0,0,0,,0,-4,0,4,,,,
"https://www.rbfa.be/nl/wedstrijd/7520931","K. Eendr. Wervik A","SV Ingelmunster A","Matthias Ghyselinck","22","SV Ingelmunster A",true,false,true,"Win",true,false,,false,,90,0,0,0,0,0,0,,1,4,4,0,,,,
"https://www.rbfa.be/nl/wedstrijd/7520931","K. Eendr. Wervik A","SV Ingelmunster A","Olivann Bossom","3","K. Eendr. Wervik A",false,false,false,"Loss",true,false,,false,,90,0,0,0,0,0,0,,0,-4,0,4,,,,
"https://www.rbfa.be/nl/wedstrijd/7520931","K. Eendr. Wervik A","SV Ingelmunster A","Jorrit Vanden Berghe","2","SV Ingelmunster A",false,false,false,"Win",true,false,,true,22,22,0,0,0,0,0,0,,1,1,1,0,1,3,3,0
"https://www.rbfa.be/nl/wedstrijd/7520931","K. Eendr. Wervik A","SV Ingelmunster A","Youssef Bouyfoulkitne","4","K. Eendr. Wervik A",false,false,false,"Loss",true,false,,false,,90,0,0,0,0,0,0,,0,-4,0,4,,,,
"https://www.rbfa.be/nl/wedstrijd/7520931","K. Eendr. Wervik A","SV Ingelmunster A","Christ Bruno Mbiakob","4","SV Ingelmunster A",false,false,false,"Win",true,false,,false,,90,0,0,0,0,0,0,,1,4,4,0,,,,
"https://www.rbfa.be/nl/wedstrijd/7520931","K. Eendr. Wervik A","SV Ingelmunster A","Jonathan Harrang","5","K. Eendr. Wervik A",false,false,false,"Loss",true,false,,false,,90,0,0,0,0,0,0,,0,-4,0,4,,,,
"https://www.rbfa.be/nl/wedstrijd/7520931","K. Eendr. Wervik A","SV Ingelmunster A","Henry Van Parys","6","SV Ingelmunster A",false,false,false,"Win",true,false,,false,,90,0,0,0,0,0,0,,1,4,4,0,,,,
"https://www.rbfa.be/nl/wedstrijd/7520931","K. Eendr. Wervik A","SV Ingelmunster A","Neil Serbouh","6","K. Eendr. Wervik A",false,false,false,"Loss",true,false,,true,67,67,0,0,0,0,0,0,,0,-2,0,2,0,-2,0,2
"https://www.rbfa.be/nl/wedstrijd/7520931","K. Eendr. Wervik A","SV Ingelmunster A","Remco Kentie","7","SV Ingelmunster A",false,false,false,"Win",true,false,,false,,90,1,0,0,0,0,0,,1,4,4,0,,,,
"https://www.rbfa.be/nl/wedstrijd/7520931","K. Eendr. Wervik A","SV Ingelmunster A","Emiel Stevens","8","K. Eendr. Wervik A",false,true,false,"Loss",true,false,,false,,90,0,0,0,0,0,0,,0,-4,0,4,,,,
"https://www.rbfa.be/nl/wedstrijd/7520931","K. Eendr. Wervik A","SV Ingelmunster A","Xander Vankeirsbilck","10","SV Ingelmunster A",false,false,false,"Win",true,false,,false,,90,0,0,0,0,0,0,,1,4,4,0,,,,
"https://www.rbfa.be/nl/wedstrijd/7520931","K. Eendr. Wervik A","SV Ingelmunster A","Abdoul Salam Sow","15","K. Eendr. Wervik A",false,false,false,"Loss",true,false,,true,46,46,0,0,0,0,0,0,,0,-2,0,2,0,-2,0,2
"https://www.rbfa.be/nl/wedstrijd/7520931","K. Eendr. Wervik A","SV Ingelmunster A","Yoric Volckaert","14","SV Ingelmunster A",false,true,false,"Win",true,false,,false,,90,1,0,0,0,0,0,,1,4,4,0,,,,
"https://www.rbfa.be/nl/wedstrijd/7520931","K. Eendr. Wervik A","SV Ingelmunster A","Arthur Crombez","17","K. Eendr. Wervik A",false,false,false,"Loss",true,false,,false,,90,0,0,0,0,0,0,,0,-4,0,4,,,,
"https://www.rbfa.be/nl/wedstrijd/7520931","K. Eendr. Wervik A","SV Ingelmunster A","Vedran Verheule","15","SV Ingelmunster A",false,false,false,"Win",true,false,,true,69,69,0,0,0,0,0,0,,1,2,2,0,1,2,2,0
"https://www.rbfa.be/nl/wedstrijd/7520931","K. Eendr. Wervik A","SV Ingelmunster A","Geoffrey Coppin","22","K. Eendr. Wervik A",false,false,false,"Loss",true,false,,true,77,77,0,0,0,0,0,0,,0,-3,0,3,0,-1,0,1
"https://www.rbfa.be/nl/wedstrijd/7520931","K. Eendr. Wervik A","SV Ingelmunster A","Jean-Louis Vyaene","16","SV Ingelmunster A",false,false,false,"Win",true,false,,false,,90,1,0,0,0,0,0,,1,4,4,0,,,,
"https://www.rbfa.be/nl/wedstrijd/7520931","K. Eendr. Wervik A","SV Ingelmunster A","Quentin Christophe Despringre","25","K. Eendr. Wervik A",false,false,false,"Loss",true,false,,false,,90,0,0,0,0,0,0,,0,-4,0,4,,,,
"https://www.rbfa.be/nl/wedstrijd/7520931","K. Eendr. Wervik A","SV Ingelmunster A","Simon Vanmarcke","17","SV Ingelmunster A",false,false,false,"Win",true,false,,false,,90,0,0,0,0,0,0,,1,4,4,0,,,,
"https://www.rbfa.be/nl/wedstrijd/7520931","K. Eendr. Wervik A","SV Ingelmunster A","Bilal Al Ghami","31","K. Eendr. Wervik A",false,false,false,"Loss",true,false,,true,61,61,0,0,0,0,0,0,,0,-2,0,2,0,-2,0,2
"https://www.rbfa.be/nl/wedstrijd/7520931","K. Eendr. Wervik A","SV Ingelmunster A","Andres Verschelde","19","SV Ingelmunster A",false,false,false,"Win",true,false,,true,46,46,0,0,0,0,0,0,,1,2,2,0,1,2,2,0
"https://www.rbfa.be/nl/wedstrijd/7520931","K. Eendr. Wervik A","SV Ingelmunster A","Maxim Driessens","24","K. Eendr. Wervik A",true,false,false,"Loss",false,false,,false,,0,0,0,0,0,0,0,,,,,,0.5,0,0,0
"https://www.rbfa.be/nl/wedstrijd/7520931","K. Eendr. Wervik A","SV Ingelmunster A","Lowie Van Renterghem","1","SV Ingelmunster A",true,false,false,"Win",false,false,,false,,0,0,0,0,0,0,0,,,,,,0.5,0,0,0
"https://www.rbfa.be/nl/wedstrijd/7520931","K. Eendr. Wervik A","SV Ingelmunster A","Adil Haci","11","K. Eendr. Wervik A",false,false,false,"Loss",false,true,61,false,,29,0,0,0,0,0,0,,0,-2,0,2,0,-2,0,2
"https://www.rbfa.be/nl/wedstrijd/7520931","K. Eendr. Wervik A","SV Ingelmunster A","Tibo Vandendriessche","8","SV Ingelmunster A",false,false,false,"Win",false,true,69,false,,21,0,0,0,0,0,0,,1,2,2,0,1,2,2,0
"https://www.rbfa.be/nl/wedstrijd/7520931","K. Eendr. Wervik A","SV Ingelmunster A","Kamal Diaz Jlal","14","K. Eendr. Wervik A",false,false,false,"Loss",false,true,77,false,,13,0,0,0,0,0,0,,0,-1,0,1,0,-3,0,3
"https://www.rbfa.be/nl/wedstrijd/7520931","K. Eendr. Wervik A","SV Ingelmunster A","Alexandre Vandemaele","9","SV Ingelmunster A",false,false,false,"Win",false,true,46,false,,44,1,0,0,0,0,0,,1,2,2,0,1,2,2,0
"https://www.rbfa.be/nl/wedstrijd/7520931","K. Eendr. Wervik A","SV Ingelmunster A","Yann-Moussa André Diallo","19","K. Eendr. Wervik A",false,false,false,"Loss",false,true,67,false,,23,0,0,0,0,0,0,,0,-2,0,2,0,-2,0,2
"https://www.rbfa.be/nl/wedstrijd/7520931","K. Eendr. Wervik A","SV Ingelmunster A","Andres Baert","18","SV Ingelmunster A",false,false,false,"Win",false,true,22,false,,68,0,0,0,0,0,0,,1,3,3,0,1,1,1,0
"https://www.rbfa.be/nl/wedstrijd/7520931","K. Eendr. Wervik A","SV Ingelmunster A","Yanis Gaci","20","K. Eendr. Wervik A",false,false,false,"Loss",false,true,46,false,,44,0,0,0,0,0,0,,0,-2,0,2,0,-2,0,2
"https://www.rbfa.be/nl/wedstrijd/7520931","K. Eendr. Wervik A","SV Ingelmunster A","Dylan Seys","24","SV Ingelmunster A",false,false,false,"Win",false,false,,false,,0,0,0,0,0,0,0,,,,,,0.5,0,0,0
"https://www.rbfa.be/nl/wedstrijd/7520930","K. Sassp. Boezinge A","K. SK Beveren-Leie A","Justin Vanbrabandt","89","K. Sassp. Boezinge A",true,true,true,"Win",true,false,,false,,90,0,0,0,0,0,0,,1,4,4,0,,,,
"https://www.rbfa.be/nl/wedstrijd/7520930","K. Sassp. Boezinge A","K. SK Beveren-Leie A","Benoit Degruyter","1","K. SK Beveren-Leie A",true,true,false,"Loss",true,false,,false,,90,0,0,0,0,0,0,,0,-4,0,4,,,,
"https://www.rbfa.be/nl/wedstrijd/7520930","K. Sassp. Boezinge A","K. SK Beveren-Leie A","Maxime Vanackere","2","K. Sassp. Boezinge A",false,false,false,"Win",true,false,,true,45,45,0,0,0,0,0,0,,1,2,2,0,1,2,2,0
"https://www.rbfa.be/nl/wedstrijd/7520930","K. Sassp. Boezinge A","K. SK Beveren-Leie A","Vincenzo Dujardin","3","K. SK Beveren-Leie A",false,false,false,"Loss",true,false,,true,90,90,0,0,0,0,0,0,,0,-4,0,4,,,,
"https://www.rbfa.be/nl/wedstrijd/7520930","K. Sassp. Boezinge A","K. SK Beveren-Leie A","Valentin Mahieu","3","K. Sassp. Boezinge A",false,false,false,"Win",true,false,,false,,90,1,0,0,0,0,0,,1,4,4,0,,,,
"https://www.rbfa.be/nl/wedstrijd/7520930","K. Sassp. Boezinge A","K. SK Beveren-Leie A","Maarten Vanlerberghe","4","K. SK Beveren-Leie A",false,false,false,"Loss",true,false,,true,67,67,0,0,0,0,0,0,,0,-3,0,3,0,-1,0,1
"https://www.rbfa.be/nl/wedstrijd/7520930","K. Sassp. Boezinge A","K. SK Beveren-Leie A","Ibe Duflou","5","K. Sassp. Boezinge A",false,false,false,"Win",true,false,,false,,90,0,0,0,0,0,0,,1,4,4,0,,,,
"https://www.rbfa.be/nl/wedstrijd/7520930","K. Sassp. Boezinge A","K. SK Beveren-Leie A","Gianni Sobrie","5","K. SK Beveren-Leie A",false,false,false,"Loss",true,false,,false,,90,0,0,0,0,0,0,,0,-4,0,4,,,,
"https://www.rbfa.be/nl/wedstrijd/7520930","K. Sassp. Boezinge A","K. SK Beveren-Leie A","Mouhamed Sarr","6","K. Sassp. Boezinge A",false,false,false,"Win",true,false,,false,,90,0,0,0,0,0,0,,1,4,4,0,,,,
"https://www.rbfa.be/nl/wedstrijd/7520930","K. Sassp. Boezinge A","K. SK Beveren-Leie A","Alpha Mamoudou Sylla","7","K. SK Beveren-Leie A",false,false,false,"Loss",true,false,,true,90,90,0,0,0,0,0,0,,0,-4,0,4,,,,
"https://www.rbfa.be/nl/wedstrijd/7520930","K. Sassp. Boezinge A","K. SK Beveren-Leie A","Ward Maerten","7","K. Sassp. Boezinge A",false,false,false,"Win",true,false,,true,82,82,0,0,0,0,0,0,,1,4,4,0,0.5,0,0,0
"https://www.rbfa.be/nl/wedstrijd/7520930","K. Sassp. Boezinge A","K. SK Beveren-Leie A","Dmitry Konstantinovich Kryzhanovskiy","9","K. SK Beveren-Leie A",false,false,false,"Loss",true,false,,false,,90,0,0,0,0,0,0,,0,-4,0,4,,,,
"https://www.rbfa.be/nl/wedstrijd/7520930","K. Sassp. Boezinge A","K. SK Beveren-Leie A","Ilyas Lakfif","9","K. Sassp. Boezinge A",false,false,false,"Win",true,false,,true,82,82,2,0,0,0,0,0,,1,4,4,0,0.5,0,0,0
"https://www.rbfa.be/nl/wedstrijd/7520930","K. Sassp. Boezinge A","K. SK Beveren-Leie A","Yani Desmet","10","K. SK Beveren-Leie A",false,false,false,"Loss",true,false,,false,,90,0,0,0,0,0,0,,0,-4,0,4,,,,
"https://www.rbfa.be/nl/wedstrijd/7520930","K. Sassp. Boezinge A","K. SK Beveren-Leie A","Fabian Rassalle","14","K. Sassp. Boezinge A",false,false,false,"Win",true,false,,false,,90,0,0,0,0,0,0,,1,4,4,0,,,,
"https://www.rbfa.be/nl/wedstrijd/7520930","K. Sassp. Boezinge A","K. SK Beveren-Leie A","Bryan Khetta","14","K. SK Beveren-Leie A",false,false,false,"Loss",true,false,,true,57,57,0,0,0,0,0,0,,0,-2,0,2,0,-2,0,2
"https://www.rbfa.be/nl/wedstrijd/7520930","K. Sassp. Boezinge A","K. SK Beveren-Leie A","Lennart Sampers","20","K. Sassp. Boezinge A",false,false,false,"Win",true,false,,false,,90,0,0,0,0,0,0,,1,4,4,0,,,,
"https://www.rbfa.be/nl/wedstrijd/7520930","K. Sassp. Boezinge A","K. SK Beveren-Leie A","Safouane Rahhab","15","K. SK Beveren-Leie A",false,false,false,"Loss",true,false,,true,67,67,0,0,0,0,0,0,,0,-3,0,3,0,-1,0,1
"https://www.rbfa.be/nl/wedstrijd/7520930","K. Sassp. Boezinge A","K. SK Beveren-Leie A","Seppe Gantois","23","K. Sassp. Boezinge A",false,false,false,"Win",true,false,,false,,90,1,0,0,0,0,0,,1,4,4,0,,,,
"https://www.rbfa.be/nl/wedstrijd/7520930","K. Sassp. Boezinge A","K. SK Beveren-Leie A","Alessandro Dujardin","18","K. SK Beveren-Leie A",false,false,false,"Loss",true,false,,false,,90,0,0,0,0,0,0,,0,-4,0,4,,,,
"https://www.rbfa.be/nl/wedstrijd/7520930","K. Sassp. Boezinge A","K. SK Beveren-Leie A","Lilian Bochet","25","K. Sassp. Boezinge A",false,false,false,"Win",true,false,,true,80,80,0,0,0,0,0,0,,1,4,4,0,0.5,0,0,0
"https://www.rbfa.be/nl/wedstrijd/7520930","K. Sassp. Boezinge A","K. SK Beveren-Leie A","Gilles De Greve","19","K. SK Beveren-Leie A",false,false,false,"Loss",true,false,,false,,90,0,0,0,0,0,0,,0,-4,0,4,,,,
"https://www.rbfa.be/nl/wedstrijd/7520930","K. Sassp. Boezinge A","K. SK Beveren-Leie A","Maxim Coffyn","13","K. Sassp. Boezinge A",true,false,false,"Win",false,false,,false,,0,0,0,0,0,0,0,,,,,,0.5,0,0,0
"https://www.rbfa.be/nl/wedstrijd/7520930","K. Sassp. Boezinge A","K. SK Beveren-Leie A","Ilyas Akhandaf","11","K. SK Beveren-Leie A",false,false,false,"Loss",false,true,90,false,,0,0,0,0,0,0,0,,,,,,0,-4,0,4
"https://www.rbfa.be/nl/wedstrijd/7520930","K. Sassp. Boezinge A","K. SK Beveren-Leie A","Remko Vandamme","11","K. Sassp. Boezinge A",false,false,false,"Win",false,true,82,false,,8,0,0,0,0,0,0,,0.5,0,0,0,1,4,4,0
"https://www.rbfa.be/nl/wedstrijd/7520930","K. Sassp. Boezinge A","K. SK Beveren-Leie A","Baptiste Vandoorne","12","K. SK Beveren-Leie A",false,false,false,"Loss",false,true,67,false,,23,0,0,0,0,0,0,,0,-1,0,1,0,-3,0,3
"https://www.rbfa.be/nl/wedstrijd/7520930","K. Sassp. Boezinge A","K. SK Beveren-Leie A","Robbe Vandergunst","12","K. Sassp. Boezinge A",false,false,false,"Win",false,true,82,false,,8,0,0,0,0,0,0,,0.5,0,0,0,1,4,4,0
"https://www.rbfa.be/nl/wedstrijd/7520930","K. Sassp. Boezinge A","K. SK Beveren-Leie A","Rimas Vande Vyver","13","K. SK Beveren-Leie A",false,false,false,"Loss",false,true,57,false,,33,0,0,0,0,0,0,,0,-2,0,2,0,-2,0,2
"https://www.rbfa.be/nl/wedstrijd/7520930","K. Sassp. Boezinge A","K. SK Beveren-Leie A","Joenes Kasmi","18","K. Sassp. Boezinge A",false,false,false,"Win",false,true,80,false,,10,0,0,0,0,0,0,,0.5,0,0,0,1,4,4,0
"https://www.rbfa.be/nl/wedstrijd/7520930","K. Sassp. Boezinge A","K. SK Beveren-Leie A","Dario Wandels","16","K. SK Beveren-Leie A",false,false,false,"Loss",false,true,67,false,,23,0,0,0,0,0,0,,0,-1,0,1,0,-3,0,3
"https://www.rbfa.be/nl/wedstrijd/7520930","K. Sassp. Boezinge A","K. SK Beveren-Leie A","Colin Sohier","24","K. Sassp. Boezinge A",false,false,false,"Win",false,true,45,false,,45,0,0,0,0,0,0,,1,2,2,0,1,2,2,0
"https://www.rbfa.be/nl/wedstrijd/7520930","K. Sassp. Boezinge A","K. SK Beveren-Leie A","Mathis De Vreeze","17","K. SK Beveren-Leie A",false,false,false,"Loss",false,true,90,false,,0,0,0,0,0,0,0,,,,,,0,-4,0,4
"https://www.rbfa.be/nl/wedstrijd/7520932","K. SV Veurne A","K.R.C. Waregem A","Wout Vandendriessche","54","K. SV Veurne A",true,false,true,"Win",true,false,,false,,90,0,0,0,0,0,0,,1,2,2,0,,,,
"https://www.rbfa.be/nl/wedstrijd/7520932","K. SV Veurne A","K.R.C. Waregem A","Soren Dutoit","1","K.R.C. Waregem A",true,false,false,"Loss",true,false,,false,,90,0,0,0,0,0,0,,0,-2,0,2,,,,
"https://www.rbfa.be/nl/wedstrijd/7520932","K. SV Veurne A","K.R.C. Waregem A","Pieter Dedrie","3","K. SV Veurne A",false,false,false,"Win",true,false,,false,,90,0,0,0,1,0,0,,1,2,2,0,,,,
"https://www.rbfa.be/nl/wedstrijd/7520932","K. SV Veurne A","K.R.C. Waregem A","Siebe Depraetere","2","K.R.C. Waregem A",false,false,false,"Loss",true,false,,false,,90,0,0,0,0,0,0,,0,-2,0,2,,,,
"https://www.rbfa.be/nl/wedstrijd/7520932","K. SV Veurne A","K.R.C. Waregem A","Gianni Jooris","7","K. SV Veurne A",false,false,false,"Win",true,false,,false,,90,0,0,0,0,0,0,,1,2,2,0,,,,
"https://www.rbfa.be/nl/wedstrijd/7520932","K. SV Veurne A","K.R.C. Waregem A","Robbe Driessens","3","K.R.C. Waregem A",false,false,false,"Loss",true,false,,true,58,58,0,0,0,0,0,0,,0,-2,0,2,0.5,0,0,0
"https://www.rbfa.be/nl/wedstrijd/7520932","K. SV Veurne A","K.R.C. Waregem A","Jordy Bardyn","8","K. SV Veurne A",false,false,false,"Win",true,false,,false,,90,0,0,0,0,0,0,,1,2,2,0,,,,
"https://www.rbfa.be/nl/wedstrijd/7520932","K. SV Veurne A","K.R.C. Waregem A","Denzel Van Fleteren","5","K.R.C. Waregem A",false,true,false,"Loss",true,false,,false,,90,0,0,0,0,0,0,,0,-2,0,2,,,,
"https://www.rbfa.be/nl/wedstrijd/7520932","K. SV Veurne A","K.R.C. Waregem A","Dayne Clarebout","9","K. SV Veurne A",false,false,false,"Win",true,false,,true,89,89,2,0,0,0,0,0,,1,2,2,0,0.5,0,0,0
"https://www.rbfa.be/nl/wedstrijd/7520932","K. SV Veurne A","K.R.C. Waregem A","Jörg Roger Dutoit","7","K.R.C. Waregem A",false,false,false,"Loss",true,false,,false,,90,0,0,0,0,0,0,,0,-2,0,2,,,,
"https://www.rbfa.be/nl/wedstrijd/7520932","K. SV Veurne A","K.R.C. Waregem A","Luca Baekelandt","10","K. SV Veurne A",false,true,false,"Win",true,false,,false,,90,0,0,0,0,0,0,,1,2,2,0,,,,
"https://www.rbfa.be/nl/wedstrijd/7520932","K. SV Veurne A","K.R.C. Waregem A","Jarne Vanderpoorten","8","K.R.C. Waregem A",false,false,false,"Loss",true,false,,false,,90,0,0,0,0,0,0,,0,-2,0,2,,,,
"https://www.rbfa.be/nl/wedstrijd/7520932","K. SV Veurne A","K.R.C. Waregem A","Dante Blanckaert","17","K. SV Veurne A",false,false,false,"Win",true,false,,false,,90,0,0,0,0,0,0,,1,2,2,0,,,,
"https://www.rbfa.be/nl/wedstrijd/7520932","K. SV Veurne A","K.R.C. Waregem A","Simon Vandenabeele","9","K.R.C. Waregem A",false,false,false,"Loss",true,false,,false,,90,0,0,0,0,0,0,,0,-2,0,2,,,,
"https://www.rbfa.be/nl/wedstrijd/7520932","K. SV Veurne A","K.R.C. Waregem A","Bart Winnock","21","K. SV Veurne A",false,false,false,"Win",true,false,,false,,90,0,0,0,0,0,0,,1,2,2,0,,,,
"https://www.rbfa.be/nl/wedstrijd/7520932","K. SV Veurne A","K.R.C. Waregem A","Tjardo Vanderghinste","14","K.R.C. Waregem A",false,false,false,"Loss",true,false,,true,58,58,0,0,0,0,0,0,,0,-2,0,2,0.5,0,0,0
"https://www.rbfa.be/nl/wedstrijd/7520932","K. SV Veurne A","K.R.C. Waregem A","Kevin Chateau","22","K. SV Veurne A",false,false,false,"Win",true,false,,true,75,75,0,0,0,0,0,0,,1,2,2,0,0.5,0,0,0
"https://www.rbfa.be/nl/wedstrijd/7520932","K. SV Veurne A","K.R.C. Waregem A","Mathis Lievens","19","K.R.C. Waregem A",false,false,false,"Loss",true,false,,true,58,58,0,0,0,0,0,0,,0,-2,0,2,0.5,0,0,0
"https://www.rbfa.be/nl/wedstrijd/7520932","K. SV Veurne A","K.R.C. Waregem A","Kasper De Keyrel","24","K. SV Veurne A",false,false,false,"Win",true,false,,false,,90,0,0,0,0,0,0,,1,2,2,0,,,,
"https://www.rbfa.be/nl/wedstrijd/7520932","K. SV Veurne A","K.R.C. Waregem A","Emiel Delmulle","20","K.R.C. Waregem A",false,false,false,"Loss",true,false,,true,78,78,0,0,0,0,0,0,,0,-2,0,2,0.5,0,0,0
"https://www.rbfa.be/nl/wedstrijd/7520932","K. SV Veurne A","K.R.C. Waregem A","Anouk Vanysacker","44","K. SV Veurne A",false,false,false,"Win",true,false,,false,,90,0,0,0,0,0,0,,1,2,2,0,,,,
"https://www.rbfa.be/nl/wedstrijd/7520932","K. SV Veurne A","K.R.C. Waregem A","Arnaut Devenyns","21","K.R.C. Waregem A",false,false,false,"Loss",true,false,,false,,90,0,0,0,1,0,0,,0,-2,0,2,,,,
"https://www.rbfa.be/nl/wedstrijd/7520932","K. SV Veurne A","K.R.C. Waregem A","Gilles Van Holm","1","K. SV Veurne A",true,false,false,"Win",false,false,,false,,0,0,0,0,0,0,0,,,,,,0.5,0,0,0
"https://www.rbfa.be/nl/wedstrijd/7520932","K. SV Veurne A","K.R.C. Waregem A","Kyran Vantieghem","13","K.R.C. Waregem A",true,false,false,"Loss",false,false,,false,,0,0,0,0,0,0,0,,,,,,0.5,0,0,0
"https://www.rbfa.be/nl/wedstrijd/7520932","K. SV Veurne A","K.R.C. Waregem A","Thijs Hatse","5","K. SV Veurne A",false,false,false,"Win",false,false,,false,,0,0,0,0,0,0,0,,,,,,0.5,0,0,0
"https://www.rbfa.be/nl/wedstrijd/7520932","K. SV Veurne A","K.R.C. Waregem A","Leko Albert Verbauwhede","4","K.R.C. Waregem A",false,false,false,"Loss",false,true,58,false,,32,0,0,0,0,0,0,,0.5,0,0,0,0,-2,0,2
"https://www.rbfa.be/nl/wedstrijd/7520932","K. SV Veurne A","K.R.C. Waregem A","Axel Leeman","20","K. SV Veurne A",false,false,false,"Win",false,true,75,false,,15,0,0,0,0,0,0,,0.5,0,0,0,1,2,2,0
"https://www.rbfa.be/nl/wedstrijd/7520932","K. SV Veurne A","K.R.C. Waregem A","Robbe Debue","11","K.R.C. Waregem A",false,false,false,"Loss",false,true,58,false,,32,0,0,0,0,0,0,,0.5,0,0,0,0,-2,0,2
"https://www.rbfa.be/nl/wedstrijd/7520932","K. SV Veurne A","K.R.C. Waregem A","Joppe Rathé","47","K. SV Veurne A",false,false,false,"Win",false,true,89,false,,1,0,0,0,0,0,0,,0.5,0,0,0,1,2,2,0
"https://www.rbfa.be/nl/wedstrijd/7520932","K. SV Veurne A","K.R.C. Waregem A","Kengi Callens","12","K.R.C. Waregem A",false,false,false,"Loss",false,true,58,false,,32,0,0,0,0,0,0,,0.5,0,0,0,0,-2,0,2
"https://www.rbfa.be/nl/wedstrijd/7520932","K. SV Veurne A","K.R.C. Waregem A","Matteo Dujardin","17","K.R.C. Waregem A",false,false,false,"Loss",false,true,78,false,,12,0,0,0,0,0,0,,0.5,0,0,0,0,-2,0,2
"https://www.rbfa.be/nl/wedstrijd/7520934","K. FC Varsenare A","K. FC Heist A","Sebastien Cattoor","48","K. FC Varsenare A",true,false,false,"Loss",true,false,,false,,90,0,0,0,0,0,0,,0,-2,1,3,,,,
"https://www.rbfa.be/nl/wedstrijd/7520934","K. FC Varsenare A","K. FC Heist A","Miguel De Block","1","K. FC Heist A",true,false,false,"Win",true,false,,false,,90,0,0,0,0,0,0,,1,2,3,1,,,,
"https://www.rbfa.be/nl/wedstrijd/7520934","K. FC Varsenare A","K. FC Heist A","Benoit Onraet","4","K. FC Varsenare A",false,false,false,"Loss",true,false,,false,,90,0,0,0,0,0,0,,0,-2,1,3,,,,
"https://www.rbfa.be/nl/wedstrijd/7520934","K. FC Varsenare A","K. FC Heist A","Xander Timmerman","2","K. FC Heist A",false,false,false,"Win",true,false,,false,,90,0,0,0,0,0,0,,1,2,3,1,,,,
"https://www.rbfa.be/nl/wedstrijd/7520934","K. FC Varsenare A","K. FC Heist A","Matteo Compernolle","5","K. FC Varsenare A",false,false,false,"Loss",true,false,,true,45,45,0,0,0,0,0,0,,0,-2,0,2,0.5,0,1,1
"https://www.rbfa.be/nl/wedstrijd/7520934","K. FC Varsenare A","K. FC Heist A","Thibo Gies","5","K. FC Heist A",false,false,false,"Win",true,false,,false,,90,0,0,0,0,0,0,,1,2,3,1,,,,
"https://www.rbfa.be/nl/wedstrijd/7520934","K. FC Varsenare A","K. FC Heist A","Olivier Delcampe","7","K. FC Varsenare A",false,true,false,"Loss",true,false,,false,,90,0,0,0,0,0,0,,0,-2,1,3,,,,
"https://www.rbfa.be/nl/wedstrijd/7520934","K. FC Varsenare A","K. FC Heist A","Yoni Delporte","8","K. FC Heist A",false,true,false,"Win",true,false,,false,,90,0,0,0,0,0,0,,1,2,3,1,,,,
"https://www.rbfa.be/nl/wedstrijd/7520934","K. FC Varsenare A","K. FC Heist A","Jari Van De Maele","9","K. FC Varsenare A",false,false,false,"Loss",true,false,,false,,90,0,0,0,0,0,0,,0,-2,1,3,,,,
"https://www.rbfa.be/nl/wedstrijd/7520934","K. FC Varsenare A","K. FC Heist A","Tibo Andries","9","K. FC Heist A",false,false,false,"Win",true,false,,false,,90,2,0,0,0,0,0,,1,2,3,1,,,,
"https://www.rbfa.be/nl/wedstrijd/7520934","K. FC Varsenare A","K. FC Heist A","Milan Van De Maele","10","K. FC Varsenare A",false,false,false,"Loss",true,false,,false,,90,0,0,0,1,0,0,,0,-2,1,3,,,,
"https://www.rbfa.be/nl/wedstrijd/7520934","K. FC Varsenare A","K. FC Heist A","Jarne Vancompernolle","11","K. FC Heist A",false,false,false,"Win",true,false,,false,,90,0,0,0,0,0,0,,1,2,3,1,,,,
"https://www.rbfa.be/nl/wedstrijd/7520934","K. FC Varsenare A","K. FC Heist A","Kiron Beernaert","11","K. FC Varsenare A",false,false,false,"Loss",true,false,,true,65,65,0,0,0,0,0,0,,0,-2,1,3,0.5,0,0,0
"https://www.rbfa.be/nl/wedstrijd/7520934","K. FC Varsenare A","K. FC Heist A","Thomas Vuyts","13","K. FC Heist A",false,false,false,"Win",true,false,,false,,90,1,0,0,0,0,0,,1,2,3,1,,,,
"https://www.rbfa.be/nl/wedstrijd/7520934","K. FC Varsenare A","K. FC Heist A","Ilko Kesteleyn","22","K. FC Varsenare A",false,false,false,"Loss",true,false,,false,,90,1,0,0,0,0,0,,0,-2,1,3,,,,
"https://www.rbfa.be/nl/wedstrijd/7520934","K. FC Varsenare A","K. FC Heist A","Jarno Boone","15","K. FC Heist A",false,false,false,"Win",true,false,,true,45,45,0,0,0,0,0,0,,1,2,2,0,0.5,0,1,1
"https://www.rbfa.be/nl/wedstrijd/7520934","K. FC Varsenare A","K. FC Heist A","Timon Bogaert","23","K. FC Varsenare A",false,false,false,"Loss",true,false,,false,,90,0,0,0,1,0,0,,0,-2,1,3,,,,
"https://www.rbfa.be/nl/wedstrijd/7520934","K. FC Varsenare A","K. FC Heist A","Brecht Timmerman","20","K. FC Heist A",false,false,false,"Win",true,false,,true,75,75,0,0,0,0,0,0,,1,2,3,1,0.5,0,0,0
"https://www.rbfa.be/nl/wedstrijd/7520934","K. FC Varsenare A","K. FC Heist A","Bavo Butaye","24","K. FC Varsenare A",false,false,false,"Loss",true,false,,false,,90,0,0,0,0,0,0,,0,-2,1,3,,,,
"https://www.rbfa.be/nl/wedstrijd/7520934","K. FC Varsenare A","K. FC Heist A","Jan Claessens","22","K. FC Heist A",false,false,false,"Win",true,false,,false,,90,0,0,0,0,0,0,,1,2,3,1,,,,
"https://www.rbfa.be/nl/wedstrijd/7520934","K. FC Varsenare A","K. FC Heist A","Andreas De Kerpel","31","K. FC Varsenare A",false,false,false,"Loss",true,false,,false,,90,0,0,0,0,0,0,,0,-2,1,3,,,,
"https://www.rbfa.be/nl/wedstrijd/7520934","K. FC Varsenare A","K. FC Heist A","Quirino Raes","25","K. FC Heist A",false,false,false,"Win",true,false,,true,75,75,0,0,0,0,0,0,,1,2,3,1,0.5,0,0,0
"https://www.rbfa.be/nl/wedstrijd/7520934","K. FC Varsenare A","K. FC Heist A","Kasper Van Leirsberghe","83","K. FC Varsenare A",true,false,false,"Loss",false,false,,false,,0,0,0,0,0,0,0,,,,,,0.5,0,0,0
"https://www.rbfa.be/nl/wedstrijd/7520934","K. FC Varsenare A","K. FC Heist A","Diaz Denise Axelsson De Baets","4","K. FC Heist A",false,false,false,"Win",false,false,,false,,0,0,0,0,0,0,0,,,,,,0.5,0,0,0
"https://www.rbfa.be/nl/wedstrijd/7520934","K. FC Varsenare A","K. FC Heist A","Rune Vandamme-Vinckier","13","K. FC Varsenare A",false,false,false,"Loss",false,true,45,false,,45,0,0,0,0,0,0,,0.5,0,1,1,0,-2,0,2
"https://www.rbfa.be/nl/wedstrijd/7520934","K. FC Varsenare A","K. FC Heist A","Bruno Delhaye","6","K. FC Heist A",false,false,false,"Win",false,true,45,false,,45,0,0,0,0,0,0,,0.5,0,1,1,1,2,2,0
"https://www.rbfa.be/nl/wedstrijd/7520934","K. FC Varsenare A","K. FC Heist A","Joppe Tijtgat","15","K. FC Varsenare A",false,false,false,"Loss",false,false,,false,,0,0,0,0,0,0,0,,,,,,0.5,0,0,0
"https://www.rbfa.be/nl/wedstrijd/7520934","K. FC Varsenare A","K. FC Heist A","Tiago Dejaegher","7","K. FC Heist A",false,false,false,"Win",false,true,75,false,,15,0,0,0,0,0,0,,0.5,0,0,0,1,2,3,1
"https://www.rbfa.be/nl/wedstrijd/7520934","K. FC Varsenare A","K. FC Heist A","Gaëtan Deschepper","17","K. FC Varsenare A",false,false,false,"Loss",false,false,,false,,0,0,0,0,0,0,0,,,,,,0.5,0,0,0
"https://www.rbfa.be/nl/wedstrijd/7520934","K. FC Varsenare A","K. FC Heist A","Tenas Virgili","10","K. FC Heist A",false,false,false,"Win",false,true,75,false,,15,0,0,0,0,0,0,,0.5,0,0,0,1,2,3,1
"https://www.rbfa.be/nl/wedstrijd/7520934","K. FC Varsenare A","K. FC Heist A","Martijn Ameel","19","K. FC Varsenare A",false,false,false,"Loss",false,true,65,false,,25,0,0,0,0,0,0,,0.5,0,0,0,0,-2,1,3
"https://www.rbfa.be/nl/wedstrijd/7520934","K. FC Varsenare A","K. FC Heist A","Marwane El Houfi","14","K. FC Heist A",false,false,false,"Win",false,false,,false,,0,0,0,0,0,0,0,,,,,,0.5,0,0,0
"https://www.rbfa.be/nl/wedstrijd/7520933","S.V. Wevelgem City A","KFC Aalbeke Sport A","Jorgen Rogiers","1","S.V. Wevelgem City A",true,true,true,"Draw",true,false,,false,,90,0,0,0,0,0,0,,0.5,0,0,0,,,,
"https://www.rbfa.be/nl/wedstrijd/7520933","S.V. Wevelgem City A","KFC Aalbeke Sport A","Thijs Debuyck","1","KFC Aalbeke Sport A",true,false,true,"Draw",true,false,,false,,90,0,0,0,0,0,0,,0.5,0,0,0,,,,
"https://www.rbfa.be/nl/wedstrijd/7520933","S.V. Wevelgem City A","KFC Aalbeke Sport A","Gauthier Van De Geuchte","3","S.V. Wevelgem City A",false,false,false,"Draw",true,false,,false,,90,0,0,0,0,0,0,,0.5,0,0,0,,,,
"https://www.rbfa.be/nl/wedstrijd/7520933","S.V. Wevelgem City A","KFC Aalbeke Sport A","Charles-Victor Otté","5","KFC Aalbeke Sport A",false,false,false,"Draw",true,false,,true,82,82,0,0,0,1,0,0,,0.5,0,0,0,0.5,0,0,0
"https://www.rbfa.be/nl/wedstrijd/7520933","S.V. Wevelgem City A","KFC Aalbeke Sport A","Gilles Hamers","5","S.V. Wevelgem City A",false,false,false,"Draw",true,false,,true,82,82,0,0,0,1,0,0,,0.5,0,0,0,0.5,0,0,0
"https://www.rbfa.be/nl/wedstrijd/7520933","S.V. Wevelgem City A","KFC Aalbeke Sport A","Bjarne Vanderstraeten","7","KFC Aalbeke Sport A",false,false,false,"Draw",true,false,,false,,90,0,0,0,0,0,0,,0.5,0,0,0,,,,
"https://www.rbfa.be/nl/wedstrijd/7520933","S.V. Wevelgem City A","KFC Aalbeke Sport A","Victor Cuvelier","6","S.V. Wevelgem City A",false,false,false,"Draw",true,false,,true,73,73,0,0,0,0,0,0,,0.5,0,0,0,0.5,0,0,0
"https://www.rbfa.be/nl/wedstrijd/7520933","S.V. Wevelgem City A","KFC Aalbeke Sport A","Marvin Pierre Turcan","10","KFC Aalbeke Sport A",false,false,false,"Draw",true,false,,false,,90,0,0,0,0,0,0,,0.5,0,0,0,,,,
"https://www.rbfa.be/nl/wedstrijd/7520933","S.V. Wevelgem City A","KFC Aalbeke Sport A","Jasper Noël Beyens","9","S.V. Wevelgem City A",false,false,false,"Draw",true,false,,false,,90,0,0,0,0,0,0,,0.5,0,0,0,,,,
"https://www.rbfa.be/nl/wedstrijd/7520933","S.V. Wevelgem City A","KFC Aalbeke Sport A","Sabri Bensalim","14","KFC Aalbeke Sport A",false,false,false,"Draw",true,false,,false,,90,0,0,0,0,0,0,,0.5,0,0,0,,,,
"https://www.rbfa.be/nl/wedstrijd/7520933","S.V. Wevelgem City A","KFC Aalbeke Sport A","Thibau Laevens","10","S.V. Wevelgem City A",false,false,false,"Draw",true,false,,false,,90,0,0,0,0,0,0,,0.5,0,0,0,,,,
"https://www.rbfa.be/nl/wedstrijd/7520933","S.V. Wevelgem City A","KFC Aalbeke Sport A","Thibaut Millecamps","17","KFC Aalbeke Sport A",false,false,false,"Draw",true,false,,true,55,55,0,0,0,0,0,0,,0.5,0,0,0,0.5,0,0,0
"https://www.rbfa.be/nl/wedstrijd/7520933","S.V. Wevelgem City A","KFC Aalbeke Sport A","Marc Couckuyt","14","S.V. Wevelgem City A",false,false,false,"Draw",true,false,,false,,90,0,0,0,0,0,0,,0.5,0,0,0,,,,
"https://www.rbfa.be/nl/wedstrijd/7520933","S.V. Wevelgem City A","KFC Aalbeke Sport A","Taybi Bensalem","19","KFC Aalbeke Sport A",false,false,false,"Draw",true,false,,false,,90,0,0,0,1,0,0,,0.5,0,0,0,,,,
"https://www.rbfa.be/nl/wedstrijd/7520933","S.V. Wevelgem City A","KFC Aalbeke Sport A","Gilles Bouckaert","17","S.V. Wevelgem City A",false,false,false,"Draw",true,false,,false,,90,0,0,0,0,0,0,,0.5,0,0,0,,,,
"https://www.rbfa.be/nl/wedstrijd/7520933","S.V. Wevelgem City A","KFC Aalbeke Sport A","Pieter De Winter","23","KFC Aalbeke Sport A",false,true,false,"Draw",true,false,,false,,90,0,0,0,0,0,0,,0.5,0,0,0,,,,
"https://www.rbfa.be/nl/wedstrijd/7520933","S.V. Wevelgem City A","KFC Aalbeke Sport A","Robbe Dekiere","18","S.V. Wevelgem City A",false,false,false,"Draw",true,false,,true,67,67,0,0,0,0,0,0,,0.5,0,0,0,0.5,0,0,0
"https://www.rbfa.be/nl/wedstrijd/7520933","S.V. Wevelgem City A","KFC Aalbeke Sport A","Corentin Fabrice Cottenceau","28","KFC Aalbeke Sport A",false,false,false,"Draw",true,false,,true,55,55,0,0,0,0,0,0,,0.5,0,0,0,0.5,0,0,0
"https://www.rbfa.be/nl/wedstrijd/7520933","S.V. Wevelgem City A","KFC Aalbeke Sport A","Maxime Cottignie","19","S.V. Wevelgem City A",false,false,false,"Draw",true,false,,false,,90,0,0,0,0,0,0,,0.5,0,0,0,,,,
"https://www.rbfa.be/nl/wedstrijd/7520933","S.V. Wevelgem City A","KFC Aalbeke Sport A","Michael François Slowik","59","KFC Aalbeke Sport A",false,false,false,"Draw",true,false,,true,74,74,0,0,0,0,0,0,,0.5,0,0,0,0.5,0,0,0
"https://www.rbfa.be/nl/wedstrijd/7520933","S.V. Wevelgem City A","KFC Aalbeke Sport A","Mehdi Oumedjeber","20","S.V. Wevelgem City A",false,false,false,"Draw",true,false,,false,,90,0,0,0,0,0,0,,0.5,0,0,0,,,,
"https://www.rbfa.be/nl/wedstrijd/7520933","S.V. Wevelgem City A","KFC Aalbeke Sport A","Jan De Winter","91","KFC Aalbeke Sport A",false,false,false,"Draw",true,false,,false,,90,0,0,0,0,0,0,,0.5,0,0,0,,,,
"https://www.rbfa.be/nl/wedstrijd/7520933","S.V. Wevelgem City A","KFC Aalbeke Sport A","Emiel Bridelance","2","S.V. Wevelgem City A",false,false,false,"Draw",false,true,82,false,,8,0,0,0,0,0,0,,0.5,0,0,0,0.5,0,0,0
"https://www.rbfa.be/nl/wedstrijd/7520933","S.V. Wevelgem City A","KFC Aalbeke Sport A","Lander Wyseur","3","KFC Aalbeke Sport A",false,false,false,"Draw",false,true,55,false,,35,0,0,0,0,0,0,,0.5,0,0,0,0.5,0,0,0
"https://www.rbfa.be/nl/wedstrijd/7520933","S.V. Wevelgem City A","KFC Aalbeke Sport A","Jordy Beirlaen","7","S.V. Wevelgem City A",false,false,false,"Draw",false,false,,false,,0,0,0,0,0,0,0,,,,,,0.5,0,0,0
"https://www.rbfa.be/nl/wedstrijd/7520933","S.V. Wevelgem City A","KFC Aalbeke Sport A","Kevin Gallo","6","KFC Aalbeke Sport A",false,false,false,"Draw",false,true,74,false,,16,0,0,0,0,0,0,,0.5,0,0,0,0.5,0,0,0
"https://www.rbfa.be/nl/wedstrijd/7520933","S.V. Wevelgem City A","KFC Aalbeke Sport A","Jens Couckuyt","15","S.V. Wevelgem City A",false,false,false,"Draw",false,false,,false,,0,0,0,0,0,0,0,,,,,,0.5,0,0,0
"https://www.rbfa.be/nl/wedstrijd/7520933","S.V. Wevelgem City A","KFC Aalbeke Sport A","Amine Ahdach","8","KFC Aalbeke Sport A",false,false,false,"Draw",false,false,,false,,0,0,0,0,0,0,0,,,,,,0.5,0,0,0
"https://www.rbfa.be/nl/wedstrijd/7520933","S.V. Wevelgem City A","KFC Aalbeke Sport A","Raf Vanhuylebrouck","21","S.V. Wevelgem City A",false,false,false,"Draw",false,true,73,false,,17,0,0,0,0,0,0,,0.5,0,0,0,0.5,0,0,0
"https://www.rbfa.be/nl/wedstrijd/7520933","S.V. Wevelgem City A","KFC Aalbeke Sport A","Klaas Lievrouw","13","KFC Aalbeke Sport A",false,false,false,"Draw",false,true,82,false,,8,0,0,0,0,0,0,,0.5,0,0,0,0.5,0,0,0
"https://www.rbfa.be/nl/wedstrijd/7520933","S.V. Wevelgem City A","KFC Aalbeke Sport A","Said Hafidh Khatib","22","S.V. Wevelgem City A",false,false,false,"Draw",false,true,67,false,,23,0,0,0,0,0,0,,0.5,0,0,0,0.5,0,0,0
"https://www.rbfa.be/nl/wedstrijd/7520933","S.V. Wevelgem City A","KFC Aalbeke Sport A","Nathan Bunga Mbuta","99","KFC Aalbeke Sport A",false,false,false,"Draw",false,true,55,false,,35,0,0,0,0,0,0,,0.5,0,0,0,0.5,0,0,0
"https://www.rbfa.be/nl/wedstrijd/7520937","K.S.C. Wielsbeke","K. FC Marke A","Matisse De Groote","22","K.S.C. Wielsbeke",true,false,true,"Win",true,false,,false,,90,0,0,0,0,0,0,,1,3,3,0,,,,
"https://www.rbfa.be/nl/wedstrijd/7520937","K.S.C. Wielsbeke","K. FC Marke A","Anthony Degrendel","1","K. FC Marke A",true,false,false,"Loss",true,false,,false,,90,0,0,0,0,0,0,,0,-3,0,3,,,,
"https://www.rbfa.be/nl/wedstrijd/7520937","K.S.C. Wielsbeke","K. FC Marke A","Kassmi Mohamed Ali","2","K.S.C. Wielsbeke",false,false,false,"Win",true,false,,true,45,45,0,0,0,0,0,0,,1,1,1,0,1,2,2,0
"https://www.rbfa.be/nl/wedstrijd/7520937","K.S.C. Wielsbeke","K. FC Marke A","Amaury Demuynck","4","K. FC Marke A",false,false,false,"Loss",true,false,,false,,90,0,0,0,0,0,0,,0,-3,0,3,,,,
"https://www.rbfa.be/nl/wedstrijd/7520937","K.S.C. Wielsbeke","K. FC Marke A","Dries Wysselinck","4","K.S.C. Wielsbeke",false,false,false,"Win",true,false,,true,88,88,1,0,0,0,0,0,,1,3,3,0,0.5,0,0,0
"https://www.rbfa.be/nl/wedstrijd/7520937","K.S.C. Wielsbeke","K. FC Marke A","Lander Denduyver","6","K. FC Marke A",false,false,false,"Loss",true,false,,true,82,82,0,0,0,1,0,0,,0,-3,0,3,0.5,0,0,0
"https://www.rbfa.be/nl/wedstrijd/7520937","K.S.C. Wielsbeke","K. FC Marke A","Rune Jacques Vandenborre","8","K.S.C. Wielsbeke",false,false,false,"Win",true,false,,true,82,82,0,0,0,0,0,0,,1,3,3,0,0.5,0,0,0
"https://www.rbfa.be/nl/wedstrijd/7520937","K.S.C. Wielsbeke","K. FC Marke A","Arne Naessens","8","K. FC Marke A",false,true,false,"Loss",true,false,,true,73,73,0,0,0,0,0,0,,0,-2,0,2,0,-1,0,1
"https://www.rbfa.be/nl/wedstrijd/7520937","K.S.C. Wielsbeke","K. FC Marke A","Seppe Jeroen Lecour","9","K.S.C. Wielsbeke",false,false,false,"Win",true,false,,false,,90,0,0,0,0,0,0,,1,3,3,0,,,,
"https://www.rbfa.be/nl/wedstrijd/7520937","K.S.C. Wielsbeke","K. FC Marke A","Jelle Duthoo","9","K. FC Marke A",false,false,false,"Loss",true,false,,false,,90,0,0,0,0,0,0,,0,-3,0,3,,,,
"https://www.rbfa.be/nl/wedstrijd/7520937","K.S.C. Wielsbeke","K. FC Marke A","Lars Vandenbroucke","10","K.S.C. Wielsbeke",false,false,false,"Win",true,false,,false,,90,0,0,0,1,0,0,,1,3,3,0,,,,
"https://www.rbfa.be/nl/wedstrijd/7520937","K.S.C. Wielsbeke","K. FC Marke A","Thomas Menghis","10","K. FC Marke A",false,false,false,"Loss",true,false,,false,,90,0,0,0,0,0,0,,0,-3,0,3,,,,
"https://www.rbfa.be/nl/wedstrijd/7520937","K.S.C. Wielsbeke","K. FC Marke A","Jonathan Verstraete","11","K.S.C. Wielsbeke",false,true,false,"Win",true,false,,false,,90,0,0,0,0,0,0,,1,3,3,0,,,,
"https://www.rbfa.be/nl/wedstrijd/7520937","K.S.C. Wielsbeke","K. FC Marke A","Bob Desmet","11","K. FC Marke A",false,false,false,"Loss",true,false,,false,,90,0,0,0,1,0,0,,0,-3,0,3,,,,
"https://www.rbfa.be/nl/wedstrijd/7520937","K.S.C. Wielsbeke","K. FC Marke A","Charles Noppe","18","K.S.C. Wielsbeke",false,false,false,"Win",true,false,,false,,90,1,0,0,0,0,0,,1,3,3,0,,,,
"https://www.rbfa.be/nl/wedstrijd/7520937","K.S.C. Wielsbeke","K. FC Marke A","Benjamin Bonte","17","K. FC Marke A",false,false,false,"Loss",true,false,,true,82,82,0,0,0,0,0,0,,0,-3,0,3,0.5,0,0,0
"https://www.rbfa.be/nl/wedstrijd/7520937","K.S.C. Wielsbeke","K. FC Marke A","Alessio Van Den Broucke","24","K.S.C. Wielsbeke",false,false,false,"Win",true,false,,false,,90,0,0,0,0,0,0,,1,3,3,0,,,,
"https://www.rbfa.be/nl/wedstrijd/7520937","K.S.C. Wielsbeke","K. FC Marke A","Thibault Trioen","19","K. FC Marke A",false,false,false,"Loss",true,false,,false,,90,0,0,0,0,0,0,,0,-3,0,3,,,,
"https://www.rbfa.be/nl/wedstrijd/7520937","K.S.C. Wielsbeke","K. FC Marke A","Berre De Smet","44","K.S.C. Wielsbeke",false,false,false,"Win",true,false,,false,,90,0,0,0,0,0,0,,1,3,3,0,,,,
"https://www.rbfa.be/nl/wedstrijd/7520937","K.S.C. Wielsbeke","K. FC Marke A","Noé Dirk Rogard","23","K. FC Marke A",false,false,false,"Loss",true,false,,false,,90,0,0,0,0,0,0,,0,-3,0,3,,,,
"https://www.rbfa.be/nl/wedstrijd/7520937","K.S.C. Wielsbeke","K. FC Marke A","Ian Maes","65","K.S.C. Wielsbeke",false,false,false,"Win",true,false,,true,88,88,0,0,0,0,0,0,,1,3,3,0,0.5,0,0,0
"https://www.rbfa.be/nl/wedstrijd/7520937","K.S.C. Wielsbeke","K. FC Marke A","Jarne Wullaert","34","K. FC Marke A",false,false,false,"Loss",true,false,,true,73,73,0,0,0,0,0,0,,0,-2,0,2,0,-1,0,1
"https://www.rbfa.be/nl/wedstrijd/7520937","K.S.C. Wielsbeke","K. FC Marke A","Vic Callens","13","K.S.C. Wielsbeke",true,false,false,"Win",false,false,,false,,0,0,0,0,0,0,0,,,,,,0.5,0,0,0
"https://www.rbfa.be/nl/wedstrijd/7520937","K.S.C. Wielsbeke","K. FC Marke A","Bastien Servaege","28","K. FC Marke A",true,false,false,"Loss",false,false,,false,,0,0,0,0,0,0,0,,,,,,0.5,0,0,0
"https://www.rbfa.be/nl/wedstrijd/7520937","K.S.C. Wielsbeke","K. FC Marke A","Loris D'Haene","14","K.S.C. Wielsbeke",false,false,false,"Win",false,true,45,false,,45,1,0,0,0,0,0,,1,3,3,0,0.5,0,0,0
"https://www.rbfa.be/nl/wedstrijd/7520937","K.S.C. Wielsbeke","K. FC Marke A","Hannes Tieberghien","14","K. FC Marke A",false,false,false,"Loss",false,true,73,false,,17,0,0,0,0,0,0,,0,-1,0,1,0,-2,0,2
"https://www.rbfa.be/nl/wedstrijd/7520937","K.S.C. Wielsbeke","K. FC Marke A","Arne Beeuwsaert","15","K.S.C. Wielsbeke",false,false,false,"Win",false,true,88,false,,2,0,0,0,0,0,0,,0.5,0,0,0,1,3,3,0
"https://www.rbfa.be/nl/wedstrijd/7520937","K.S.C. Wielsbeke","K. FC Marke A","Lucas Coornaert","16","K. FC Marke A",false,false,false,"Loss",false,true,73,false,,17,0,0,0,1,0,0,,0,-1,0,1,0,-2,0,2
"https://www.rbfa.be/nl/wedstrijd/7520937","K.S.C. Wielsbeke","K. FC Marke A","Gilles Van Maeldergem","16","K.S.C. Wielsbeke",false,false,false,"Win",false,true,82,false,,8,0,0,0,0,0,0,,1,1,1,0,1,2,2,0
"https://www.rbfa.be/nl/wedstrijd/7520937","K.S.C. Wielsbeke","K. FC Marke A","Emile Vanluchene","18","K. FC Marke A",false,false,false,"Loss",false,true,82,false,,8,0,0,0,0,0,0,,0,-1,0,1,0,-2,0,2
"https://www.rbfa.be/nl/wedstrijd/7520937","K.S.C. Wielsbeke","K. FC Marke A","Lars De Meester","66","K.S.C. Wielsbeke",false,false,false,"Win",false,true,88,false,,2,0,0,0,0,0,0,,0.5,0,0,0,1,3,3,0
"https://www.rbfa.be/nl/wedstrijd/7520937","K.S.C. Wielsbeke","K. FC Marke A","Jannis Bourgeois","24","K. FC Marke A",false,false,false,"Loss",false,true,82,false,,8,0,0,0,0,0,0,,0,-1,0,1,0,-2,0,2
"https://www.rbfa.be/nl/wedstrijd/7520936","K. VC Ardooie A","K. RC Bissegem","Brent Callewaert","1","K. VC Ardooie A",true,true,false,"Loss",true,false,,false,,90,0,0,0,0,0,0,,0,-1,0,1,,,,
"https://www.rbfa.be/nl/wedstrijd/7520936","K. VC Ardooie A","K. RC Bissegem","Emiel Martens","1","K. RC Bissegem",true,false,true,"Win",true,false,,false,,90,0,0,0,0,0,0,,1,1,1,0,,,,
"https://www.rbfa.be/nl/wedstrijd/7520936","K. VC Ardooie A","K. RC Bissegem","Guillaume Tournicourt","3","K. VC Ardooie A",false,false,false,"Loss",true,false,,true,72,72,0,0,0,0,0,0,,0,-1,0,1,0.5,0,0,0
"https://www.rbfa.be/nl/wedstrijd/7520936","K. VC Ardooie A","K. RC Bissegem","Zito Bostoen","4","K. RC Bissegem",false,false,false,"Win",true,false,,false,,90,0,0,0,1,0,0,,1,1,1,0,,,,
"https://www.rbfa.be/nl/wedstrijd/7520936","K. VC Ardooie A","K. RC Bissegem","Maxim Ver Eecke","5","K. VC Ardooie A",false,false,false,"Loss",true,false,,false,,90,0,0,0,0,0,0,,0,-1,0,1,,,,
"https://www.rbfa.be/nl/wedstrijd/7520936","K. VC Ardooie A","K. RC Bissegem","Ewoud Defevere","5","K. RC Bissegem",false,false,false,"Win",true,false,,false,,90,0,0,0,0,0,0,,1,1,1,0,,,,
"https://www.rbfa.be/nl/wedstrijd/7520936","K. VC Ardooie A","K. RC Bissegem","Matisse Maelfait","6","K. VC Ardooie A",false,false,false,"Loss",true,false,,false,,90,0,0,0,0,0,0,,0,-1,0,1,,,,
"https://www.rbfa.be/nl/wedstrijd/7520936","K. VC Ardooie A","K. RC Bissegem","Glenn Lapeire","7","K. RC Bissegem",false,false,false,"Win",true,false,,false,,90,0,0,0,0,0,0,,1,1,1,0,,,,
"https://www.rbfa.be/nl/wedstrijd/7520936","K. VC Ardooie A","K. RC Bissegem","Giovanni Franco Simoês","8","K. VC Ardooie A",false,false,false,"Loss",true,false,,true,72,72,0,0,0,0,0,0,,0,-1,0,1,0.5,0,0,0
"https://www.rbfa.be/nl/wedstrijd/7520936","K. VC Ardooie A","K. RC Bissegem","Harm Vansteenkiste","8","K. RC Bissegem",false,false,false,"Win",true,false,,true,89,89,0,0,0,1,0,0,,1,1,1,0,0.5,0,0,0
"https://www.rbfa.be/nl/wedstrijd/7520936","K. VC Ardooie A","K. RC Bissegem","Gianluca Cardoen","10","K. VC Ardooie A",false,false,false,"Loss",true,false,,false,,90,0,0,0,1,0,0,,0,-1,0,1,,,,
"https://www.rbfa.be/nl/wedstrijd/7520936","K. VC Ardooie A","K. RC Bissegem","Andres Dewaele","10","K. RC Bissegem",false,false,false,"Win",true,false,,false,,90,1,0,0,1,0,0,,1,1,1,0,,,,
"https://www.rbfa.be/nl/wedstrijd/7520936","K. VC Ardooie A","K. RC Bissegem","Noah Dumortier","11","K. VC Ardooie A",false,false,false,"Loss",true,false,,true,65,65,0,0,0,0,0,0,,0,-1,0,1,0.5,0,0,0
"https://www.rbfa.be/nl/wedstrijd/7520936","K. VC Ardooie A","K. RC Bissegem","Ismaïl El Ouassif","11","K. RC Bissegem",false,false,false,"Win",true,false,,false,,90,0,0,0,0,0,0,,1,1,1,0,,,,
"https://www.rbfa.be/nl/wedstrijd/7520936","K. VC Ardooie A","K. RC Bissegem","Glenn Maddens","14","K. VC Ardooie A",false,false,false,"Loss",true,false,,true,80,80,0,0,0,0,0,0,,0,-1,0,1,0.5,0,0,0
"https://www.rbfa.be/nl/wedstrijd/7520936","K. VC Ardooie A","K. RC Bissegem","Bruno Dhoop","17","K. RC Bissegem",false,false,false,"Win",true,false,,false,,90,0,0,0,1,0,0,,1,1,1,0,,,,
"https://www.rbfa.be/nl/wedstrijd/7520936","K. VC Ardooie A","K. RC Bissegem","Joran Lievrouw","15","K. VC Ardooie A",false,false,false,"Loss",true,false,,false,,90,0,0,0,0,0,0,,0,-1,0,1,,,,
"https://www.rbfa.be/nl/wedstrijd/7520936","K. VC Ardooie A","K. RC Bissegem","Jenci Dejonghe","18","K. RC Bissegem",false,true,false,"Win",true,false,,false,,90,0,0,0,0,0,0,,1,1,1,0,,,,
"https://www.rbfa.be/nl/wedstrijd/7520936","K. VC Ardooie A","K. RC Bissegem","Lennert Van De Putte","19","K. VC Ardooie A",false,false,false,"Loss",true,false,,false,,90,0,0,0,0,0,0,,0,-1,0,1,,,,
"https://www.rbfa.be/nl/wedstrijd/7520936","K. VC Ardooie A","K. RC Bissegem","Robin Douven","19","K. RC Bissegem",false,false,false,"Win",true,false,,true,70,70,0,0,0,0,0,0,,1,1,1,0,0.5,0,0,0
"https://www.rbfa.be/nl/wedstrijd/7520936","K. VC Ardooie A","K. RC Bissegem","Gregory Hermans","28","K. VC Ardooie A",false,false,false,"Loss",true,false,,true,65,65,0,0,0,0,0,0,,0,-1,0,1,0.5,0,0,0
"https://www.rbfa.be/nl/wedstrijd/7520936","K. VC Ardooie A","K. RC Bissegem","Elias Ben Ali","20","K. RC Bissegem",false,false,false,"Win",true,false,,false,,90,0,0,0,0,0,0,,1,1,1,0,,,,
"https://www.rbfa.be/nl/wedstrijd/7520936","K. VC Ardooie A","K. RC Bissegem","Achille Callens","4","K. VC Ardooie A",false,false,false,"Loss",false,true,80,false,,10,0,0,0,0,0,0,,0.5,0,0,0,0,-1,0,1
"https://www.rbfa.be/nl/wedstrijd/7520936","K. VC Ardooie A","K. RC Bissegem","Arnold Vandenborre","21","K. RC Bissegem",true,false,false,"Win",false,false,,false,,0,0,0,0,0,0,0,,,,,,0.5,0,0,0
"https://www.rbfa.be/nl/wedstrijd/7520936","K. VC Ardooie A","K. RC Bissegem","Edouard Holvoet","7","K. VC Ardooie A",false,false,false,"Loss",false,true,65,false,,25,0,0,0,0,0,0,,0.5,0,0,0,0,-1,0,1
"https://www.rbfa.be/nl/wedstrijd/7520936","K. VC Ardooie A","K. RC Bissegem","Noah Vanhouwaert","3","K. RC Bissegem",false,false,false,"Win",false,false,,false,,0,0,0,0,0,0,0,,,,,,0.5,0,0,0
"https://www.rbfa.be/nl/wedstrijd/7520936","K. VC Ardooie A","K. RC Bissegem","Aiden Lenihan","9","K. VC Ardooie A",false,false,false,"Loss",false,true,65,false,,25,0,0,0,0,0,0,,0.5,0,0,0,0,-1,0,1
"https://www.rbfa.be/nl/wedstrijd/7520936","K. VC Ardooie A","K. RC Bissegem","Lennert Lingier","9","K. RC Bissegem",false,false,false,"Win",false,true,70,false,,20,0,0,0,0,0,0,,0.5,0,0,0,1,1,1,0
"https://www.rbfa.be/nl/wedstrijd/7520936","K. VC Ardooie A","K. RC Bissegem","Milan Rudy Deprest","20","K. VC Ardooie A",false,false,false,"Loss",false,true,72,false,,18,0,0,0,0,0,0,,0.5,0,0,0,0,-1,0,1
"https://www.rbfa.be/nl/wedstrijd/7520936","K. VC Ardooie A","K. RC Bissegem","Ennio Franklin Tack","16","K. RC Bissegem",false,false,false,"Win",false,true,89,false,,1,0,0,0,0,0,0,,0.5,0,0,0,1,1,1,0
"https://www.rbfa.be/nl/wedstrijd/7520936","K. VC Ardooie A","K. RC Bissegem","Brian Depondt","22","K. VC Ardooie A",false,false,false,"Loss",false,true,72,false,,18,0,0,0,0,0,0,,0.5,0,0,0,0,-1,0,1
"https://www.rbfa.be/nl/wedstrijd/7520936","K. VC Ardooie A","K. RC Bissegem","Mohamed El Ouassif","25","K. RC Bissegem",false,false,false,"Win",false,false,,false,,0,0,0,0,0,0,0,,,,,,0.5,0,0,0
"https://www.rbfa.be/nl/wedstrijd/7520935","Club Roeselare","FC Sp. Heestert A","Gauthier Vandesteene","26","Club Roeselare",true,false,true,"Win",true,false,,false,,90,0,0,0,0,0,0,,1,2,2,0,,,,
"https://www.rbfa.be/nl/wedstrijd/7520935","Club Roeselare","FC Sp. Heestert A","Tom Thieren","1","FC Sp. Heestert A",true,true,false,"Loss",true,false,,false,,90,0,0,0,0,0,0,,0,-2,0,2,,,,
"https://www.rbfa.be/nl/wedstrijd/7520935","Club Roeselare","FC Sp. Heestert A","Arne Hélin","5","Club Roeselare",false,true,false,"Win",true,false,,false,,90,0,0,0,0,0,0,,1,2,2,0,,,,
"https://www.rbfa.be/nl/wedstrijd/7520935","Club Roeselare","FC Sp. Heestert A","Mauro Mercher","5","FC Sp. Heestert A",false,false,false,"Loss",true,false,,true,75,75,0,0,0,0,0,0,,0,-1,0,1,0,-1,0,1
"https://www.rbfa.be/nl/wedstrijd/7520935","Club Roeselare","FC Sp. Heestert A","Lauden Hugelier","6","Club Roeselare",false,false,false,"Win",true,false,,false,,90,0,0,0,0,0,0,,1,2,2,0,,,,
"https://www.rbfa.be/nl/wedstrijd/7520935","Club Roeselare","FC Sp. Heestert A","Nicolas Gheeraert","6","FC Sp. Heestert A",false,false,false,"Loss",true,false,,true,85,85,0,0,0,0,0,0,,0,-2,0,2,0.5,0,0,0
"https://www.rbfa.be/nl/wedstrijd/7520935","Club Roeselare","FC Sp. Heestert A","Bram Helin","7","Club Roeselare",false,false,false,"Win",true,false,,false,,90,1,0,0,0,0,0,,1,2,2,0,,,,
"https://www.rbfa.be/nl/wedstrijd/7520935","Club Roeselare","FC Sp. Heestert A","Mattice Bekaert","10","FC Sp. Heestert A",false,false,false,"Loss",true,false,,false,,90,0,0,0,0,0,0,,0,-2,0,2,,,,
"https://www.rbfa.be/nl/wedstrijd/7520935","Club Roeselare","FC Sp. Heestert A","Sam Vanhuyse","11","Club Roeselare",false,false,false,"Win",true,false,,true,65,65,0,0,0,0,0,0,,0.5,0,0,0,1,2,2,0
"https://www.rbfa.be/nl/wedstrijd/7520935","Club Roeselare","FC Sp. Heestert A","Aaron Balcaen","11","FC Sp. Heestert A",false,false,false,"Loss",true,false,,false,,90,0,0,0,0,0,0,,0,-2,0,2,,,,
"https://www.rbfa.be/nl/wedstrijd/7520935","Club Roeselare","FC Sp. Heestert A","Cedric Makekula Mitu Muendele","13","Club Roeselare",false,false,false,"Win",true,false,,true,85,85,1,0,0,0,0,0,,1,2,2,0,0.5,0,0,0
"https://www.rbfa.be/nl/wedstrijd/7520935","Club Roeselare","FC Sp. Heestert A","Aristote Madiani","14","FC Sp. Heestert A",false,false,false,"Loss",true,false,,false,,90,0,0,0,0,0,0,,0,-2,0,2,,,,
"https://www.rbfa.be/nl/wedstrijd/7520935","Club Roeselare","FC Sp. Heestert A","Vincent Provoost","14","Club Roeselare",false,false,false,"Win",true,false,,false,,90,0,0,0,0,0,0,,1,2,2,0,,,,
"https://www.rbfa.be/nl/wedstrijd/7520935","Club Roeselare","FC Sp. Heestert A","Dries Loosveldt","15","FC Sp. Heestert A",false,false,false,"Loss",true,false,,false,,90,0,0,0,0,0,0,,0,-2,0,2,,,,
"https://www.rbfa.be/nl/wedstrijd/7520935","Club Roeselare","FC Sp. Heestert A","Michiel Verlinde","15","Club Roeselare",false,false,false,"Win",true,false,,false,,90,0,0,0,0,0,0,,1,2,2,0,,,,
"https://www.rbfa.be/nl/wedstrijd/7520935","Club Roeselare","FC Sp. Heestert A","Dylan David Bourquin","16","FC Sp. Heestert A",false,false,false,"Loss",true,false,,false,,90,0,0,0,0,0,0,,0,-2,0,2,,,,
"https://www.rbfa.be/nl/wedstrijd/7520935","Club Roeselare","FC Sp. Heestert A","Simon Verlinde","19","Club Roeselare",false,false,false,"Win",true,false,,false,,90,0,0,0,0,0,0,,1,2,2,0,,,,
"https://www.rbfa.be/nl/wedstrijd/7520935","Club Roeselare","FC Sp. Heestert A","Adrien Michel Hermant","18","FC Sp. Heestert A",false,false,false,"Loss",true,false,,false,,90,0,0,0,0,0,0,,0,-2,0,2,,,,
"https://www.rbfa.be/nl/wedstrijd/7520935","Club Roeselare","FC Sp. Heestert A","Mauro Dumoulin","23","Club Roeselare",false,false,false,"Win",true,false,,true,65,65,0,0,0,0,0,0,,0.5,0,0,0,1,2,2,0
"https://www.rbfa.be/nl/wedstrijd/7520935","Club Roeselare","FC Sp. Heestert A","Fries Legein","19","FC Sp. Heestert A",false,false,false,"Loss",true,false,,false,,90,0,0,0,0,0,0,,0,-2,0,2,,,,
"https://www.rbfa.be/nl/wedstrijd/7520935","Club Roeselare","FC Sp. Heestert A","Simon Demeulenaere","24","Club Roeselare",false,false,false,"Win",true,false,,true,86,86,0,0,0,0,0,0,,1,2,2,0,0.5,0,0,0
"https://www.rbfa.be/nl/wedstrijd/7520935","Club Roeselare","FC Sp. Heestert A","Jeremy Guido Brogniez","25","FC Sp. Heestert A",false,false,false,"Loss",true,false,,true,85,85,0,0,0,0,0,0,,0,-2,0,2,0.5,0,0,0
"https://www.rbfa.be/nl/wedstrijd/7520935","Club Roeselare","FC Sp. Heestert A","Jordin Nico Decorte","1","Club Roeselare",true,false,false,"Win",false,false,,false,,0,0,0,0,0,0,0,,,,,,0.5,0,0,0
"https://www.rbfa.be/nl/wedstrijd/7520935","Club Roeselare","FC Sp. Heestert A","Emmanuel Abew Asamoah","4","FC Sp. Heestert A",false,false,false,"Loss",false,true,75,false,,15,0,0,0,0,0,0,,0,-1,0,1,0,-1,0,1
"https://www.rbfa.be/nl/wedstrijd/7520935","Club Roeselare","FC Sp. Heestert A","Jean-Yves Roger Devolder","3","Club Roeselare",false,false,false,"Win",false,true,86,false,,4,0,0,0,0,0,0,,0.5,0,0,0,1,2,2,0
"https://www.rbfa.be/nl/wedstrijd/7520935","Club Roeselare","FC Sp. Heestert A","Lenny Rassalle","8","FC Sp. Heestert A",false,false,false,"Loss",false,true,85,false,,5,0,0,0,0,0,0,,0.5,0,0,0,0,-2,0,2
"https://www.rbfa.be/nl/wedstrijd/7520935","Club Roeselare","FC Sp. Heestert A","Robbie Bolombo","9","Club Roeselare",false,false,false,"Win",false,true,65,false,,25,0,0,0,1,0,0,,1,2,2,0,0.5,0,0,0
"https://www.rbfa.be/nl/wedstrijd/7520935","Club Roeselare","FC Sp. Heestert A","Niels Stael","20","FC Sp. Heestert A",false,false,false,"Loss",false,true,85,false,,5,0,0,0,0,0,0,,0.5,0,0,0,0,-2,0,2
"https://www.rbfa.be/nl/wedstrijd/7520935","Club Roeselare","FC Sp. Heestert A","Gilles Decuyper","17","Club Roeselare",false,false,false,"Win",false,true,85,false,,5,0,0,0,0,0,0,,0.5,0,0,0,1,2,2,0
"https://www.rbfa.be/nl/wedstrijd/7520935","Club Roeselare","FC Sp. Heestert A","Arjen Ysenbaert","21","FC Sp. Heestert A",false,false,false,"Loss",false,false,,false,,0,0,0,0,0,0,0,,,,,,0.5,0,0,0
"https://www.rbfa.be/nl/wedstrijd/7520935","Club Roeselare","FC Sp. Heestert A","Gianni Vandecasteele","20","Club Roeselare",false,false,false,"Win",false,true,65,false,,25,0,0,0,0,0,0,,1,2,2,0,0.5,0,0,0
"https://www.rbfa.be/nl/wedstrijd/7520938","KFC Aalbeke Sport A","K. FC Varsenare A","Thijs Debuyck","1","KFC Aalbeke Sport A",true,false,false,"Win",true,false,,false,,90,0,0,0,0,0,0,,1,1,2,1,,,,
"https://www.rbfa.be/nl/wedstrijd/7520938","KFC Aalbeke Sport A","K. FC Varsenare A","Sebastien Cattoor","48","K. FC Varsenare A",true,false,false,"Loss",true,false,,false,,90,0,0,0,0,0,0,,0,-1,1,2,,,,
"https://www.rbfa.be/nl/wedstrijd/7520938","KFC Aalbeke Sport A","K. FC Varsenare A","Charles-Victor Otté","5","KFC Aalbeke Sport A",false,false,false,"Win",true,false,,false,,90,0,0,0,0,0,0,,1,1,2,1,,,,
"https://www.rbfa.be/nl/wedstrijd/7520938","KFC Aalbeke Sport A","K. FC Varsenare A","Matteo Compernolle","5","K. FC Varsenare A",false,false,false,"Loss",true,false,,true,76,76,0,0,0,0,0,0,,0,-1,1,2,0.5,0,0,0
"https://www.rbfa.be/nl/wedstrijd/7520938","KFC Aalbeke Sport A","K. FC Varsenare A","Bjarne Vanderstraeten","7","KFC Aalbeke Sport A",false,false,false,"Win",true,false,,false,,90,1,0,0,0,0,0,,1,1,2,1,,,,
"https://www.rbfa.be/nl/wedstrijd/7520938","KFC Aalbeke Sport A","K. FC Varsenare A","Olivier Delcampe","7","K. FC Varsenare A",false,true,false,"Loss",true,false,,false,,90,0,0,0,0,0,0,,0,-1,1,2,,,,
"https://www.rbfa.be/nl/wedstrijd/7520938","KFC Aalbeke Sport A","K. FC Varsenare A","Marvin Pierre Turcan","10","KFC Aalbeke Sport A",false,false,false,"Win",true,false,,true,80,80,1,0,0,0,0,0,,1,1,2,1,0.5,0,0,0
"https://www.rbfa.be/nl/wedstrijd/7520938","KFC Aalbeke Sport A","K. FC Varsenare A","Jari Van De Maele","9","K. FC Varsenare A",false,false,false,"Loss",true,false,,false,,90,0,0,0,0,0,0,,0,-1,1,2,,,,
"https://www.rbfa.be/nl/wedstrijd/7520938","KFC Aalbeke Sport A","K. FC Varsenare A","Sabri Bensalim","14","KFC Aalbeke Sport A",false,false,false,"Win",true,false,,false,,90,0,0,0,1,0,1,90,1,1,2,1,,,,
"https://www.rbfa.be/nl/wedstrijd/7520938","KFC Aalbeke Sport A","K. FC Varsenare A","Milan Van De Maele","10","K. FC Varsenare A",false,false,false,"Loss",true,false,,false,,90,0,0,0,0,0,0,,0,-1,1,2,,,,
"https://www.rbfa.be/nl/wedstrijd/7520938","KFC Aalbeke Sport A","K. FC Varsenare A","Thibaut Millecamps","17","KFC Aalbeke Sport A",false,false,false,"Win",true,false,,true,62,62,0,0,0,0,0,0,,1,1,2,1,0.5,0,0,0
"https://www.rbfa.be/nl/wedstrijd/7520938","KFC Aalbeke Sport A","K. FC Varsenare A","Rune Vandamme-Vinckier","13","K. FC Varsenare A",false,false,false,"Loss",true,false,,false,,90,0,0,0,1,0,0,,0,-1,1,2,,,,
"https://www.rbfa.be/nl/wedstrijd/7520938","KFC Aalbeke Sport A","K. FC Varsenare A","Taybi Bensalem","19","KFC Aalbeke Sport A",false,false,false,"Win",true,false,,false,,90,0,0,0,0,0,0,,1,1,2,1,,,,
"https://www.rbfa.be/nl/wedstrijd/7520938","KFC Aalbeke Sport A","K. FC Varsenare A","Gaëtan Deschepper","17","K. FC Varsenare A",false,false,false,"Loss",true,false,,false,,90,0,0,0,0,0,0,,0,-1,1,2,,,,
"https://www.rbfa.be/nl/wedstrijd/7520938","KFC Aalbeke Sport A","K. FC Varsenare A","Pieter De Winter","23","KFC Aalbeke Sport A",false,true,false,"Win",true,false,,false,,90,0,0,0,1,0,0,,1,1,2,1,,,,
"https://www.rbfa.be/nl/wedstrijd/7520938","KFC Aalbeke Sport A","K. FC Varsenare A","Ilko Kesteleyn","22","K. FC Varsenare A",false,false,false,"Loss",true,false,,false,,90,0,0,0,0,0,0,,0,-1,1,2,,,,
"https://www.rbfa.be/nl/wedstrijd/7520938","KFC Aalbeke Sport A","K. FC Varsenare A","Corentin Fabrice Cottenceau","28","KFC Aalbeke Sport A",false,false,false,"Win",true,false,,false,,90,0,0,0,0,0,0,,1,1,2,1,,,,
"https://www.rbfa.be/nl/wedstrijd/7520938","KFC Aalbeke Sport A","K. FC Varsenare A","Timon Bogaert","23","K. FC Varsenare A",false,false,false,"Loss",true,false,,true,76,76,0,0,0,0,0,0,,0,-1,1,2,0.5,0,0,0
"https://www.rbfa.be/nl/wedstrijd/7520938","KFC Aalbeke Sport A","K. FC Varsenare A","Michael François Slowik","59","KFC Aalbeke Sport A",false,false,false,"Win",true,false,,true,40,40,0,0,0,0,0,0,,1,1,2,1,0.5,0,0,0
"https://www.rbfa.be/nl/wedstrijd/7520938","KFC Aalbeke Sport A","K. FC Varsenare A","Bavo Butaye","24","K. FC Varsenare A",false,false,false,"Loss",true,false,,true,85,85,1,0,0,0,0,0,,0,-1,1,2,0.5,0,0,0
"https://www.rbfa.be/nl/wedstrijd/7520938","KFC Aalbeke Sport A","K. FC Varsenare A","Jan De Winter","91","KFC Aalbeke Sport A",false,false,false,"Win",true,false,,true,80,80,0,0,0,0,0,0,,1,1,2,1,0.5,0,0,0
"https://www.rbfa.be/nl/wedstrijd/7520938","KFC Aalbeke Sport A","K. FC Varsenare A","Andreas De Kerpel","31","K. FC Varsenare A",false,false,false,"Loss",true,false,,false,,90,0,0,0,0,0,0,,0,-1,1,2,,,,
"https://www.rbfa.be/nl/wedstrijd/7520938","KFC Aalbeke Sport A","K. FC Varsenare A","Lander Wyseur","3","KFC Aalbeke Sport A",false,false,false,"Win",false,true,40,false,,50,0,0,0,0,0,0,,0.5,0,0,0,1,1,2,1
"https://www.rbfa.be/nl/wedstrijd/7520938","KFC Aalbeke Sport A","K. FC Varsenare A","Kasper Van Leirsberghe","83","K. FC Varsenare A",true,false,false,"Loss",false,false,,false,,0,0,0,0,0,0,0,,,,,,0.5,0,0,0
"https://www.rbfa.be/nl/wedstrijd/7520938","KFC Aalbeke Sport A","K. FC Varsenare A","Kevin Gallo","6","KFC Aalbeke Sport A",false,false,false,"Win",false,true,80,false,,10,0,0,0,0,0,0,,0.5,0,0,0,1,1,2,1
"https://www.rbfa.be/nl/wedstrijd/7520938","KFC Aalbeke Sport A","K. FC Varsenare A","Brent Ooghe","6","K. FC Varsenare A",false,false,false,"Loss",false,true,85,false,,5,0,0,0,0,0,0,,0.5,0,0,0,0,-1,1,2
"https://www.rbfa.be/nl/wedstrijd/7520938","KFC Aalbeke Sport A","K. FC Varsenare A","Amine Ahdach","8","KFC Aalbeke Sport A",false,false,false,"Win",false,true,80,false,,10,0,0,0,0,0,0,,0.5,0,0,0,1,1,2,1
"https://www.rbfa.be/nl/wedstrijd/7520938","KFC Aalbeke Sport A","K. FC Varsenare A","Kiron Beernaert","11","K. FC Varsenare A",false,false,false,"Loss",false,true,76,false,,14,0,0,0,0,0,0,,0.5,0,0,0,0,-1,1,2
"https://www.rbfa.be/nl/wedstrijd/7520938","KFC Aalbeke Sport A","K. FC Varsenare A","Klaas Lievrouw","13","KFC Aalbeke Sport A",false,false,false,"Win",false,true,62,false,,28,0,0,0,1,0,0,,0.5,0,0,0,1,1,2,1
"https://www.rbfa.be/nl/wedstrijd/7520938","KFC Aalbeke Sport A","K. FC Varsenare A","Martijn Ameel","19","K. FC Varsenare A",false,false,false,"Loss",false,true,76,false,,14,0,0,0,0,0,0,,0.5,0,0,0,0,-1,1,2
"https://www.rbfa.be/nl/wedstrijd/7520938","KFC Aalbeke Sport A","K. FC Varsenare A","Nathan Bunga Mbuta","99","KFC Aalbeke Sport A",false,false,false,"Win",false,true,62,false,,28,0,0,0,0,0,0,,0.5,0,0,0,1,1,2,1
"https://www.rbfa.be/nl/wedstrijd/7520939","SV Ingelmunster A","K. VC Ardooie A","Matthias Ghyselinck","22","SV Ingelmunster A",true,false,false,"Loss",true,false,,false,,90,0,0,0,0,0,0,,0,-1,1,2,,,,
"https://www.rbfa.be/nl/wedstrijd/7520939","SV Ingelmunster A","K. VC Ardooie A","Brent Callewaert","1","K. VC Ardooie A",true,true,false,"Win",true,false,,false,,90,0,0,0,0,0,0,,1,1,2,1,,,,
"https://www.rbfa.be/nl/wedstrijd/7520939","SV Ingelmunster A","K. VC Ardooie A","Christ Bruno Mbiakob","4","SV Ingelmunster A",false,false,false,"Loss",true,false,,false,,90,0,0,0,0,0,0,,0,-1,1,2,,,,
"https://www.rbfa.be/nl/wedstrijd/7520939","SV Ingelmunster A","K. VC Ardooie A","Brian Depondt","2","K. VC Ardooie A",false,false,false,"Win",true,false,,false,,90,0,0,0,0,0,0,,1,1,2,1,,,,
"https://www.rbfa.be/nl/wedstrijd/7520939","SV Ingelmunster A","K. VC Ardooie A","Henry Van Parys","6","SV Ingelmunster A",false,false,false,"Loss",true,false,,false,,90,0,0,0,1,0,0,,0,-1,1,2,,,,
"https://www.rbfa.be/nl/wedstrijd/7520939","SV Ingelmunster A","K. VC Ardooie A","Guillaume Tournicourt","3","K. VC Ardooie A",false,false,false,"Win",true,false,,true,45,45,0,0,0,0,0,0,,0.5,0,0,0,1,1,2,1
"https://www.rbfa.be/nl/wedstrijd/7520939","SV Ingelmunster A","K. VC Ardooie A","Remco Kentie","7","SV Ingelmunster A",false,false,false,"Loss",true,false,,true,76,76,0,0,0,0,0,0,,0.5,0,1,1,0,-1,0,1
"https://www.rbfa.be/nl/wedstrijd/7520939","SV Ingelmunster A","K. VC Ardooie A","Maxim Ver Eecke","5","K. VC Ardooie A",false,false,false,"Win",true,false,,false,,90,0,0,0,0,0,0,,1,1,2,1,,,,
"https://www.rbfa.be/nl/wedstrijd/7520939","SV Ingelmunster A","K. VC Ardooie A","Xander Vankeirsbilck","10","SV Ingelmunster A",false,false,false,"Loss",true,false,,true,61,61,0,0,0,0,0,0,,0,-1,0,1,0.5,0,1,1
"https://www.rbfa.be/nl/wedstrijd/7520939","SV Ingelmunster A","K. VC Ardooie A","Matisse Maelfait","6","K. VC Ardooie A",false,false,false,"Win",true,false,,false,,90,0,0,0,1,0,0,,1,1,2,1,,,,
"https://www.rbfa.be/nl/wedstrijd/7520939","SV Ingelmunster A","K. VC Ardooie A","Yoric Volckaert","14","SV Ingelmunster A",false,true,false,"Loss",true,false,,false,,90,0,0,0,0,0,0,,0,-1,1,2,,,,
"https://www.rbfa.be/nl/wedstrijd/7520939","SV Ingelmunster A","K. VC Ardooie A","Edouard Holvoet","7","K. VC Ardooie A",false,false,false,"Win",true,false,,true,74,74,1,0,0,0,0,0,,0.5,0,1,1,1,1,1,0
"https://www.rbfa.be/nl/wedstrijd/7520939","SV Ingelmunster A","K. VC Ardooie A","Vedran Verheule","15","SV Ingelmunster A",false,false,false,"Loss",true,false,,true,76,76,1,0,0,0,0,0,,0.5,0,1,1,0,-1,0,1
"https://www.rbfa.be/nl/wedstrijd/7520939","SV Ingelmunster A","K. VC Ardooie A","Giovanni Franco Simoês","8","K. VC Ardooie A",false,false,false,"Win",true,false,,false,,90,0,0,0,0,0,0,,1,1,2,1,,,,
"https://www.rbfa.be/nl/wedstrijd/7520939","SV Ingelmunster A","K. VC Ardooie A","Jean-Louis Vyaene","16","SV Ingelmunster A",false,false,false,"Loss",true,false,,false,,90,0,0,0,0,0,0,,0,-1,1,2,,,,
"https://www.rbfa.be/nl/wedstrijd/7520939","SV Ingelmunster A","K. VC Ardooie A","Gianluca Cardoen","10","K. VC Ardooie A",false,false,false,"Win",true,false,,true,74,74,0,0,0,1,0,0,,0.5,0,1,1,1,1,1,0
"https://www.rbfa.be/nl/wedstrijd/7520939","SV Ingelmunster A","K. VC Ardooie A","Simon Vanmarcke","17","SV Ingelmunster A",false,false,false,"Loss",true,false,,false,,90,0,0,0,0,0,0,,0,-1,1,2,,,,
"https://www.rbfa.be/nl/wedstrijd/7520939","SV Ingelmunster A","K. VC Ardooie A","Lennert Van De Putte","11","K. VC Ardooie A",false,false,false,"Win",true,false,,false,,90,0,0,0,0,0,0,,1,1,2,1,,,,
"https://www.rbfa.be/nl/wedstrijd/7520939","SV Ingelmunster A","K. VC Ardooie A","Andres Verschelde","19","SV Ingelmunster A",false,false,false,"Loss",true,false,,false,,90,0,0,0,0,0,0,,0,-1,1,2,,,,
"https://www.rbfa.be/nl/wedstrijd/7520939","SV Ingelmunster A","K. VC Ardooie A","Joran Lievrouw","13","K. VC Ardooie A",false,false,false,"Win",true,false,,true,65,65,0,0,0,1,0,0,,1,1,1,0,0.5,0,1,1
"https://www.rbfa.be/nl/wedstrijd/7520939","SV Ingelmunster A","K. VC Ardooie A","Luca Handsaeme","20","SV Ingelmunster A",false,false,false,"Loss",true,false,,false,,90,0,0,0,0,0,0,,0,-1,1,2,,,,
"https://www.rbfa.be/nl/wedstrijd/7520939","SV Ingelmunster A","K. VC Ardooie A","Gregory Hermans","17","K. VC Ardooie A",false,false,false,"Win",true,false,,true,57,57,0,0,0,0,0,0,,1,1,1,0,0.5,0,1,1
"https://www.rbfa.be/nl/wedstrijd/7520939","SV Ingelmunster A","K. VC Ardooie A","Rune Van Damme","1","SV Ingelmunster A",true,false,false,"Loss",false,false,,false,,0,0,0,0,0,0,0,,,,,,0.5,0,0,0
"https://www.rbfa.be/nl/wedstrijd/7520939","SV Ingelmunster A","K. VC Ardooie A","Achille Callens","4","K. VC Ardooie A",false,false,false,"Win",false,true,45,false,,45,0,0,0,0,0,0,,1,1,2,1,0.5,0,0,0
"https://www.rbfa.be/nl/wedstrijd/7520939","SV Ingelmunster A","K. VC Ardooie A","Tibo Vandendriessche","8","SV Ingelmunster A",false,false,false,"Loss",false,true,76,false,,14,0,0,0,0,0,0,,0,-1,0,1,0.5,0,1,1
"https://www.rbfa.be/nl/wedstrijd/7520939","SV Ingelmunster A","K. VC Ardooie A","Aiden Lenihan","9","K. VC Ardooie A",false,false,false,"Win",false,true,57,false,,33,0,0,0,0,0,0,,0.5,0,1,1,1,1,1,0
"https://www.rbfa.be/nl/wedstrijd/7520939","SV Ingelmunster A","K. VC Ardooie A","Alexandre Vandemaele","9","SV Ingelmunster A",false,false,false,"Loss",false,true,61,false,,29,0,0,0,0,0,0,,0.5,0,1,1,0,-1,0,1
"https://www.rbfa.be/nl/wedstrijd/7520939","SV Ingelmunster A","K. VC Ardooie A","Noah Dumortier","12","K. VC Ardooie A",false,false,false,"Win",false,true,65,false,,25,1,0,0,0,0,0,,0.5,0,1,1,1,1,1,0
"https://www.rbfa.be/nl/wedstrijd/7520939","SV Ingelmunster A","K. VC Ardooie A","Andres Baert","18","SV Ingelmunster A",false,false,false,"Loss",false,false,,false,,0,0,0,0,0,0,0,,,,,,0.5,0,0,0
"https://www.rbfa.be/nl/wedstrijd/7520939","SV Ingelmunster A","K. VC Ardooie A","Thimo Lerminez","18","K. VC Ardooie A",false,false,false,"Win",false,true,74,false,,16,0,0,0,0,0,0,,0.5,0,1,1,1,1,1,0
"https://www.rbfa.be/nl/wedstrijd/7520939","SV Ingelmunster A","K. VC Ardooie A","Dylan Seys","24","SV Ingelmunster A",false,false,false,"Loss",false,true,76,false,,14,0,0,0,0,0,0,,0,-1,0,1,0.5,0,1,1
"https://www.rbfa.be/nl/wedstrijd/7520939","SV Ingelmunster A","K. VC Ardooie A","Milan Rudy Deprest","19","K. VC Ardooie A",false,false,false,"Win",false,true,74,false,,16,0,0,0,0,0,0,,0.5,0,1,1,1,1,1,0
"https://www.rbfa.be/nl/wedstrijd/7520941","K. RC Bissegem","K. Eendr. Wervik A","Emiel Martens","1","K. RC Bissegem",true,false,false,"Win",true,false,,false,,90,0,0,0,0,0,0,,1,1,2,1,,,,
"https://www.rbfa.be/nl/wedstrijd/7520941","K. RC Bissegem","K. Eendr. Wervik A","Dylan Olievier","1","K. Eendr. Wervik A",true,false,false,"Loss",true,false,,false,,90,0,0,0,0,0,0,,0,-1,1,2,,,,
"https://www.rbfa.be/nl/wedstrijd/7520941","K. RC Bissegem","K. Eendr. Wervik A","Zito Bostoen","4","K. RC Bissegem",false,false,false,"Win",true,false,,false,,90,0,0,0,0,0,0,,1,1,2,1,,,,
"https://www.rbfa.be/nl/wedstrijd/7520941","K. RC Bissegem","K. Eendr. Wervik A","Younes Haci","2","K. Eendr. Wervik A",false,false,false,"Loss",true,false,,false,,90,0,0,0,0,0,0,,0,-1,1,2,,,,
"https://www.rbfa.be/nl/wedstrijd/7520941","K. RC Bissegem","K. Eendr. Wervik A","Ewoud Defevere","5","K. RC Bissegem",false,false,false,"Win",true,false,,false,,90,0,0,0,0,0,0,,1,1,2,1,,,,
"https://www.rbfa.be/nl/wedstrijd/7520941","K. RC Bissegem","K. Eendr. Wervik A","Olivann Bossom","3","K. Eendr. Wervik A",false,false,false,"Loss",true,false,,false,,90,0,0,0,0,0,0,,0,-1,1,2,,,,
"https://www.rbfa.be/nl/wedstrijd/7520941","K. RC Bissegem","K. Eendr. Wervik A","Harm Vansteenkiste","8","K. RC Bissegem",false,false,false,"Win",true,false,,false,,90,0,0,0,0,0,0,,1,1,2,1,,,,
"https://www.rbfa.be/nl/wedstrijd/7520941","K. RC Bissegem","K. Eendr. Wervik A","Youssef Bouyfoulkitne","4","K. Eendr. Wervik A",false,false,false,"Loss",true,false,,false,,90,0,0,0,0,0,0,,0,-1,1,2,,,,
"https://www.rbfa.be/nl/wedstrijd/7520941","K. RC Bissegem","K. Eendr. Wervik A","Lennert Lingier","9","K. RC Bissegem",false,false,false,"Win",true,false,,true,90,90,1,0,0,0,0,0,,1,1,2,1,,,,
"https://www.rbfa.be/nl/wedstrijd/7520941","K. RC Bissegem","K. Eendr. Wervik A","Neil Serbouh","6","K. Eendr. Wervik A",false,false,false,"Loss",true,false,,true,85,85,0,0,0,0,0,0,,0.5,0,1,1,0,-1,0,1
"https://www.rbfa.be/nl/wedstrijd/7520941","K. RC Bissegem","K. Eendr. Wervik A","Andres Dewaele","10","K. RC Bissegem",false,false,false,"Win",true,false,,false,,90,1,0,0,1,0,0,,1,1,2,1,,,,
"https://www.rbfa.be/nl/wedstrijd/7520941","K. RC Bissegem","K. Eendr. Wervik A","Emiel Stevens","8","K. Eendr. Wervik A",false,true,false,"Loss",true,false,,false,,90,0,0,0,0,0,0,,0,-1,1,2,,,,
"https://www.rbfa.be/nl/wedstrijd/7520941","K. RC Bissegem","K. Eendr. Wervik A","Ismaïl El Ouassif","11","K. RC Bissegem",false,false,false,"Win",true,false,,true,60,60,0,0,0,0,0,0,,0,-1,0,1,1,2,2,0
"https://www.rbfa.be/nl/wedstrijd/7520941","K. RC Bissegem","K. Eendr. Wervik A","Arthur Crombez","17","K. Eendr. Wervik A",false,false,false,"Loss",true,false,,false,,90,0,0,0,0,0,0,,0,-1,1,2,,,,
"https://www.rbfa.be/nl/wedstrijd/7520941","K. RC Bissegem","K. Eendr. Wervik A","Bruno Dhoop","17","K. RC Bissegem",false,false,false,"Win",true,false,,false,,90,0,0,0,0,0,0,,1,1,2,1,,,,
"https://www.rbfa.be/nl/wedstrijd/7520941","K. RC Bissegem","K. Eendr. Wervik A","Yann-Moussa André Diallo","19","K. Eendr. Wervik A",false,false,false,"Loss",true,false,,true,46,46,0,0,0,0,0,0,,1,1,1,0,0,-2,0,2
"https://www.rbfa.be/nl/wedstrijd/7520941","K. RC Bissegem","K. Eendr. Wervik A","Jenci Dejonghe","18","K. RC Bissegem",false,true,false,"Win",true,false,,false,,90,0,0,0,0,0,0,,1,1,2,1,,,,
"https://www.rbfa.be/nl/wedstrijd/7520941","K. RC Bissegem","K. Eendr. Wervik A","Yanis Gaci","20","K. Eendr. Wervik A",false,false,false,"Loss",true,false,,true,70,70,1,0,0,0,0,0,,1,1,1,0,0,-2,0,2
"https://www.rbfa.be/nl/wedstrijd/7520941","K. RC Bissegem","K. Eendr. Wervik A","Robin Douven","19","K. RC Bissegem",false,false,false,"Win",true,false,,true,85,85,0,0,0,0,0,0,,0.5,0,1,1,1,1,1,0
"https://www.rbfa.be/nl/wedstrijd/7520941","K. RC Bissegem","K. Eendr. Wervik A","Geoffrey Coppin","22","K. Eendr. Wervik A",false,false,false,"Loss",true,false,,false,,90,0,0,0,0,0,0,,0,-1,1,2,,,,
"https://www.rbfa.be/nl/wedstrijd/7520941","K. RC Bissegem","K. Eendr. Wervik A","Elias Ben Ali","20","K. RC Bissegem",false,false,false,"Win",true,false,,false,,90,0,0,0,0,0,0,,1,1,2,1,,,,
"https://www.rbfa.be/nl/wedstrijd/7520941","K. RC Bissegem","K. Eendr. Wervik A","Quentin Christophe Despringre","25","K. Eendr. Wervik A",false,false,false,"Loss",true,false,,false,,90,0,0,0,0,0,0,,0,-1,1,2,,,,
"https://www.rbfa.be/nl/wedstrijd/7520941","K. RC Bissegem","K. Eendr. Wervik A","Arnold Vandenborre","21","K. RC Bissegem",true,false,false,"Win",false,false,,false,,0,0,0,0,0,0,0,,,,,,0.5,0,0,0
"https://www.rbfa.be/nl/wedstrijd/7520941","K. RC Bissegem","K. Eendr. Wervik A","Maxim Driessens","24","K. Eendr. Wervik A",true,false,false,"Loss",false,false,,false,,0,0,0,0,0,0,0,,,,,,0.5,0,0,0
"https://www.rbfa.be/nl/wedstrijd/7520941","K. RC Bissegem","K. Eendr. Wervik A","Noah Vanhouwaert","3","K. RC Bissegem",false,false,false,"Win",false,false,,false,,0,0,0,0,0,0,0,,,,,,0.5,0,0,0
"https://www.rbfa.be/nl/wedstrijd/7520941","K. RC Bissegem","K. Eendr. Wervik A","Bilal El Houcine Belghaouar","7","K. Eendr. Wervik A",false,false,false,"Loss",false,true,46,false,,44,0,0,0,0,0,0,,0,-2,0,2,1,1,1,0
"https://www.rbfa.be/nl/wedstrijd/7520941","K. RC Bissegem","K. Eendr. Wervik A","Glenn Lapeire","7","K. RC Bissegem",false,false,false,"Win",false,true,60,false,,30,0,0,0,0,0,0,,1,2,2,0,0,-1,0,1
"https://www.rbfa.be/nl/wedstrijd/7520941","K. RC Bissegem","K. Eendr. Wervik A","Kamal Diaz Jlal","14","K. Eendr. Wervik A",false,false,false,"Loss",false,false,,false,,0,0,0,0,0,0,0,,,,,,0.5,0,0,0
"https://www.rbfa.be/nl/wedstrijd/7520941","K. RC Bissegem","K. Eendr. Wervik A","Ennio Franklin Tack","16","K. RC Bissegem",false,false,false,"Win",false,true,85,false,,5,0,0,0,0,0,0,,1,1,1,0,0.5,0,1,1
"https://www.rbfa.be/nl/wedstrijd/7520941","K. RC Bissegem","K. Eendr. Wervik A","Abdoul Salam Sow","15","K. Eendr. Wervik A",false,false,false,"Loss",false,true,70,false,,20,0,0,0,1,0,0,,0,-2,0,2,1,1,1,0
"https://www.rbfa.be/nl/wedstrijd/7520941","K. RC Bissegem","K. Eendr. Wervik A","Miel Laperre","25","K. RC Bissegem",false,false,false,"Win",false,true,90,false,,0,0,0,0,0,0,0,,,,,,1,1,2,1
"https://www.rbfa.be/nl/wedstrijd/7520941","K. RC Bissegem","K. Eendr. Wervik A","Bilal Al Ghami","31","K. Eendr. Wervik A",false,false,false,"Loss",false,true,85,false,,5,0,0,0,0,0,0,,0,-1,0,1,0.5,0,1,1
"https://www.rbfa.be/nl/wedstrijd/7520940","FC Sp. Heestert A","K. SV Veurne A","Tom Thieren","1","FC Sp. Heestert A",true,true,false,"Loss",true,false,,false,,90,0,0,0,0,0,0,,0,-4,1,5,,,,
"https://www.rbfa.be/nl/wedstrijd/7520940","FC Sp. Heestert A","K. SV Veurne A","Wout Vandendriessche","54","K. SV Veurne A",true,false,false,"Win",true,false,,false,,90,0,0,0,0,0,0,,1,4,5,1,,,,
"https://www.rbfa.be/nl/wedstrijd/7520940","FC Sp. Heestert A","K. SV Veurne A","Emmanuel Abew Asamoah","4","FC Sp. Heestert A",false,false,false,"Loss",true,false,,false,,90,0,0,0,0,0,0,,0,-4,1,5,,,,
"https://www.rbfa.be/nl/wedstrijd/7520940","FC Sp. Heestert A","K. SV Veurne A","Pieter Dedrie","3","K. SV Veurne A",false,false,false,"Win",true,false,,false,,90,1,0,0,0,0,0,,1,4,5,1,,,,
"https://www.rbfa.be/nl/wedstrijd/7520940","FC Sp. Heestert A","K. SV Veurne A","Mauro Mercher","5","FC Sp. Heestert A",false,false,false,"Loss",true,false,,false,,90,0,0,0,1,0,0,,0,-4,1,5,,,,
"https://www.rbfa.be/nl/wedstrijd/7520940","FC Sp. Heestert A","K. SV Veurne A","Gianni Jooris","7","K. SV Veurne A",false,false,false,"Win",true,false,,false,,90,0,0,0,0,0,0,,1,4,5,1,,,,
"https://www.rbfa.be/nl/wedstrijd/7520940","FC Sp. Heestert A","K. SV Veurne A","Nicolas Gheeraert","6","FC Sp. Heestert A",false,false,false,"Loss",true,false,,false,,90,0,0,0,0,0,0,,0,-4,1,5,,,,
"https://www.rbfa.be/nl/wedstrijd/7520940","FC Sp. Heestert A","K. SV Veurne A","Jordy Bardyn","8","K. SV Veurne A",false,false,false,"Win",true,false,,false,,90,0,0,0,1,0,0,,1,4,5,1,,,,
"https://www.rbfa.be/nl/wedstrijd/7520940","FC Sp. Heestert A","K. SV Veurne A","Jeremy Guido Brogniez","10","FC Sp. Heestert A",false,false,false,"Loss",true,false,,false,,90,0,0,0,0,0,0,,0,-4,1,5,,,,
"https://www.rbfa.be/nl/wedstrijd/7520940","FC Sp. Heestert A","K. SV Veurne A","Dayne Clarebout","9","K. SV Veurne A",false,false,false,"Win",true,false,,true,84,84,2,0,0,1,0,0,,1,4,4,0,0.5,0,1,1
"https://www.rbfa.be/nl/wedstrijd/7520940","FC Sp. Heestert A","K. SV Veurne A","Aaron Balcaen","11","FC Sp. Heestert A",false,false,false,"Loss",true,false,,false,,90,1,0,0,0,0,0,,0,-4,1,5,,,,
"https://www.rbfa.be/nl/wedstrijd/7520940","FC Sp. Heestert A","K. SV Veurne A","Luca Baekelandt","10","K. SV Veurne A",false,true,false,"Win",true,false,,false,,90,0,0,0,0,0,0,,1,4,5,1,,,,
"https://www.rbfa.be/nl/wedstrijd/7520940","FC Sp. Heestert A","K. SV Veurne A","Louis Callewier","12","FC Sp. Heestert A",false,false,false,"Loss",true,false,,true,66,66,0,0,0,0,0,0,,0,-3,0,3,0,-1,1,2
"https://www.rbfa.be/nl/wedstrijd/7520940","FC Sp. Heestert A","K. SV Veurne A","Dante Blanckaert","17","K. SV Veurne A",false,false,false,"Win",true,false,,false,,90,0,0,0,0,0,0,,1,4,5,1,,,,
"https://www.rbfa.be/nl/wedstrijd/7520940","FC Sp. Heestert A","K. SV Veurne A","Dries Loosveldt","15","FC Sp. Heestert A",false,false,false,"Loss",true,false,,true,46,46,0,0,0,0,0,0,,0,-3,0,3,0,-1,1,2
"https://www.rbfa.be/nl/wedstrijd/7520940","FC Sp. Heestert A","K. SV Veurne A","Bart Winnock","21","K. SV Veurne A",false,false,false,"Win",true,false,,false,,90,0,0,0,0,0,0,,1,4,5,1,,,,
"https://www.rbfa.be/nl/wedstrijd/7520940","FC Sp. Heestert A","K. SV Veurne A","Dylan David Bourquin","16","FC Sp. Heestert A",false,false,false,"Loss",true,false,,false,,90,0,0,0,0,0,0,,0,-4,1,5,,,,
"https://www.rbfa.be/nl/wedstrijd/7520940","FC Sp. Heestert A","K. SV Veurne A","Kevin Chateau","22","K. SV Veurne A",false,false,false,"Win",true,false,,true,77,77,1,0,0,0,0,0,,1,4,4,0,0.5,0,1,1
"https://www.rbfa.be/nl/wedstrijd/7520940","FC Sp. Heestert A","K. SV Veurne A","Mattice Bekaert","17","FC Sp. Heestert A",false,false,false,"Loss",true,false,,false,,90,0,0,0,0,0,0,,0,-4,1,5,,,,
"https://www.rbfa.be/nl/wedstrijd/7520940","FC Sp. Heestert A","K. SV Veurne A","Kasper De Keyrel","24","K. SV Veurne A",false,false,false,"Win",true,false,,true,84,84,0,0,0,0,0,0,,1,4,4,0,0.5,0,1,1
"https://www.rbfa.be/nl/wedstrijd/7520940","FC Sp. Heestert A","K. SV Veurne A","Fries Legein","19","FC Sp. Heestert A",false,false,false,"Loss",true,false,,false,,90,0,0,0,0,0,0,,0,-4,1,5,,,,
"https://www.rbfa.be/nl/wedstrijd/7520940","FC Sp. Heestert A","K. SV Veurne A","Anouk Vanysacker","44","K. SV Veurne A",false,false,false,"Win",true,false,,false,,90,0,0,0,1,0,0,,1,4,5,1,,,,
"https://www.rbfa.be/nl/wedstrijd/7520940","FC Sp. Heestert A","K. SV Veurne A","Arjen Ysenbaert","23","FC Sp. Heestert A",true,false,false,"Loss",false,false,,false,,0,0,0,0,0,0,0,,,,,,0.5,0,0,0
"https://www.rbfa.be/nl/wedstrijd/7520940","FC Sp. Heestert A","K. SV Veurne A","Gilles Van Holm","1","K. SV Veurne A",true,false,false,"Win",false,false,,false,,0,0,0,0,0,0,0,,,,,,0.5,0,0,0
"https://www.rbfa.be/nl/wedstrijd/7520940","FC Sp. Heestert A","K. SV Veurne A","Aristote Madiani","7","FC Sp. Heestert A",false,false,false,"Loss",false,true,66,false,,24,0,0,0,0,0,0,,0,-1,1,2,0,-3,0,3
"https://www.rbfa.be/nl/wedstrijd/7520940","FC Sp. Heestert A","K. SV Veurne A","Thijs Hatse","5","K. SV Veurne A",false,false,false,"Win",false,true,84,false,,5,0,0,0,0,1,0,89,1,1,1,0,1,3,4,1
"https://www.rbfa.be/nl/wedstrijd/7520940","FC Sp. Heestert A","K. SV Veurne A","Lenny Rassalle","8","FC Sp. Heestert A",false,false,false,"Loss",false,false,,false,,0,0,0,0,0,0,0,,,,,,0.5,0,0,0
"https://www.rbfa.be/nl/wedstrijd/7520940","FC Sp. Heestert A","K. SV Veurne A","Axel Leeman","20","K. SV Veurne A",false,false,false,"Win",false,true,84,false,,6,1,0,0,0,0,0,,0.5,0,1,1,1,4,4,0
"https://www.rbfa.be/nl/wedstrijd/7520940","FC Sp. Heestert A","K. SV Veurne A","Imad Zmimer","9","FC Sp. Heestert A",false,false,false,"Loss",false,true,46,false,,44,0,0,0,1,0,0,,0,-1,1,2,0,-3,0,3
"https://www.rbfa.be/nl/wedstrijd/7520940","FC Sp. Heestert A","K. SV Veurne A","Joppe Rathé","47","K. SV Veurne A",false,false,false,"Win",false,true,77,false,,13,0,0,0,0,0,0,,0.5,0,1,1,1,4,4,0
"https://www.rbfa.be/nl/wedstrijd/7520940","FC Sp. Heestert A","K. SV Veurne A","Niels Stael","21","FC Sp. Heestert A",false,false,false,"Loss",false,false,,false,,0,0,0,0,0,0,0,,,,,,0.5,0,0,0
"https://www.rbfa.be/nl/wedstrijd/7520942","K. SK Beveren-Leie A","S.V. Wevelgem City A","Benoit Degruyter","1","K. SK Beveren-Leie A",true,true,false,"Loss",true,false,,false,,90,0,0,0,0,0,0,,0,-4,1,5,,,,
"https://www.rbfa.be/nl/wedstrijd/7520942","K. SK Beveren-Leie A","S.V. Wevelgem City A","Jorgen Rogiers","1","S.V. Wevelgem City A",true,true,false,"Win",true,false,,false,,90,0,0,0,0,0,0,,1,4,5,1,,,,
"https://www.rbfa.be/nl/wedstrijd/7520942","K. SK Beveren-Leie A","S.V. Wevelgem City A","Vincenzo Dujardin","3","K. SK Beveren-Leie A",false,false,false,"Loss",true,false,,true,32,32,0,0,0,0,0,0,,1,1,1,0,0,-5,0,5
"https://www.rbfa.be/nl/wedstrijd/7520942","K. SK Beveren-Leie A","S.V. Wevelgem City A","Gauthier Van De Geuchte","3","S.V. Wevelgem City A",false,false,false,"Win",true,false,,false,,90,0,0,0,0,0,0,,1,4,5,1,,,,
"https://www.rbfa.be/nl/wedstrijd/7520942","K. SK Beveren-Leie A","S.V. Wevelgem City A","Maarten Vanlerberghe","4","K. SK Beveren-Leie A",false,false,false,"Loss",true,false,,false,,90,0,0,0,0,0,0,,0,-4,1,5,,,,
"https://www.rbfa.be/nl/wedstrijd/7520942","K. SK Beveren-Leie A","S.V. Wevelgem City A","Gilles Hamers","5","S.V. Wevelgem City A",false,false,false,"Win",true,false,,true,45,45,0,0,0,0,0,0,,0,-1,0,1,1,5,5,0
"https://www.rbfa.be/nl/wedstrijd/7520942","K. SK Beveren-Leie A","S.V. Wevelgem City A","Gianni Sobrie","5","K. SK Beveren-Leie A",false,false,false,"Loss",true,false,,false,,90,0,0,0,0,0,0,,0,-4,1,5,,,,
"https://www.rbfa.be/nl/wedstrijd/7520942","K. SK Beveren-Leie A","S.V. Wevelgem City A","Victor Cuvelier","6","S.V. Wevelgem City A",false,false,false,"Win",true,false,,true,87,87,0,0,0,0,0,0,,1,4,5,1,0.5,0,0,0
"https://www.rbfa.be/nl/wedstrijd/7520942","K. SK Beveren-Leie A","S.V. Wevelgem City A","Alpha Mamoudou Sylla","7","K. SK Beveren-Leie A",false,false,false,"Loss",true,false,,false,,90,0,0,0,0,0,0,,0,-4,1,5,,,,
"https://www.rbfa.be/nl/wedstrijd/7520942","K. SK Beveren-Leie A","S.V. Wevelgem City A","Jasper Noël Beyens","9","S.V. Wevelgem City A",false,false,false,"Win",true,false,,false,,90,1,0,0,0,0,0,,1,4,5,1,,,,
"https://www.rbfa.be/nl/wedstrijd/7520942","K. SK Beveren-Leie A","S.V. Wevelgem City A","Yani Desmet","10","K. SK Beveren-Leie A",false,false,false,"Loss",true,false,,false,,90,0,0,0,0,0,0,,0,-4,1,5,,,,
"https://www.rbfa.be/nl/wedstrijd/7520942","K. SK Beveren-Leie A","S.V. Wevelgem City A","Thibau Laevens","10","S.V. Wevelgem City A",false,false,false,"Win",true,false,,true,77,77,1,0,0,0,0,0,,1,2,3,1,1,2,2,0
"https://www.rbfa.be/nl/wedstrijd/7520942","K. SK Beveren-Leie A","S.V. Wevelgem City A","Bryan Khetta","14","K. SK Beveren-Leie A",false,false,false,"Loss",true,false,,true,77,77,0,0,0,0,0,0,,0,-2,1,3,0,-2,0,2
"https://www.rbfa.be/nl/wedstrijd/7520942","K. SK Beveren-Leie A","S.V. Wevelgem City A","Marc Couckuyt","14","S.V. Wevelgem City A",false,false,false,"Win",true,false,,false,,90,0,0,0,0,0,0,,1,4,5,1,,,,
"https://www.rbfa.be/nl/wedstrijd/7520942","K. SK Beveren-Leie A","S.V. Wevelgem City A","Safouane Rahhab","15","K. SK Beveren-Leie A",false,false,false,"Loss",true,false,,false,,90,1,0,0,0,0,0,,0,-4,1,5,,,,
"https://www.rbfa.be/nl/wedstrijd/7520942","K. SK Beveren-Leie A","S.V. Wevelgem City A","Gilles Bouckaert","17","S.V. Wevelgem City A",false,false,false,"Win",true,false,,false,,90,0,0,0,0,0,0,,1,4,5,1,,,,
"https://www.rbfa.be/nl/wedstrijd/7520942","K. SK Beveren-Leie A","S.V. Wevelgem City A","Dario Wandels","16","K. SK Beveren-Leie A",false,false,false,"Loss",true,false,,false,,90,0,0,0,0,0,0,,0,-4,1,5,,,,
"https://www.rbfa.be/nl/wedstrijd/7520942","K. SK Beveren-Leie A","S.V. Wevelgem City A","Robbe Dekiere","18","S.V. Wevelgem City A",false,false,false,"Win",true,false,,true,45,45,0,0,0,0,0,0,,0,-1,0,1,1,5,5,0
"https://www.rbfa.be/nl/wedstrijd/7520942","K. SK Beveren-Leie A","S.V. Wevelgem City A","Alessandro Dujardin","18","K. SK Beveren-Leie A",false,false,false,"Loss",true,false,,false,,90,0,0,0,0,0,0,,0,-4,1,5,,,,
"https://www.rbfa.be/nl/wedstrijd/7520942","K. SK Beveren-Leie A","S.V. Wevelgem City A","Maxime Cottignie","19","S.V. Wevelgem City A",false,false,false,"Win",true,false,,false,,90,0,0,0,0,0,0,,1,4,5,1,,,,
"https://www.rbfa.be/nl/wedstrijd/7520942","K. SK Beveren-Leie A","S.V. Wevelgem City A","Gilles De Greve","19","K. SK Beveren-Leie A",false,false,false,"Loss",true,false,,true,65,65,0,0,0,0,0,0,,0,-1,1,2,0,-3,0,3
"https://www.rbfa.be/nl/wedstrijd/7520942","K. SK Beveren-Leie A","S.V. Wevelgem City A","Mehdi Oumedjeber","20","S.V. Wevelgem City A",false,false,false,"Win",true,false,,false,,90,0,0,0,0,0,0,,1,4,5,1,,,,
"https://www.rbfa.be/nl/wedstrijd/7520942","K. SK Beveren-Leie A","S.V. Wevelgem City A","Ilyas Akhandaf","11","K. SK Beveren-Leie A",false,false,false,"Loss",false,false,,false,,0,0,0,0,0,0,0,,,,,,0.5,0,0,0
"https://www.rbfa.be/nl/wedstrijd/7520942","K. SK Beveren-Leie A","S.V. Wevelgem City A","Emiel Bridelance","2","S.V. Wevelgem City A",false,false,false,"Win",false,true,87,false,,3,0,0,0,0,0,0,,0.5,0,0,0,1,4,5,1
"https://www.rbfa.be/nl/wedstrijd/7520942","K. SK Beveren-Leie A","S.V. Wevelgem City A","Baptiste Vandoorne","12","K. SK Beveren-Leie A",false,false,false,"Loss",false,true,32,false,,58,0,0,0,0,0,0,,0,-5,0,5,1,1,1,0
"https://www.rbfa.be/nl/wedstrijd/7520942","K. SK Beveren-Leie A","S.V. Wevelgem City A","Jordy Beirlaen","7","S.V. Wevelgem City A",false,false,false,"Win",false,true,77,false,,13,1,0,0,0,0,0,,1,2,2,0,1,2,3,1
"https://www.rbfa.be/nl/wedstrijd/7520942","K. SK Beveren-Leie A","S.V. Wevelgem City A","Rimas Vande Vyver","13","K. SK Beveren-Leie A",false,false,false,"Loss",false,true,77,false,,13,0,0,0,0,0,0,,0,-2,0,2,0,-2,1,3
"https://www.rbfa.be/nl/wedstrijd/7520942","K. SK Beveren-Leie A","S.V. Wevelgem City A","Tibo Margo","16","S.V. Wevelgem City A",false,false,false,"Win",false,true,45,false,,45,1,0,0,0,0,0,,1,5,5,0,0,-1,0,1
"https://www.rbfa.be/nl/wedstrijd/7520942","K. SK Beveren-Leie A","S.V. Wevelgem City A","Mathis De Vreeze","17","K. SK Beveren-Leie A",false,false,false,"Loss",false,true,65,false,,25,0,0,0,0,0,0,,0,-3,0,3,0,-1,1,2
"https://www.rbfa.be/nl/wedstrijd/7520942","K. SK Beveren-Leie A","S.V. Wevelgem City A","Raf Vanhuylebrouck","21","S.V. Wevelgem City A",false,false,false,"Win",false,true,82,false,,8,0,0,0,0,0,0,,1,1,1,0,1,3,4,1
"https://www.rbfa.be/nl/wedstrijd/7520942","K. SK Beveren-Leie A","S.V. Wevelgem City A","Said Hafidh Khatib","22","S.V. Wevelgem City A",false,false,false,"Win",false,true,45,true,82,37,1,0,0,0,0,0,,1,4,4,0,0.5,0,1,1
"https://www.rbfa.be/nl/wedstrijd/7520944","K. FC Heist A","K.S.C. Wielsbeke","Miguel De Block","1","K. FC Heist A",true,false,false,"Loss",true,false,,false,,90,0,0,0,0,0,0,,0,-1,1,2,,,,
"https://www.rbfa.be/nl/wedstrijd/7520944","K. FC Heist A","K.S.C. Wielsbeke","Matisse De Groote","22","K.S.C. Wielsbeke",true,false,false,"Win",true,false,,false,,90,0,0,0,0,0,0,,1,1,2,1,,,,
"https://www.rbfa.be/nl/wedstrijd/7520944","K. FC Heist A","K.S.C. Wielsbeke","Xander Timmerman","2","K. FC Heist A",false,false,false,"Loss",true,false,,true,85,85,0,0,1,0,0,0,,0,-2,0,2,1,1,1,0
"https://www.rbfa.be/nl/wedstrijd/7520944","K. FC Heist A","K.S.C. Wielsbeke","Dries Wysselinck","4","K.S.C. Wielsbeke",false,false,false,"Win",true,false,,false,,90,0,0,0,0,0,0,,1,1,2,1,,,,
"https://www.rbfa.be/nl/wedstrijd/7520944","K. FC Heist A","K.S.C. Wielsbeke","Thibo Gies","5","K. FC Heist A",false,false,false,"Loss",true,false,,false,,90,0,0,0,1,0,0,,0,-1,1,2,,,,
"https://www.rbfa.be/nl/wedstrijd/7520944","K. FC Heist A","K.S.C. Wielsbeke","Rune Jacques Vandenborre","8","K.S.C. Wielsbeke",false,false,false,"Win",true,false,,true,74,74,0,0,0,0,0,0,,1,1,1,0,0.5,0,1,1
"https://www.rbfa.be/nl/wedstrijd/7520944","K. FC Heist A","K.S.C. Wielsbeke","Bixenti Ducoulombier","6","K. FC Heist A",false,false,false,"Loss",true,false,,true,85,85,0,0,0,0,0,0,,0,-2,0,2,1,1,1,0
"https://www.rbfa.be/nl/wedstrijd/7520944","K. FC Heist A","K.S.C. Wielsbeke","Seppe Jeroen Lecour","9","K.S.C. Wielsbeke",false,false,false,"Win",true,false,,true,86,86,1,0,0,0,0,0,,1,2,2,0,0,-1,0,1
"https://www.rbfa.be/nl/wedstrijd/7520944","K. FC Heist A","K.S.C. Wielsbeke","Yoni Delporte","8","K. FC Heist A",false,true,false,"Loss",true,false,,false,,90,1,0,0,0,0,0,,0,-1,1,2,,,,
"https://www.rbfa.be/nl/wedstrijd/7520944","K. FC Heist A","K.S.C. Wielsbeke","Lars Vandenbroucke","10","K.S.C. Wielsbeke",false,false,false,"Win",true,false,,true,37,37,0,0,0,0,0,0,,0.5,0,0,0,1,1,2,1
"https://www.rbfa.be/nl/wedstrijd/7520944","K. FC Heist A","K.S.C. Wielsbeke","Jarne Vancompernolle","11","K. FC Heist A",false,false,false,"Loss",true,false,,true,70,70,0,0,0,0,0,0,,0,-1,0,1,0.5,0,1,1
"https://www.rbfa.be/nl/wedstrijd/7520944","K. FC Heist A","K.S.C. Wielsbeke","Jonathan Verstraete","11","K.S.C. Wielsbeke",false,true,false,"Win",true,false,,false,,90,0,0,0,0,0,0,,1,1,2,1,,,,
"https://www.rbfa.be/nl/wedstrijd/7520944","K. FC Heist A","K.S.C. Wielsbeke","Thomas Vuyts","13","K. FC Heist A",false,false,false,"Loss",true,false,,false,,90,0,0,0,0,0,0,,0,-1,1,2,,,,
"https://www.rbfa.be/nl/wedstrijd/7520944","K. FC Heist A","K.S.C. Wielsbeke","Loris D'Haene","14","K.S.C. Wielsbeke",false,false,false,"Win",true,false,,false,,90,0,0,0,0,0,0,,1,1,2,1,,,,
"https://www.rbfa.be/nl/wedstrijd/7520944","K. FC Heist A","K.S.C. Wielsbeke","Bruno Delhaye","14","K. FC Heist A",false,false,false,"Loss",true,false,,true,70,70,0,0,0,0,0,0,,0,-1,0,1,0.5,0,1,1
"https://www.rbfa.be/nl/wedstrijd/7520944","K. FC Heist A","K.S.C. Wielsbeke","Charles Noppe","18","K.S.C. Wielsbeke",false,false,false,"Win",true,false,,false,,90,0,0,0,0,0,0,,1,1,2,1,,,,
"https://www.rbfa.be/nl/wedstrijd/7520944","K. FC Heist A","K.S.C. Wielsbeke","Jarno Boone","15","K. FC Heist A",false,false,false,"Loss",true,false,,false,,90,0,0,0,1,0,0,,0,-1,1,2,,,,
"https://www.rbfa.be/nl/wedstrijd/7520944","K. FC Heist A","K.S.C. Wielsbeke","Alessio Van Den Broucke","24","K.S.C. Wielsbeke",false,false,false,"Win",true,false,,false,,90,0,0,0,0,0,0,,1,1,2,1,,,,
"https://www.rbfa.be/nl/wedstrijd/7520944","K. FC Heist A","K.S.C. Wielsbeke","Jan Claessens","22","K. FC Heist A",false,false,false,"Loss",true,false,,true,78,78,0,0,0,0,0,0,,0,-2,0,2,1,1,1,0
"https://www.rbfa.be/nl/wedstrijd/7520944","K. FC Heist A","K.S.C. Wielsbeke","Berre De Smet","44","K.S.C. Wielsbeke",false,false,false,"Win",true,false,,false,,90,0,0,0,1,0,0,,1,1,2,1,,,,
"https://www.rbfa.be/nl/wedstrijd/7520944","K. FC Heist A","K.S.C. Wielsbeke","Quirino Raes","25","K. FC Heist A",false,false,false,"Loss",true,false,,false,,90,0,0,0,0,1,0,90,0,-1,1,2,,,,
"https://www.rbfa.be/nl/wedstrijd/7520944","K. FC Heist A","K.S.C. Wielsbeke","Ian Maes","65","K.S.C. Wielsbeke",false,false,false,"Win",true,false,,false,,90,0,0,0,0,0,0,,1,1,2,1,,,,
"https://www.rbfa.be/nl/wedstrijd/7520944","K. FC Heist A","K.S.C. Wielsbeke","Diaz Denise Axelsson De Baets","4","K. FC Heist A",false,false,false,"Loss",false,true,85,false,,5,0,0,0,0,0,0,,1,1,1,0,0,-2,0,2
"https://www.rbfa.be/nl/wedstrijd/7520944","K. FC Heist A","K.S.C. Wielsbeke","Vic Callens","13","K.S.C. Wielsbeke",true,false,false,"Win",false,false,,false,,0,0,0,0,0,0,0,,,,,,0.5,0,0,0
"https://www.rbfa.be/nl/wedstrijd/7520944","K. FC Heist A","K.S.C. Wielsbeke","Jasper Réginald Verhofstede","7","K. FC Heist A",false,false,false,"Loss",false,true,70,false,,20,0,0,0,0,0,0,,0.5,0,1,1,0,-1,0,1
"https://www.rbfa.be/nl/wedstrijd/7520944","K. FC Heist A","K.S.C. Wielsbeke","Thomas Coopman","7","K.S.C. Wielsbeke",false,false,false,"Win",false,true,74,false,,16,0,0,0,0,0,0,,0.5,0,1,1,1,1,1,0
"https://www.rbfa.be/nl/wedstrijd/7520944","K. FC Heist A","K.S.C. Wielsbeke","Marwane El Houfi","10","K. FC Heist A",false,false,false,"Loss",false,true,85,false,,5,0,0,0,0,0,0,,1,1,1,0,0,-2,0,2
"https://www.rbfa.be/nl/wedstrijd/7520944","K. FC Heist A","K.S.C. Wielsbeke","Senne Van Thuyne","12","K.S.C. Wielsbeke",false,false,false,"Win",false,true,37,false,,53,0,0,0,0,0,0,,1,1,2,1,0.5,0,0,0
"https://www.rbfa.be/nl/wedstrijd/7520944","K. FC Heist A","K.S.C. Wielsbeke","Dante Ovyn","20","K. FC Heist A",false,false,false,"Loss",false,true,70,false,,20,0,0,0,0,0,0,,0.5,0,1,1,0,-1,0,1
"https://www.rbfa.be/nl/wedstrijd/7520944","K. FC Heist A","K.S.C. Wielsbeke","Arne Beeuwsaert","15","K.S.C. Wielsbeke",false,false,false,"Win",false,true,86,false,,4,0,0,0,0,0,0,,0,-1,0,1,1,2,2,0
"https://www.rbfa.be/nl/wedstrijd/7520944","K. FC Heist A","K.S.C. Wielsbeke","Lenny Frank Buyl","29","K. FC Heist A",false,false,false,"Loss",false,true,78,false,,12,0,0,0,0,0,0,,1,1,1,0,0,-2,0,2
"https://www.rbfa.be/nl/wedstrijd/7520944","K. FC Heist A","K.S.C. Wielsbeke","Gilles Van Maeldergem","16","K.S.C. Wielsbeke",false,false,false,"Win",false,false,,false,,0,0,0,0,0,0,0,,,,,,0.5,0,0,0
"https://www.rbfa.be/nl/wedstrijd/7520945","K. FC Marke A","K. Sassp. Boezinge A","Anthony Degrendel","1","K. FC Marke A",true,false,false,"Draw",true,false,,false,,90,0,0,0,0,0,0,,0.5,0,1,1,,,,
"https://www.rbfa.be/nl/wedstrijd/7520945","K. FC Marke A","K. Sassp. Boezinge A","Justin Vanbrabandt","89","K. Sassp. Boezinge A",true,true,false,"Draw",true,false,,false,,90,0,0,0,0,0,0,,0.5,0,1,1,,,,
"https://www.rbfa.be/nl/wedstrijd/7520945","K. FC Marke A","K. Sassp. Boezinge A","Simon Van Lierde","3","K. FC Marke A",false,false,false,"Draw",true,false,,false,,90,0,0,0,0,0,0,,0.5,0,1,1,,,,
"https://www.rbfa.be/nl/wedstrijd/7520945","K. FC Marke A","K. Sassp. Boezinge A","Maxime Vanackere","2","K. Sassp. Boezinge A",false,false,false,"Draw",true,false,,false,,90,0,0,0,0,0,0,,0.5,0,1,1,,,,
"https://www.rbfa.be/nl/wedstrijd/7520945","K. FC Marke A","K. Sassp. Boezinge A","Lander Denduyver","6","K. FC Marke A",false,false,false,"Draw",true,false,,false,,90,0,0,0,0,0,0,,0.5,0,1,1,,,,
"https://www.rbfa.be/nl/wedstrijd/7520945","K. FC Marke A","K. Sassp. Boezinge A","Valentin Mahieu","3","K. Sassp. Boezinge A",false,false,false,"Draw",true,false,,false,,90,0,1,0,0,0,0,,0.5,0,1,1,,,,
"https://www.rbfa.be/nl/wedstrijd/7520945","K. FC Marke A","K. Sassp. Boezinge A","Arne Naessens","8","K. FC Marke A",false,true,false,"Draw",true,false,,false,,90,0,0,0,1,0,0,,0.5,0,1,1,,,,
"https://www.rbfa.be/nl/wedstrijd/7520945","K. FC Marke A","K. Sassp. Boezinge A","Ibe Duflou","5","K. Sassp. Boezinge A",false,false,false,"Draw",true,false,,false,,90,0,0,0,0,0,0,,0.5,0,1,1,,,,
"https://www.rbfa.be/nl/wedstrijd/7520945","K. FC Marke A","K. Sassp. Boezinge A","Jelle Duthoo","9","K. FC Marke A",false,false,false,"Draw",true,false,,true,83,83,1,0,0,0,0,0,,0.5,0,1,1,0.5,0,0,0
"https://www.rbfa.be/nl/wedstrijd/7520945","K. FC Marke A","K. Sassp. Boezinge A","Mouhamed Sarr","6","K. Sassp. Boezinge A",false,false,false,"Draw",true,false,,false,,90,0,0,0,0,0,0,,0.5,0,1,1,,,,
"https://www.rbfa.be/nl/wedstrijd/7520945","K. FC Marke A","K. Sassp. Boezinge A","Thomas Menghis","10","K. FC Marke A",false,false,false,"Draw",true,false,,true,83,83,0,0,0,0,0,0,,0.5,0,1,1,0.5,0,0,0
"https://www.rbfa.be/nl/wedstrijd/7520945","K. FC Marke A","K. Sassp. Boezinge A","Ward Maerten","7","K. Sassp. Boezinge A",false,false,false,"Draw",true,false,,false,,90,0,0,0,1,0,0,,0.5,0,1,1,,,,
"https://www.rbfa.be/nl/wedstrijd/7520945","K. FC Marke A","K. Sassp. Boezinge A","Bob Desmet","11","K. FC Marke A",false,false,false,"Draw",true,false,,false,,90,0,0,0,0,0,0,,0.5,0,1,1,,,,
"https://www.rbfa.be/nl/wedstrijd/7520945","K. FC Marke A","K. Sassp. Boezinge A","Ilyas Lakfif","9","K. Sassp. Boezinge A",false,false,false,"Draw",true,false,,true,55,55,0,0,0,0,0,0,,0.5,0,1,1,0.5,0,0,0
"https://www.rbfa.be/nl/wedstrijd/7520945","K. FC Marke A","K. Sassp. Boezinge A","Benjamin Bonte","17","K. FC Marke A",false,false,false,"Draw",true,false,,false,,90,0,0,0,0,0,0,,0.5,0,1,1,,,,
"https://www.rbfa.be/nl/wedstrijd/7520945","K. FC Marke A","K. Sassp. Boezinge A","Robbe Vandergunst","12","K. Sassp. Boezinge A",false,false,false,"Draw",true,false,,true,87,87,0,0,0,1,0,0,,0.5,0,1,1,0.5,0,0,0
"https://www.rbfa.be/nl/wedstrijd/7520945","K. FC Marke A","K. Sassp. Boezinge A","Emile Vanluchene","18","K. FC Marke A",false,false,false,"Draw",true,false,,false,,90,0,0,0,0,0,0,,0.5,0,1,1,,,,
"https://www.rbfa.be/nl/wedstrijd/7520945","K. FC Marke A","K. Sassp. Boezinge A","Fabian Rassalle","14","K. Sassp. Boezinge A",false,false,false,"Draw",true,false,,true,71,71,0,0,0,0,0,0,,0.5,0,1,1,0.5,0,0,0
"https://www.rbfa.be/nl/wedstrijd/7520945","K. FC Marke A","K. Sassp. Boezinge A","Jannis Bourgeois","24","K. FC Marke A",false,false,false,"Draw",true,false,,true,62,62,0,0,0,0,0,0,,0.5,0,1,1,0.5,0,0,0
"https://www.rbfa.be/nl/wedstrijd/7520945","K. FC Marke A","K. Sassp. Boezinge A","Lennart Sampers","20","K. Sassp. Boezinge A",false,false,false,"Draw",true,false,,false,,90,0,0,0,0,0,0,,0.5,0,1,1,,,,
"https://www.rbfa.be/nl/wedstrijd/7520945","K. FC Marke A","K. Sassp. Boezinge A","Jarne Wullaert","34","K. FC Marke A",false,false,false,"Draw",true,false,,false,,90,0,0,0,1,0,0,,0.5,0,1,1,,,,
"https://www.rbfa.be/nl/wedstrijd/7520945","K. FC Marke A","K. Sassp. Boezinge A","Seppe Gantois","23","K. Sassp. Boezinge A",false,false,false,"Draw",true,false,,false,,90,0,0,0,0,0,0,,0.5,0,1,1,,,,
"https://www.rbfa.be/nl/wedstrijd/7520945","K. FC Marke A","K. Sassp. Boezinge A","Bastien Servaege","28","K. FC Marke A",true,false,false,"Draw",false,false,,false,,0,0,0,0,0,0,0,,,,,,0.5,0,0,0
"https://www.rbfa.be/nl/wedstrijd/7520945","K. FC Marke A","K. Sassp. Boezinge A","Milan Cneudt","13","K. Sassp. Boezinge A",true,false,false,"Draw",false,false,,false,,0,0,0,0,0,0,0,,,,,,0.5,0,0,0
"https://www.rbfa.be/nl/wedstrijd/7520945","K. FC Marke A","K. Sassp. Boezinge A","Hannes Tieberghien","14","K. FC Marke A",false,false,false,"Draw",false,true,83,false,,7,0,0,0,0,0,0,,0.5,0,0,0,0.5,0,1,1
"https://www.rbfa.be/nl/wedstrijd/7520945","K. FC Marke A","K. Sassp. Boezinge A","Robbe Dumont","8","K. Sassp. Boezinge A",false,false,false,"Draw",false,true,87,false,,3,0,0,0,0,0,0,,0.5,0,0,0,0.5,0,1,1
"https://www.rbfa.be/nl/wedstrijd/7520945","K. FC Marke A","K. Sassp. Boezinge A","Lucas Coornaert","16","K. FC Marke A",false,false,false,"Draw",false,true,83,false,,7,0,0,0,0,0,0,,0.5,0,0,0,0.5,0,1,1
"https://www.rbfa.be/nl/wedstrijd/7520945","K. FC Marke A","K. Sassp. Boezinge A","Remko Vandamme","11","K. Sassp. Boezinge A",false,false,false,"Draw",false,true,71,false,,19,0,0,0,0,0,0,,0.5,0,0,0,0.5,0,1,1
"https://www.rbfa.be/nl/wedstrijd/7520945","K. FC Marke A","K. Sassp. Boezinge A","Thibault Trioen","19","K. FC Marke A",false,false,false,"Draw",false,true,62,false,,28,0,0,0,0,0,0,,0.5,0,0,0,0.5,0,1,1
"https://www.rbfa.be/nl/wedstrijd/7520945","K. FC Marke A","K. Sassp. Boezinge A","Owen Casier","22","K. Sassp. Boezinge A",false,false,false,"Draw",false,true,55,false,,35,0,0,0,0,0,0,,0.5,0,0,0,0.5,0,1,1
"https://www.rbfa.be/nl/wedstrijd/7520945","K. FC Marke A","K. Sassp. Boezinge A","Noé Dirk Rogard","23","K. FC Marke A",false,false,false,"Draw",false,false,,false,,0,0,0,0,0,0,0,,,,,,0.5,0,0,0
"https://www.rbfa.be/nl/wedstrijd/7520945","K. FC Marke A","K. Sassp. Boezinge A","Colin Sohier","24","K. Sassp. Boezinge A",false,false,false,"Draw",false,false,,false,,0,0,0,0,0,0,0,,,,,,0.5,0,0,0
"https://www.rbfa.be/nl/wedstrijd/7520943","K.R.C. Waregem A","Club Roeselare","Soren Dutoit","1","K.R.C. Waregem A",true,false,true,"Win",true,false,,false,,90,0,0,0,0,0,0,,1,2,2,0,,,,
"https://www.rbfa.be/nl/wedstrijd/7520943","K.R.C. Waregem A","Club Roeselare","Gauthier Vandesteene","26","Club Roeselare",true,false,false,"Loss",true,false,,false,,90,0,0,0,0,0,0,,0,-2,0,2,,,,
"https://www.rbfa.be/nl/wedstrijd/7520943","K.R.C. Waregem A","Club Roeselare","Siebe Depraetere","2","K.R.C. Waregem A",false,false,false,"Win",true,false,,false,,90,0,0,0,1,0,0,,1,2,2,0,,,,
"https://www.rbfa.be/nl/wedstrijd/7520943","K.R.C. Waregem A","Club Roeselare","Arne Hélin","5","Club Roeselare",false,true,false,"Loss",true,false,,true,78,78,0,0,0,0,0,0,,0,-2,0,2,0.5,0,0,0
"https://www.rbfa.be/nl/wedstrijd/7520943","K.R.C. Waregem A","Club Roeselare","Robbe Driessens","3","K.R.C. Waregem A",false,false,false,"Win",true,false,,false,,90,0,0,0,0,0,0,,1,2,2,0,,,,
"https://www.rbfa.be/nl/wedstrijd/7520943","K.R.C. Waregem A","Club Roeselare","Lauden Hugelier","6","Club Roeselare",false,false,false,"Loss",true,false,,false,,90,0,0,0,0,0,0,,0,-2,0,2,,,,
"https://www.rbfa.be/nl/wedstrijd/7520943","K.R.C. Waregem A","Club Roeselare","Denzel Van Fleteren","5","K.R.C. Waregem A",false,true,false,"Win",true,false,,false,,90,1,0,0,0,0,0,,1,2,2,0,,,,
"https://www.rbfa.be/nl/wedstrijd/7520943","K.R.C. Waregem A","Club Roeselare","Bram Helin","7","Club Roeselare",false,false,false,"Loss",true,false,,false,,90,0,0,0,0,0,0,,0,-2,0,2,,,,
"https://www.rbfa.be/nl/wedstrijd/7520943","K.R.C. Waregem A","Club Roeselare","Jörg Roger Dutoit","7","K.R.C. Waregem A",false,false,false,"Win",true,false,,false,,90,0,0,0,0,0,0,,1,2,2,0,,,,
"https://www.rbfa.be/nl/wedstrijd/7520943","K.R.C. Waregem A","Club Roeselare","Sam Vanhuyse","11","Club Roeselare",false,false,false,"Loss",true,false,,false,,90,0,0,0,0,0,0,,0,-2,0,2,,,,
"https://www.rbfa.be/nl/wedstrijd/7520943","K.R.C. Waregem A","Club Roeselare","Jarne Vanderpoorten","8","K.R.C. Waregem A",false,false,false,"Win",true,false,,true,78,78,0,0,0,0,0,0,,1,2,2,0,0.5,0,0,0
"https://www.rbfa.be/nl/wedstrijd/7520943","K.R.C. Waregem A","Club Roeselare","Cedric Makekula Mitu Muendele","13","Club Roeselare",false,false,false,"Loss",true,false,,true,78,78,0,0,0,0,0,0,,0,-2,0,2,0.5,0,0,0
"https://www.rbfa.be/nl/wedstrijd/7520943","K.R.C. Waregem A","Club Roeselare","Simon Vandenabeele","9","K.R.C. Waregem A",false,false,false,"Win",true,false,,true,60,60,0,0,0,0,0,0,,1,2,2,0,0.5,0,0,0
"https://www.rbfa.be/nl/wedstrijd/7520943","K.R.C. Waregem A","Club Roeselare","Vincent Provoost","14","Club Roeselare",false,false,false,"Loss",true,false,,false,,90,0,0,0,0,0,0,,0,-2,0,2,,,,
"https://www.rbfa.be/nl/wedstrijd/7520943","K.R.C. Waregem A","Club Roeselare","Robbe Debue","11","K.R.C. Waregem A",false,false,false,"Win",true,false,,true,60,60,1,0,0,0,0,0,,1,2,2,0,0.5,0,0,0
"https://www.rbfa.be/nl/wedstrijd/7520943","K.R.C. Waregem A","Club Roeselare","Michiel Verlinde","15","Club Roeselare",false,false,false,"Loss",true,false,,false,,90,0,0,0,1,0,0,,0,-2,0,2,,,,
"https://www.rbfa.be/nl/wedstrijd/7520943","K.R.C. Waregem A","Club Roeselare","Tjardo Vanderghinste","14","K.R.C. Waregem A",false,false,false,"Win",true,false,,false,,90,0,0,0,0,0,0,,1,2,2,0,,,,
"https://www.rbfa.be/nl/wedstrijd/7520943","K.R.C. Waregem A","Club Roeselare","Simon Verlinde","19","Club Roeselare",false,false,false,"Loss",true,false,,false,,90,0,0,0,0,0,0,,0,-2,0,2,,,,
"https://www.rbfa.be/nl/wedstrijd/7520943","K.R.C. Waregem A","Club Roeselare","Emiel Delmulle","20","K.R.C. Waregem A",false,false,false,"Win",true,false,,true,67,67,0,0,0,0,0,0,,1,2,2,0,0.5,0,0,0
"https://www.rbfa.be/nl/wedstrijd/7520943","K.R.C. Waregem A","Club Roeselare","Mauro Dumoulin","23","Club Roeselare",false,false,false,"Loss",true,false,,true,32,32,0,0,0,0,0,0,,0,-2,0,2,0.5,0,0,0
"https://www.rbfa.be/nl/wedstrijd/7520943","K.R.C. Waregem A","Club Roeselare","Arnaut Devenyns","21","K.R.C. Waregem A",false,false,false,"Win",true,false,,false,,90,0,0,0,0,0,0,,1,2,2,0,,,,
"https://www.rbfa.be/nl/wedstrijd/7520943","K.R.C. Waregem A","Club Roeselare","Simon Demeulenaere","24","Club Roeselare",false,false,false,"Loss",true,false,,true,63,63,0,0,0,0,0,0,,0,-2,0,2,0.5,0,0,0
"https://www.rbfa.be/nl/wedstrijd/7520943","K.R.C. Waregem A","Club Roeselare","Kyran Vantieghem","13","K.R.C. Waregem A",true,false,false,"Win",false,false,,false,,0,0,0,0,0,0,0,,,,,,0.5,0,0,0
"https://www.rbfa.be/nl/wedstrijd/7520943","K.R.C. Waregem A","Club Roeselare","Jordin Nico Decorte","1","Club Roeselare",true,false,false,"Loss",false,false,,false,,0,0,0,0,0,0,0,,,,,,0.5,0,0,0
"https://www.rbfa.be/nl/wedstrijd/7520943","K.R.C. Waregem A","Club Roeselare","Leko Albert Verbauwhede","4","K.R.C. Waregem A",false,false,false,"Win",false,true,78,false,,12,0,0,0,0,0,0,,0.5,0,0,0,1,2,2,0
"https://www.rbfa.be/nl/wedstrijd/7520943","K.R.C. Waregem A","Club Roeselare","Mohamedamin El Issati","4","Club Roeselare",false,false,false,"Loss",false,true,78,false,,12,0,0,0,0,0,0,,0.5,0,0,0,0,-2,0,2
"https://www.rbfa.be/nl/wedstrijd/7520943","K.R.C. Waregem A","Club Roeselare","Thibeau Waeye","10","K.R.C. Waregem A",false,false,false,"Win",false,true,60,false,,30,0,0,0,0,0,0,,0.5,0,0,0,1,2,2,0
"https://www.rbfa.be/nl/wedstrijd/7520943","K.R.C. Waregem A","Club Roeselare","Robbie Bolombo","9","Club Roeselare",false,false,false,"Loss",false,true,78,false,,12,0,0,0,0,0,0,,0.5,0,0,0,0,-2,0,2
"https://www.rbfa.be/nl/wedstrijd/7520943","K.R.C. Waregem A","Club Roeselare","Matteo Dujardin","17","K.R.C. Waregem A",false,false,false,"Win",false,true,67,false,,23,0,0,0,0,0,0,,0.5,0,0,0,1,2,2,0
"https://www.rbfa.be/nl/wedstrijd/7520943","K.R.C. Waregem A","Club Roeselare","Gilles Decuyper","17","Club Roeselare",false,false,false,"Loss",false,true,63,false,,27,0,0,0,1,0,0,,0.5,0,0,0,0,-2,0,2
"https://www.rbfa.be/nl/wedstrijd/7520943","K.R.C. Waregem A","Club Roeselare","Mathis Lievens","19","K.R.C. Waregem A",false,false,false,"Win",false,true,60,false,,30,0,0,0,0,0,0,,0.5,0,0,0,1,2,2,0
"https://www.rbfa.be/nl/wedstrijd/7520943","K.R.C. Waregem A","Club Roeselare","Gianni Vandecasteele","20","Club Roeselare",false,false,false,"Loss",false,true,32,false,,58,0,0,0,0,0,0,,0.5,0,0,0,0,-2,0,2
"https://www.rbfa.be/nl/wedstrijd/7520946","K. Sassp. Boezinge A","K. RC Bissegem","Justin Vanbrabandt","89","K. Sassp. Boezinge A",true,true,false,"Loss",true,false,,false,,90,0,0,0,0,0,0,,0,-1,0,1,,,,
"https://www.rbfa.be/nl/wedstrijd/7520946","K. Sassp. Boezinge A","K. RC Bissegem","Emiel Martens","1","K. RC Bissegem",true,false,true,"Win",true,false,,false,,90,0,0,0,0,0,0,,1,1,1,0,,,,
"https://www.rbfa.be/nl/wedstrijd/7520946","K. Sassp. Boezinge A","K. RC Bissegem","Maxime Vanackere","2","K. Sassp. Boezinge A",false,false,false,"Loss",true,false,,false,,90,0,0,0,0,0,0,,0,-1,0,1,,,,
"https://www.rbfa.be/nl/wedstrijd/7520946","K. Sassp. Boezinge A","K. RC Bissegem","Zito Bostoen","4","K. RC Bissegem",false,false,false,"Win",true,false,,false,,90,0,0,0,0,0,0,,1,1,1,0,,,,
"https://www.rbfa.be/nl/wedstrijd/7520946","K. Sassp. Boezinge A","K. RC Bissegem","Valentin Mahieu","3","K. Sassp. Boezinge A",false,false,false,"Loss",true,false,,false,,90,0,0,1,0,0,0,,0,-1,0,1,,,,
"https://www.rbfa.be/nl/wedstrijd/7520946","K. Sassp. Boezinge A","K. RC Bissegem","Ewoud Defevere","5","K. RC Bissegem",false,false,false,"Win",true,false,,false,,90,0,0,0,0,0,0,,1,1,1,0,,,,
"https://www.rbfa.be/nl/wedstrijd/7520946","K. Sassp. Boezinge A","K. RC Bissegem","Ibe Duflou","5","K. Sassp. Boezinge A",false,false,false,"Loss",true,false,,true,78,78,0,0,0,1,0,0,,0,-1,0,1,0.5,0,0,0
"https://www.rbfa.be/nl/wedstrijd/7520946","K. Sassp. Boezinge A","K. RC Bissegem","Glenn Lapeire","7","K. RC Bissegem",false,false,false,"Win",true,false,,false,,90,0,0,0,0,0,0,,1,1,1,0,,,,
"https://www.rbfa.be/nl/wedstrijd/7520946","K. Sassp. Boezinge A","K. RC Bissegem","Mouhamed Sarr","6","K. Sassp. Boezinge A",false,false,false,"Loss",true,false,,false,,90,0,0,0,1,0,1,90,0,-1,0,1,,,,
"https://www.rbfa.be/nl/wedstrijd/7520946","K. Sassp. Boezinge A","K. RC Bissegem","Harm Vansteenkiste","8","K. RC Bissegem",false,false,false,"Win",true,false,,true,89,89,0,0,0,0,0,0,,1,1,1,0,0.5,0,0,0
"https://www.rbfa.be/nl/wedstrijd/7520946","K. Sassp. Boezinge A","K. RC Bissegem","Ward Maerten","7","K. Sassp. Boezinge A",false,false,false,"Loss",true,false,,true,40,40,0,0,0,0,0,0,,0.5,0,0,0,0,-1,0,1
"https://www.rbfa.be/nl/wedstrijd/7520946","K. Sassp. Boezinge A","K. RC Bissegem","Lennert Lingier","9","K. RC Bissegem",false,false,false,"Win",true,false,,true,84,84,0,0,0,0,0,0,,1,1,1,0,0.5,0,0,0
"https://www.rbfa.be/nl/wedstrijd/7520946","K. Sassp. Boezinge A","K. RC Bissegem","Robbe Vandergunst","12","K. Sassp. Boezinge A",false,false,false,"Loss",true,false,,false,,90,0,0,0,0,0,0,,0,-1,0,1,,,,
"https://www.rbfa.be/nl/wedstrijd/7520946","K. Sassp. Boezinge A","K. RC Bissegem","Andres Dewaele","10","K. RC Bissegem",false,false,false,"Win",true,false,,false,,90,0,0,0,0,0,0,,1,1,1,0,,,,
"https://www.rbfa.be/nl/wedstrijd/7520946","K. Sassp. Boezinge A","K. RC Bissegem","Jarne Jodts","15","K. Sassp. Boezinge A",false,false,false,"Loss",true,false,,true,46,46,0,0,0,0,0,0,,0.5,0,0,0,0,-1,0,1
"https://www.rbfa.be/nl/wedstrijd/7520946","K. Sassp. Boezinge A","K. RC Bissegem","Ismaïl El Ouassif","11","K. RC Bissegem",false,false,false,"Win",true,false,,true,74,74,0,0,0,0,0,0,,0.5,0,0,0,1,1,1,0
"https://www.rbfa.be/nl/wedstrijd/7520946","K. Sassp. Boezinge A","K. RC Bissegem","Lennart Sampers","20","K. Sassp. Boezinge A",false,false,false,"Loss",true,false,,false,,90,0,0,0,0,0,0,,0,-1,0,1,,,,
"https://www.rbfa.be/nl/wedstrijd/7520946","K. Sassp. Boezinge A","K. RC Bissegem","Bruno Dhoop","17","K. RC Bissegem",false,false,false,"Win",true,false,,false,,90,0,0,0,0,0,0,,1,1,1,0,,,,
"https://www.rbfa.be/nl/wedstrijd/7520946","K. Sassp. Boezinge A","K. RC Bissegem","Owen Casier","22","K. Sassp. Boezinge A",false,false,false,"Loss",true,false,,true,80,80,0,0,0,1,0,0,,0,-1,0,1,0.5,0,0,0
"https://www.rbfa.be/nl/wedstrijd/7520946","K. Sassp. Boezinge A","K. RC Bissegem","Jenci Dejonghe","18","K. RC Bissegem",false,true,false,"Win",true,false,,false,,90,0,0,0,0,0,0,,1,1,1,0,,,,
"https://www.rbfa.be/nl/wedstrijd/7520946","K. Sassp. Boezinge A","K. RC Bissegem","Seppe Gantois","23","K. Sassp. Boezinge A",false,false,false,"Loss",true,false,,false,,90,0,0,0,0,0,0,,0,-1,0,1,,,,
"https://www.rbfa.be/nl/wedstrijd/7520946","K. Sassp. Boezinge A","K. RC Bissegem","Elias Ben Ali","20","K. RC Bissegem",false,false,false,"Win",true,false,,false,,90,0,0,0,0,0,0,,1,1,1,0,,,,
"https://www.rbfa.be/nl/wedstrijd/7520946","K. Sassp. Boezinge A","K. RC Bissegem","Milan Cneudt","13","K. Sassp. Boezinge A",true,false,false,"Loss",false,false,,false,,0,0,0,0,0,0,0,,,,,,0.5,0,0,0
"https://www.rbfa.be/nl/wedstrijd/7520946","K. Sassp. Boezinge A","K. RC Bissegem","Arnold Vandenborre","21","K. RC Bissegem",true,false,false,"Win",false,false,,false,,0,0,0,0,0,0,0,,,,,,0.5,0,0,0
"https://www.rbfa.be/nl/wedstrijd/7520946","K. Sassp. Boezinge A","K. RC Bissegem","Robbe Dumont","8","K. Sassp. Boezinge A",false,false,false,"Loss",false,true,78,false,,12,0,0,0,0,0,0,,0.5,0,0,0,0,-1,0,1
"https://www.rbfa.be/nl/wedstrijd/7520946","K. Sassp. Boezinge A","K. RC Bissegem","Noah Vanhouwaert","3","K. RC Bissegem",false,false,false,"Win",false,true,89,false,,1,0,0,0,0,0,0,,0.5,0,0,0,1,1,1,0
"https://www.rbfa.be/nl/wedstrijd/7520946","K. Sassp. Boezinge A","K. RC Bissegem","Remko Vandamme","11","K. Sassp. Boezinge A",false,false,false,"Loss",false,true,46,false,,44,0,0,0,1,0,0,,0,-1,0,1,0.5,0,0,0
"https://www.rbfa.be/nl/wedstrijd/7520946","K. Sassp. Boezinge A","K. RC Bissegem","Ennio Franklin Tack","16","K. RC Bissegem",false,false,false,"Win",false,true,84,false,,6,0,0,0,0,0,0,,0.5,0,0,0,1,1,1,0
"https://www.rbfa.be/nl/wedstrijd/7520946","K. Sassp. Boezinge A","K. RC Bissegem","Fabian Rassalle","14","K. Sassp. Boezinge A",false,false,false,"Loss",false,true,40,false,,50,0,0,0,0,0,0,,0,-1,0,1,0.5,0,0,0
"https://www.rbfa.be/nl/wedstrijd/7520946","K. Sassp. Boezinge A","K. RC Bissegem","Robin Douven","19","K. RC Bissegem",false,false,false,"Win",false,true,74,false,,16,0,0,0,0,0,0,,1,1,1,0,0.5,0,0,0
"https://www.rbfa.be/nl/wedstrijd/7520946","K. Sassp. Boezinge A","K. RC Bissegem","Colin Sohier","24","K. Sassp. Boezinge A",false,false,false,"Loss",false,true,80,false,,10,0,0,0,0,0,0,,0.5,0,0,0,0,-1,0,1
"https://www.rbfa.be/nl/wedstrijd/7520946","K. Sassp. Boezinge A","K. RC Bissegem","Mohamed El Ouassif","25","K. RC Bissegem",false,false,false,"Win",false,false,,false,,0,0,0,0,0,0,0,,,,,,0.5,0,0,0
"https://www.rbfa.be/nl/wedstrijd/7520947","K. Eendr. Wervik A","K.R.C. Waregem A","Dylan Olievier","1","K. Eendr. Wervik A",true,false,false,"Loss",true,false,,false,,90,0,0,0,0,0,0,,0,-1,0,1,,,,
"https://www.rbfa.be/nl/wedstrijd/7520947","K. Eendr. Wervik A","K.R.C. Waregem A","Soren Dutoit","1","K.R.C. Waregem A",true,false,true,"Win",true,false,,false,,90,0,0,0,0,0,0,,1,1,1,0,,,,
"https://www.rbfa.be/nl/wedstrijd/7520947","K. Eendr. Wervik A","K.R.C. Waregem A","Younes Haci","2","K. Eendr. Wervik A",false,false,false,"Loss",true,false,,false,,90,0,0,0,0,0,0,,0,-1,0,1,,,,
"https://www.rbfa.be/nl/wedstrijd/7520947","K. Eendr. Wervik A","K.R.C. Waregem A","Siebe Depraetere","2","K.R.C. Waregem A",false,false,false,"Win",true,false,,false,,90,0,0,0,0,0,0,,1,1,1,0,,,,
"https://www.rbfa.be/nl/wedstrijd/7520947","K. Eendr. Wervik A","K.R.C. Waregem A","Olivann Bossom","3","K. Eendr. Wervik A",false,false,false,"Loss",true,false,,false,,90,0,0,0,1,0,0,,0,-1,0,1,,,,
"https://www.rbfa.be/nl/wedstrijd/7520947","K. Eendr. Wervik A","K.R.C. Waregem A","Robbe Driessens","3","K.R.C. Waregem A",false,false,false,"Win",true,false,,false,,90,0,0,0,0,0,0,,1,1,1,0,,,,
"https://www.rbfa.be/nl/wedstrijd/7520947","K. Eendr. Wervik A","K.R.C. Waregem A","Youssef Bouyfoulkitne","4","K. Eendr. Wervik A",false,false,false,"Loss",true,false,,true,72,72,0,0,0,0,0,0,,0,-1,0,1,0.5,0,0,0
"https://www.rbfa.be/nl/wedstrijd/7520947","K. Eendr. Wervik A","K.R.C. Waregem A","Denzel Van Fleteren","5","K.R.C. Waregem A",false,true,false,"Win",true,false,,false,,90,0,0,0,0,0,0,,1,1,1,0,,,,
"https://www.rbfa.be/nl/wedstrijd/7520947","K. Eendr. Wervik A","K.R.C. Waregem A","Neil Serbouh","6","K. Eendr. Wervik A",false,false,false,"Loss",true,false,,false,,90,0,0,0,0,0,0,,0,-1,0,1,,,,
"https://www.rbfa.be/nl/wedstrijd/7520947","K. Eendr. Wervik A","K.R.C. Waregem A","Jörg Roger Dutoit","7","K.R.C. Waregem A",false,false,false,"Win",true,false,,false,,90,1,0,0,1,0,0,,1,1,1,0,,,,
"https://www.rbfa.be/nl/wedstrijd/7520947","K. Eendr. Wervik A","K.R.C. Waregem A","Bilal El Houcine Belghaouar","7","K. Eendr. Wervik A",false,false,false,"Loss",true,false,,false,,90,0,0,0,0,0,0,,0,-1,0,1,,,,
"https://www.rbfa.be/nl/wedstrijd/7520947","K. Eendr. Wervik A","K.R.C. Waregem A","Jarne Vanderpoorten","8","K.R.C. Waregem A",false,false,false,"Win",true,false,,false,,90,0,0,0,0,0,0,,1,1,1,0,,,,
"https://www.rbfa.be/nl/wedstrijd/7520947","K. Eendr. Wervik A","K.R.C. Waregem A","Emiel Stevens","8","K. Eendr. Wervik A",false,true,false,"Loss",true,false,,false,,90,0,0,0,0,0,0,,0,-1,0,1,,,,
"https://www.rbfa.be/nl/wedstrijd/7520947","K. Eendr. Wervik A","K.R.C. Waregem A","Simon Vandenabeele","9","K.R.C. Waregem A",false,false,false,"Win",true,false,,true,35,35,0,0,0,0,0,0,,0.5,0,0,0,1,1,1,0
"https://www.rbfa.be/nl/wedstrijd/7520947","K. Eendr. Wervik A","K.R.C. Waregem A","Abdoul Salam Sow","15","K. Eendr. Wervik A",false,false,false,"Loss",true,false,,true,72,72,0,0,0,0,0,0,,0,-1,0,1,0.5,0,0,0
"https://www.rbfa.be/nl/wedstrijd/7520947","K. Eendr. Wervik A","K.R.C. Waregem A","Robbe Debue","11","K.R.C. Waregem A",false,false,false,"Win",true,false,,true,61,61,0,0,0,0,0,0,,1,1,1,0,0.5,0,0,0
"https://www.rbfa.be/nl/wedstrijd/7520947","K. Eendr. Wervik A","K.R.C. Waregem A","Arthur Crombez","17","K. Eendr. Wervik A",false,false,false,"Loss",true,false,,false,,90,0,0,0,0,0,0,,0,-1,0,1,,,,
"https://www.rbfa.be/nl/wedstrijd/7520947","K. Eendr. Wervik A","K.R.C. Waregem A","Tjardo Vanderghinste","14","K.R.C. Waregem A",false,false,false,"Win",true,false,,true,79,79,0,0,0,0,0,0,,1,1,1,0,0.5,0,0,0
"https://www.rbfa.be/nl/wedstrijd/7520947","K. Eendr. Wervik A","K.R.C. Waregem A","Yanis Gaci","20","K. Eendr. Wervik A",false,false,false,"Loss",true,false,,true,60,60,0,0,0,0,0,0,,0,-1,0,1,0.5,0,0,0
"https://www.rbfa.be/nl/wedstrijd/7520947","K. Eendr. Wervik A","K.R.C. Waregem A","Emiel Delmulle","20","K.R.C. Waregem A",false,false,false,"Win",true,false,,true,61,61,0,0,0,0,0,0,,1,1,1,0,0.5,0,0,0
"https://www.rbfa.be/nl/wedstrijd/7520947","K. Eendr. Wervik A","K.R.C. Waregem A","Geoffrey Coppin","22","K. Eendr. Wervik A",false,false,false,"Loss",true,false,,false,,90,0,0,0,0,0,0,,0,-1,0,1,,,,
"https://www.rbfa.be/nl/wedstrijd/7520947","K. Eendr. Wervik A","K.R.C. Waregem A","Arnaut Devenyns","21","K.R.C. Waregem A",false,false,false,"Win",true,false,,false,,90,0,0,0,0,0,0,,1,1,1,0,,,,
"https://www.rbfa.be/nl/wedstrijd/7520947","K. Eendr. Wervik A","K.R.C. Waregem A","Maxim Driessens","24","K. Eendr. Wervik A",true,false,false,"Loss",false,false,,false,,0,0,0,0,0,0,0,,,,,,0.5,0,0,0
"https://www.rbfa.be/nl/wedstrijd/7520947","K. Eendr. Wervik A","K.R.C. Waregem A","Siebe Derycke","13","K.R.C. Waregem A",true,false,false,"Win",false,false,,false,,0,0,0,0,0,0,0,,,,,,0.5,0,0,0
"https://www.rbfa.be/nl/wedstrijd/7520947","K. Eendr. Wervik A","K.R.C. Waregem A","Jonathan Harrang","5","K. Eendr. Wervik A",false,false,false,"Loss",false,true,72,false,,18,0,0,0,0,0,0,,0.5,0,0,0,0,-1,0,1
"https://www.rbfa.be/nl/wedstrijd/7520947","K. Eendr. Wervik A","K.R.C. Waregem A","Thibeau Waeye","10","K.R.C. Waregem A",false,false,false,"Win",false,true,61,false,,29,0,0,0,0,0,0,,0.5,0,0,0,1,1,1,0
"https://www.rbfa.be/nl/wedstrijd/7520947","K. Eendr. Wervik A","K.R.C. Waregem A","Adil Haci","11","K. Eendr. Wervik A",false,false,false,"Loss",false,true,72,false,,18,0,0,0,0,0,0,,0.5,0,0,0,0,-1,0,1
"https://www.rbfa.be/nl/wedstrijd/7520947","K. Eendr. Wervik A","K.R.C. Waregem A","Kengi Callens","12","K.R.C. Waregem A",false,false,false,"Win",false,true,79,false,,11,0,0,0,1,0,0,,0.5,0,0,0,1,1,1,0
"https://www.rbfa.be/nl/wedstrijd/7520947","K. Eendr. Wervik A","K.R.C. Waregem A","Kamal Diaz Jlal","14","K. Eendr. Wervik A",false,false,false,"Loss",false,true,60,false,,30,0,0,0,0,0,0,,0.5,0,0,0,0,-1,0,1
"https://www.rbfa.be/nl/wedstrijd/7520947","K. Eendr. Wervik A","K.R.C. Waregem A","Matteo Dujardin","17","K.R.C. Waregem A",false,false,false,"Win",false,true,35,false,,55,0,0,0,0,0,0,,1,1,1,0,0.5,0,0,0
"https://www.rbfa.be/nl/wedstrijd/7520947","K. Eendr. Wervik A","K.R.C. Waregem A","Bilal Al Ghami","31","K. Eendr. Wervik A",false,false,false,"Loss",false,false,,false,,0,0,0,0,0,0,0,,,,,,0.5,0,0,0
"https://www.rbfa.be/nl/wedstrijd/7520947","K. Eendr. Wervik A","K.R.C. Waregem A","Mathis Lievens","19","K.R.C. Waregem A",false,false,false,"Win",false,true,61,false,,29,0,0,0,0,0,0,,0.5,0,0,0,1,1,1,0
"https://www.rbfa.be/nl/wedstrijd/7520948","FC Sp. Heestert A","K. FC Marke A","Tom Thieren","1","FC Sp. Heestert A",true,true,false,"Loss",true,false,,false,,90,0,0,0,0,0,0,,0,-4,0,4,,,,
"https://www.rbfa.be/nl/wedstrijd/7520948","FC Sp. Heestert A","K. FC Marke A","Anthony Degrendel","26","K. FC Marke A",true,false,true,"Win",true,false,,true,86,86,0,0,0,0,0,0,,1,4,4,0,0.5,0,0,0
"https://www.rbfa.be/nl/wedstrijd/7520948","FC Sp. Heestert A","K. FC Marke A","Mauro Mercher","5","FC Sp. Heestert A",false,false,false,"Loss",true,false,,false,,90,0,0,0,0,0,0,,0,-4,0,4,,,,
"https://www.rbfa.be/nl/wedstrijd/7520948","FC Sp. Heestert A","K. FC Marke A","Simon Van Lierde","3","K. FC Marke A",false,false,false,"Win",true,false,,false,,90,0,0,0,0,0,0,,1,4,4,0,,,,
"https://www.rbfa.be/nl/wedstrijd/7520948","FC Sp. Heestert A","K. FC Marke A","Nicolas Gheeraert","6","FC Sp. Heestert A",false,false,false,"Loss",true,false,,false,,90,0,0,0,0,0,0,,0,-4,0,4,,,,
"https://www.rbfa.be/nl/wedstrijd/7520948","FC Sp. Heestert A","K. FC Marke A","Lander Denduyver","6","K. FC Marke A",false,false,false,"Win",true,false,,true,77,77,0,0,0,1,0,0,,1,4,4,0,0.5,0,0,0
"https://www.rbfa.be/nl/wedstrijd/7520948","FC Sp. Heestert A","K. FC Marke A","Aristote Madiani","7","FC Sp. Heestert A",false,false,false,"Loss",true,false,,true,68,68,0,0,0,0,0,0,,0,-4,0,4,0.5,0,0,0
"https://www.rbfa.be/nl/wedstrijd/7520948","FC Sp. Heestert A","K. FC Marke A","Arne Naessens","8","K. FC Marke A",false,true,false,"Win",true,false,,true,86,86,0,0,0,0,0,0,,1,4,4,0,0.5,0,0,0
"https://www.rbfa.be/nl/wedstrijd/7520948","FC Sp. Heestert A","K. FC Marke A","Imad Zmimer","9","FC Sp. Heestert A",false,false,false,"Loss",true,false,,true,68,68,0,0,0,0,0,0,,0,-4,0,4,0.5,0,0,0
"https://www.rbfa.be/nl/wedstrijd/7520948","FC Sp. Heestert A","K. FC Marke A","Jelle Duthoo","9","K. FC Marke A",false,false,false,"Win",true,false,,false,,90,0,0,0,0,0,0,,1,4,4,0,,,,
"https://www.rbfa.be/nl/wedstrijd/7520948","FC Sp. Heestert A","K. FC Marke A","Jeremy Guido Brogniez","10","FC Sp. Heestert A",false,false,false,"Loss",true,false,,true,80,80,0,0,0,1,0,0,,0,-4,0,4,0.5,0,0,0
"https://www.rbfa.be/nl/wedstrijd/7520948","FC Sp. Heestert A","K. FC Marke A","Thomas Menghis","10","K. FC Marke A",false,false,false,"Win",true,false,,false,,90,1,0,0,0,0,0,,1,4,4,0,,,,
"https://www.rbfa.be/nl/wedstrijd/7520948","FC Sp. Heestert A","K. FC Marke A","Aaron Balcaen","11","FC Sp. Heestert A",false,false,false,"Loss",true,false,,false,,90,0,0,0,0,0,0,,0,-4,0,4,,,,
"https://www.rbfa.be/nl/wedstrijd/7520948","FC Sp. Heestert A","K. FC Marke A","Bob Desmet","11","K. FC Marke A",false,false,false,"Win",true,false,,true,68,68,0,0,0,0,0,0,,1,4,4,0,0.5,0,0,0
"https://www.rbfa.be/nl/wedstrijd/7520948","FC Sp. Heestert A","K. FC Marke A","Dylan David Bourquin","16","FC Sp. Heestert A",false,false,false,"Loss",true,false,,false,,90,0,0,0,1,0,0,,0,-4,0,4,,,,
"https://www.rbfa.be/nl/wedstrijd/7520948","FC Sp. Heestert A","K. FC Marke A","Benjamin Bonte","17","K. FC Marke A",false,false,false,"Win",true,false,,false,,90,0,0,0,0,0,0,,1,4,4,0,,,,
"https://www.rbfa.be/nl/wedstrijd/7520948","FC Sp. Heestert A","K. FC Marke A","Mattice Bekaert","17","FC Sp. Heestert A",false,false,false,"Loss",true,false,,false,,90,0,0,0,0,0,0,,0,-4,0,4,,,,
"https://www.rbfa.be/nl/wedstrijd/7520948","FC Sp. Heestert A","K. FC Marke A","Emile Vanluchene","18","K. FC Marke A",false,false,false,"Win",true,false,,true,77,77,0,0,0,0,0,0,,1,4,4,0,0.5,0,0,0
"https://www.rbfa.be/nl/wedstrijd/7520948","FC Sp. Heestert A","K. FC Marke A","Adrien Michel Hermant","18","FC Sp. Heestert A",false,false,false,"Loss",true,false,,false,,90,0,0,0,0,0,0,,0,-4,0,4,,,,
"https://www.rbfa.be/nl/wedstrijd/7520948","FC Sp. Heestert A","K. FC Marke A","Thibault Trioen","19","K. FC Marke A",false,false,false,"Win",true,false,,false,,90,2,0,0,0,0,0,,1,4,4,0,,,,
"https://www.rbfa.be/nl/wedstrijd/7520948","FC Sp. Heestert A","K. FC Marke A","Fries Legein","19","FC Sp. Heestert A",false,false,false,"Loss",true,false,,false,,90,0,0,0,0,0,0,,0,-4,0,4,,,,
"https://www.rbfa.be/nl/wedstrijd/7520948","FC Sp. Heestert A","K. FC Marke A","Jarne Wullaert","34","K. FC Marke A",false,false,false,"Win",true,false,,false,,90,1,0,0,0,0,0,,1,4,4,0,,,,
"https://www.rbfa.be/nl/wedstrijd/7520948","FC Sp. Heestert A","K. FC Marke A","Dré Acx","21","FC Sp. Heestert A",true,false,false,"Loss",false,false,,false,,0,0,0,0,0,0,0,,,,,,0.5,0,0,0
"https://www.rbfa.be/nl/wedstrijd/7520948","FC Sp. Heestert A","K. FC Marke A","Hannes Tieberghien","14","K. FC Marke A",false,false,false,"Win",false,true,68,false,,22,0,0,0,0,0,0,,0.5,0,0,0,1,4,4,0
"https://www.rbfa.be/nl/wedstrijd/7520948","FC Sp. Heestert A","K. FC Marke A","Lenny Rassalle","8","FC Sp. Heestert A",false,false,false,"Loss",false,true,68,false,,22,0,0,0,0,0,0,,0.5,0,0,0,0,-4,0,4
"https://www.rbfa.be/nl/wedstrijd/7520948","FC Sp. Heestert A","K. FC Marke A","Michiel Tieberghien","22","K. FC Marke A",false,false,false,"Win",false,true,86,false,,4,0,0,0,0,0,0,,0.5,0,0,0,1,4,4,0
"https://www.rbfa.be/nl/wedstrijd/7520948","FC Sp. Heestert A","K. FC Marke A","Louis Callewier","12","FC Sp. Heestert A",false,false,false,"Loss",false,false,,false,,0,0,0,0,0,0,0,,,,,,0.5,0,0,0
"https://www.rbfa.be/nl/wedstrijd/7520948","FC Sp. Heestert A","K. FC Marke A","Noé Dirk Rogard","23","K. FC Marke A",false,false,false,"Win",false,true,86,false,,4,0,0,0,0,0,0,,0.5,0,0,0,1,4,4,0
"https://www.rbfa.be/nl/wedstrijd/7520948","FC Sp. Heestert A","K. FC Marke A","Dries Loosveldt","15","FC Sp. Heestert A",false,false,false,"Loss",false,true,80,false,,10,0,0,0,1,0,0,,0.5,0,0,0,0,-4,0,4
"https://www.rbfa.be/nl/wedstrijd/7520948","FC Sp. Heestert A","K. FC Marke A","Jannis Bourgeois","24","K. FC Marke A",false,false,false,"Win",false,true,77,false,,13,0,0,0,0,0,0,,0.5,0,0,0,1,4,4,0
"https://www.rbfa.be/nl/wedstrijd/7520948","FC Sp. Heestert A","K. FC Marke A","Yanis Khefif","22","FC Sp. Heestert A",false,false,false,"Loss",false,true,68,false,,22,0,0,0,0,0,0,,0.5,0,0,0,0,-4,0,4
"https://www.rbfa.be/nl/wedstrijd/7520948","FC Sp. Heestert A","K. FC Marke A","Amaury Demuynck","73","K. FC Marke A",false,false,false,"Win",false,true,77,false,,13,0,0,0,0,0,0,,0.5,0,0,0,1,4,4,0
"https://www.rbfa.be/nl/wedstrijd/7520949","K. SV Veurne A","K. SK Beveren-Leie A","Wout Vandendriessche","54","K. SV Veurne A",true,false,true,"Win",true,false,,false,,90,0,0,0,0,0,0,,1,7,7,0,,,,
"https://www.rbfa.be/nl/wedstrijd/7520949","K. SV Veurne A","K. SK Beveren-Leie A","Benoit Degruyter","1","K. SK Beveren-Leie A",true,true,false,"Loss",true,false,,true,53,53,0,0,0,0,0,0,,0,-5,0,5,0,-2,0,2
"https://www.rbfa.be/nl/wedstrijd/7520949","K. SV Veurne A","K. SK Beveren-Leie A","Pieter Dedrie","3","K. SV Veurne A",false,false,false,"Win",true,false,,false,,90,0,0,0,0,0,0,,1,7,7,0,,,,
"https://www.rbfa.be/nl/wedstrijd/7520949","K. SV Veurne A","K. SK Beveren-Leie A","Cyriel Vandenabeele","3","K. SK Beveren-Leie A",false,false,false,"Loss",true,false,,true,82,82,0,0,0,0,0,0,,0,-7,0,7,0.5,0,0,0
"https://www.rbfa.be/nl/wedstrijd/7520949","K. SV Veurne A","K. SK Beveren-Leie A","Gianni Jooris","7","K. SV Veurne A",false,false,false,"Win",true,false,,true,59,59,0,0,0,0,0,0,,1,6,6,0,1,1,1,0
"https://www.rbfa.be/nl/wedstrijd/7520949","K. SV Veurne A","K. SK Beveren-Leie A","Len De Smet","4","K. SK Beveren-Leie A",false,false,false,"Loss",true,false,,false,,90,0,0,0,0,0,0,,0,-7,0,7,,,,
"https://www.rbfa.be/nl/wedstrijd/7520949","K. SV Veurne A","K. SK Beveren-Leie A","Jordy Bardyn","8","K. SV Veurne A",false,false,false,"Win",true,false,,true,59,59,1,0,0,0,0,0,,1,6,6,0,1,1,1,0
"https://www.rbfa.be/nl/wedstrijd/7520949","K. SV Veurne A","K. SK Beveren-Leie A","Yani Desmet","10","K. SK Beveren-Leie A",false,false,false,"Loss",true,false,,false,,90,0,0,0,0,0,0,,0,-7,0,7,,,,
"https://www.rbfa.be/nl/wedstrijd/7520949","K. SV Veurne A","K. SK Beveren-Leie A","Dayne Clarebout","9","K. SV Veurne A",false,false,false,"Win",true,false,,false,,90,1,0,0,0,0,0,,1,7,7,0,,,,
"https://www.rbfa.be/nl/wedstrijd/7520949","K. SV Veurne A","K. SK Beveren-Leie A","Ilyas Akhandaf","11","K. SK Beveren-Leie A",false,false,false,"Loss",true,false,,false,,90,0,0,0,0,0,0,,0,-7,0,7,,,,
"https://www.rbfa.be/nl/wedstrijd/7520949","K. SV Veurne A","K. SK Beveren-Leie A","Luca Baekelandt","10","K. SV Veurne A",false,true,false,"Win",true,false,,false,,90,0,1,0,0,0,0,,1,7,7,0,,,,
"https://www.rbfa.be/nl/wedstrijd/7520949","K. SV Veurne A","K. SK Beveren-Leie A","Baptiste Vandoorne","12","K. SK Beveren-Leie A",false,false,false,"Loss",true,false,,true,56,56,0,0,0,0,0,0,,0,-6,0,6,0,-1,0,1
"https://www.rbfa.be/nl/wedstrijd/7520949","K. SV Veurne A","K. SK Beveren-Leie A","Dante Blanckaert","17","K. SV Veurne A",false,false,false,"Win",true,false,,false,,90,1,0,0,0,0,0,,1,7,7,0,,,,
"https://www.rbfa.be/nl/wedstrijd/7520949","K. SV Veurne A","K. SK Beveren-Leie A","Rimas Vande Vyver","13","K. SK Beveren-Leie A",false,false,false,"Loss",true,false,,false,,90,0,0,0,0,0,0,,0,-7,0,7,,,,
"https://www.rbfa.be/nl/wedstrijd/7520949","K. SV Veurne A","K. SK Beveren-Leie A","Bart Winnock","21","K. SV Veurne A",false,false,false,"Win",true,false,,false,,90,0,0,0,0,0,0,,1,7,7,0,,,,
"https://www.rbfa.be/nl/wedstrijd/7520949","K. SV Veurne A","K. SK Beveren-Leie A","Bryan Khetta","14","K. SK Beveren-Leie A",false,false,false,"Loss",true,false,,false,,90,0,0,0,0,0,0,,0,-7,0,7,,,,
"https://www.rbfa.be/nl/wedstrijd/7520949","K. SV Veurne A","K. SK Beveren-Leie A","Kevin Chateau","22","K. SV Veurne A",false,false,false,"Win",true,false,,true,65,65,2,0,0,0,0,0,,1,6,6,0,1,1,1,0
"https://www.rbfa.be/nl/wedstrijd/7520949","K. SV Veurne A","K. SK Beveren-Leie A","Dario Wandels","16","K. SK Beveren-Leie A",false,false,false,"Loss",true,false,,false,,90,0,0,0,0,0,0,,0,-7,0,7,,,,
"https://www.rbfa.be/nl/wedstrijd/7520949","K. SV Veurne A","K. SK Beveren-Leie A","Kasper De Keyrel","24","K. SV Veurne A",false,false,false,"Win",true,false,,false,,90,0,0,0,0,0,0,,1,7,7,0,,,,
"https://www.rbfa.be/nl/wedstrijd/7520949","K. SV Veurne A","K. SK Beveren-Leie A","Alessandro Dujardin","18","K. SK Beveren-Leie A",false,false,false,"Loss",true,false,,false,,7,0,0,0,0,1,0,7,0.5,0,0,0,0,-7,0,7
"https://www.rbfa.be/nl/wedstrijd/7520949","K. SV Veurne A","K. SK Beveren-Leie A","Anouk Vanysacker","44","K. SV Veurne A",false,false,false,"Win",true,false,,true,65,65,0,0,0,0,0,0,,1,6,6,0,1,1,1,0
"https://www.rbfa.be/nl/wedstrijd/7520949","K. SV Veurne A","K. SK Beveren-Leie A","Gilles De Greve","19","K. SK Beveren-Leie A",false,false,false,"Loss",true,false,,false,,90,0,0,0,0,0,0,,0,-7,0,7,,,,
"https://www.rbfa.be/nl/wedstrijd/7520949","K. SV Veurne A","K. SK Beveren-Leie A","Thijs Hatse","5","K. SV Veurne A",false,false,false,"Win",false,true,65,false,,25,1,0,0,0,0,0,,1,1,1,0,1,6,6,0
"https://www.rbfa.be/nl/wedstrijd/7520949","K. SV Veurne A","K. SK Beveren-Leie A","Lex Vaneeckhoutte","20","K. SK Beveren-Leie A",true,false,false,"Loss",false,true,53,false,,37,0,0,0,0,0,0,,0,-3,0,3,0,-4,0,4
"https://www.rbfa.be/nl/wedstrijd/7520949","K. SV Veurne A","K. SK Beveren-Leie A","Axel Leeman","20","K. SV Veurne A",false,false,false,"Win",false,true,65,false,,25,0,0,0,0,0,0,,1,1,1,0,1,6,6,0
"https://www.rbfa.be/nl/wedstrijd/7520949","K. SV Veurne A","K. SK Beveren-Leie A","Bilal El Ouassif","5","K. SK Beveren-Leie A",false,false,false,"Loss",false,true,82,false,,8,0,0,0,0,0,0,,0.5,0,0,0,0,-7,0,7
"https://www.rbfa.be/nl/wedstrijd/7520949","K. SV Veurne A","K. SK Beveren-Leie A","Cis Goesaert","28","K. SV Veurne A",false,false,false,"Win",false,true,59,false,,31,0,0,0,0,0,0,,1,1,1,0,1,6,6,0
"https://www.rbfa.be/nl/wedstrijd/7520949","K. SV Veurne A","K. SK Beveren-Leie A","Alpha Mamoudou Sylla","7","K. SK Beveren-Leie A",false,false,false,"Loss",false,false,,false,,0,0,0,0,0,0,0,,,,,,0.5,0,0,0
"https://www.rbfa.be/nl/wedstrijd/7520949","K. SV Veurne A","K. SK Beveren-Leie A","Joppe Rathé","47","K. SV Veurne A",false,false,false,"Win",false,true,59,false,,31,0,0,0,0,0,0,,1,1,1,0,1,6,6,0
"https://www.rbfa.be/nl/wedstrijd/7520949","K. SV Veurne A","K. SK Beveren-Leie A","Mathis De Vreeze","17","K. SK Beveren-Leie A",false,false,false,"Loss",false,true,56,false,,34,0,0,0,0,0,0,,0,-2,0,2,0,-5,0,5
"https://www.rbfa.be/nl/wedstrijd/7520950","S.V. Wevelgem City A","SV Ingelmunster A","Jorgen Rogiers","1","S.V. Wevelgem City A",true,true,false,"Loss",true,false,,false,,90,0,0,0,1,0,0,,0,-1,0,1,,,,
"https://www.rbfa.be/nl/wedstrijd/7520950","S.V. Wevelgem City A","SV Ingelmunster A","Matthias Ghyselinck","22","SV Ingelmunster A",true,false,true,"Win",true,false,,false,,90,0,0,0,0,0,0,,1,1,1,0,,,,
"https://www.rbfa.be/nl/wedstrijd/7520950","S.V. Wevelgem City A","SV Ingelmunster A","Gauthier Van De Geuchte","3","S.V. Wevelgem City A",false,false,false,"Loss",true,false,,false,,90,0,0,0,0,0,0,,0,-1,0,1,,,,
"https://www.rbfa.be/nl/wedstrijd/7520950","S.V. Wevelgem City A","SV Ingelmunster A","Christ Bruno Mbiakob","4","SV Ingelmunster A",false,false,false,"Win",true,false,,false,,90,0,0,0,0,0,0,,1,1,1,0,,,,
"https://www.rbfa.be/nl/wedstrijd/7520950","S.V. Wevelgem City A","SV Ingelmunster A","Gilles Hamers","5","S.V. Wevelgem City A",false,false,false,"Loss",true,false,,true,58,58,0,0,0,0,0,0,,0,-1,0,1,0.5,0,0,0
"https://www.rbfa.be/nl/wedstrijd/7520950","S.V. Wevelgem City A","SV Ingelmunster A","Henry Van Parys","6","SV Ingelmunster A",false,false,false,"Win",true,false,,false,,90,0,0,0,0,0,0,,1,1,1,0,,,,
"https://www.rbfa.be/nl/wedstrijd/7520950","S.V. Wevelgem City A","SV Ingelmunster A","Jordy Beirlaen","7","S.V. Wevelgem City A",false,false,false,"Loss",true,false,,false,,90,0,0,0,1,0,0,,0,-1,0,1,,,,
"https://www.rbfa.be/nl/wedstrijd/7520950","S.V. Wevelgem City A","SV Ingelmunster A","Remco Kentie","7","SV Ingelmunster A",false,false,false,"Win",true,false,,false,,90,0,0,0,0,0,0,,1,1,1,0,,,,
"https://www.rbfa.be/nl/wedstrijd/7520950","S.V. Wevelgem City A","SV Ingelmunster A","Jasper Noël Beyens","9","S.V. Wevelgem City A",false,false,false,"Loss",true,false,,false,,90,0,0,0,0,0,0,,0,-1,0,1,,,,
"https://www.rbfa.be/nl/wedstrijd/7520950","S.V. Wevelgem City A","SV Ingelmunster A","Alexandre Vandemaele","9","SV Ingelmunster A",false,false,false,"Win",true,false,,true,87,87,0,0,0,0,0,0,,1,1,1,0,0.5,0,0,0
"https://www.rbfa.be/nl/wedstrijd/7520950","S.V. Wevelgem City A","SV Ingelmunster A","Thibau Laevens","10","S.V. Wevelgem City A",false,false,false,"Loss",true,false,,false,,90,0,0,0,0,0,0,,0,-1,0,1,,,,
"https://www.rbfa.be/nl/wedstrijd/7520950","S.V. Wevelgem City A","SV Ingelmunster A","Michiel Hanssens","12","SV Ingelmunster A",false,false,false,"Win",true,false,,false,,90,0,0,0,0,0,0,,1,1,1,0,,,,
"https://www.rbfa.be/nl/wedstrijd/7520950","S.V. Wevelgem City A","SV Ingelmunster A","Marc Couckuyt","14","S.V. Wevelgem City A",false,false,false,"Loss",true,false,,false,,90,0,0,0,0,0,0,,0,-1,0,1,,,,
"https://www.rbfa.be/nl/wedstrijd/7520950","S.V. Wevelgem City A","SV Ingelmunster A","Yoric Volckaert","14","SV Ingelmunster A",false,true,false,"Win",true,false,,false,,90,0,0,0,0,0,0,,1,1,1,0,,,,
"https://www.rbfa.be/nl/wedstrijd/7520950","S.V. Wevelgem City A","SV Ingelmunster A","Gilles Bouckaert","17","S.V. Wevelgem City A",false,false,false,"Loss",true,false,,false,,90,0,0,0,0,0,0,,0,-1,0,1,,,,
"https://www.rbfa.be/nl/wedstrijd/7520950","S.V. Wevelgem City A","SV Ingelmunster A","Vedran Verheule","15","SV Ingelmunster A",false,false,false,"Win",true,false,,false,,90,1,0,0,0,0,0,,1,1,1,0,,,,
"https://www.rbfa.be/nl/wedstrijd/7520950","S.V. Wevelgem City A","SV Ingelmunster A","Robbe Dekiere","18","S.V. Wevelgem City A",false,false,false,"Loss",true,false,,true,58,58,0,0,0,0,0,0,,0,-1,0,1,0.5,0,0,0
"https://www.rbfa.be/nl/wedstrijd/7520950","S.V. Wevelgem City A","SV Ingelmunster A","Jean-Louis Vyaene","16","SV Ingelmunster A",false,false,false,"Win",true,false,,false,,90,0,0,0,0,0,0,,1,1,1,0,,,,
"https://www.rbfa.be/nl/wedstrijd/7520950","S.V. Wevelgem City A","SV Ingelmunster A","Maxime Cottignie","19","S.V. Wevelgem City A",false,false,false,"Loss",true,false,,false,,90,0,0,0,0,0,0,,0,-1,0,1,,,,
"https://www.rbfa.be/nl/wedstrijd/7520950","S.V. Wevelgem City A","SV Ingelmunster A","Simon Vanmarcke","17","SV Ingelmunster A",false,false,false,"Win",true,false,,false,,90,0,0,0,1,0,0,,1,1,1,0,,,,
"https://www.rbfa.be/nl/wedstrijd/7520950","S.V. Wevelgem City A","SV Ingelmunster A","Mehdi Oumedjeber","20","S.V. Wevelgem City A",false,false,false,"Loss",true,false,,false,,90,0,0,0,0,0,0,,0,-1,0,1,,,,
"https://www.rbfa.be/nl/wedstrijd/7520950","S.V. Wevelgem City A","SV Ingelmunster A","Dylan Seys","24","SV Ingelmunster A",false,false,false,"Win",true,false,,true,58,58,0,0,0,0,0,0,,1,1,1,0,0.5,0,0,0
"https://www.rbfa.be/nl/wedstrijd/7520950","S.V. Wevelgem City A","SV Ingelmunster A","Anton Masselis","24","S.V. Wevelgem City A",true,false,false,"Loss",false,false,,false,,0,0,0,0,0,0,0,,,,,,0.5,0,0,0
"https://www.rbfa.be/nl/wedstrijd/7520950","S.V. Wevelgem City A","SV Ingelmunster A","Lowie Van Renterghem","1","SV Ingelmunster A",true,false,false,"Win",false,false,,false,,0,0,0,0,0,0,0,,,,,,0.5,0,0,0
"https://www.rbfa.be/nl/wedstrijd/7520950","S.V. Wevelgem City A","SV Ingelmunster A","Jens Couckuyt","15","S.V. Wevelgem City A",false,false,false,"Loss",false,false,,false,,0,0,0,0,0,0,0,,,,,,0.5,0,0,0
"https://www.rbfa.be/nl/wedstrijd/7520950","S.V. Wevelgem City A","SV Ingelmunster A","Tibo Vandendriessche","8","SV Ingelmunster A",false,false,false,"Win",false,true,87,false,,3,0,0,0,0,0,0,,0.5,0,0,0,1,1,1,0
"https://www.rbfa.be/nl/wedstrijd/7520950","S.V. Wevelgem City A","SV Ingelmunster A","Tibo Margo","16","S.V. Wevelgem City A",false,false,false,"Loss",false,true,58,false,,32,0,0,0,0,0,0,,0.5,0,0,0,0,-1,0,1
"https://www.rbfa.be/nl/wedstrijd/7520950","S.V. Wevelgem City A","SV Ingelmunster A","Xander Vankeirsbilck","10","SV Ingelmunster A",false,false,false,"Win",false,true,58,false,,32,0,0,0,0,0,0,,0.5,0,0,0,1,1,1,0
"https://www.rbfa.be/nl/wedstrijd/7520950","S.V. Wevelgem City A","SV Ingelmunster A","Raf Vanhuylebrouck","21","S.V. Wevelgem City A",false,false,false,"Loss",false,false,,false,,0,0,0,0,0,0,0,,,,,,0.5,0,0,0
"https://www.rbfa.be/nl/wedstrijd/7520950","S.V. Wevelgem City A","SV Ingelmunster A","Andres Baert","18","SV Ingelmunster A",false,false,false,"Win",false,false,,false,,0,0,0,0,0,0,0,,,,,,0.5,0,0,0
"https://www.rbfa.be/nl/wedstrijd/7520950","S.V. Wevelgem City A","SV Ingelmunster A","Said Hafidh Khatib","22","S.V. Wevelgem City A",false,false,false,"Loss",false,true,58,false,,32,0,0,0,0,0,0,,0.5,0,0,0,0,-1,0,1
"https://www.rbfa.be/nl/wedstrijd/7520950","S.V. Wevelgem City A","SV Ingelmunster A","Luca Handsaeme","20","SV Ingelmunster A",false,false,false,"Win",false,false,,false,,0,0,0,0,0,0,0,,,,,,0.5,0,0,0
"https://www.rbfa.be/nl/wedstrijd/7520951","K. FC Varsenare A","K.S.C. Wielsbeke","Sebastien Cattoor","48","K. FC Varsenare A",true,false,false,"Draw",true,false,,false,,90,0,0,1,0,0,0,,0.5,0,1,1,,,,
"https://www.rbfa.be/nl/wedstrijd/7520951","K. FC Varsenare A","K.S.C. Wielsbeke","Matisse De Groote","22","K.S.C. Wielsbeke",true,false,false,"Draw",true,false,,false,,90,0,0,0,0,0,0,,0.5,0,1,1,,,,
"https://www.rbfa.be/nl/wedstrijd/7520951","K. FC Varsenare A","K.S.C. Wielsbeke","Matteo Compernolle","5","K. FC Varsenare A",false,false,false,"Draw",true,false,,true,75,75,0,0,0,0,0,0,,0,-1,0,1,1,1,1,0
"https://www.rbfa.be/nl/wedstrijd/7520951","K. FC Varsenare A","K.S.C. Wielsbeke","Dries Wysselinck","4","K.S.C. Wielsbeke",false,false,false,"Draw",true,false,,false,,90,0,0,0,0,0,0,,0.5,0,1,1,,,,
"https://www.rbfa.be/nl/wedstrijd/7520951","K. FC Varsenare A","K.S.C. Wielsbeke","Olivier Delcampe","7","K. FC Varsenare A",false,true,false,"Draw",true,false,,false,,90,0,0,0,1,0,0,,0.5,0,1,1,,,,
"https://www.rbfa.be/nl/wedstrijd/7520951","K. FC Varsenare A","K.S.C. Wielsbeke","Kenneth Deryckere","6","K.S.C. Wielsbeke",false,false,false,"Draw",true,false,,false,,90,0,0,0,0,0,0,,0.5,0,1,1,,,,
"https://www.rbfa.be/nl/wedstrijd/7520951","K. FC Varsenare A","K.S.C. Wielsbeke","Jari Van De Maele","9","K. FC Varsenare A",false,false,false,"Draw",true,false,,false,,90,0,0,0,0,0,0,,0.5,0,1,1,,,,
"https://www.rbfa.be/nl/wedstrijd/7520951","K. FC Varsenare A","K.S.C. Wielsbeke","Rune Jacques Vandenborre","8","K.S.C. Wielsbeke",false,false,false,"Draw",true,false,,true,75,75,0,0,0,0,0,0,,1,1,1,0,0,-1,0,1
"https://www.rbfa.be/nl/wedstrijd/7520951","K. FC Varsenare A","K.S.C. Wielsbeke","Milan Van De Maele","10","K. FC Varsenare A",false,false,false,"Draw",true,false,,true,75,75,0,0,0,0,0,0,,0,-1,0,1,1,1,1,0
"https://www.rbfa.be/nl/wedstrijd/7520951","K. FC Varsenare A","K.S.C. Wielsbeke","Seppe Jeroen Lecour","9","K.S.C. Wielsbeke",false,false,false,"Draw",true,false,,true,85,85,0,0,0,0,0,0,,1,1,1,0,0,-1,0,1
"https://www.rbfa.be/nl/wedstrijd/7520951","K. FC Varsenare A","K.S.C. Wielsbeke","Rune Vandamme-Vinckier","13","K. FC Varsenare A",false,false,false,"Draw",true,false,,false,,90,0,0,0,0,0,0,,0.5,0,1,1,,,,
"https://www.rbfa.be/nl/wedstrijd/7520951","K. FC Varsenare A","K.S.C. Wielsbeke","Jonathan Verstraete","11","K.S.C. Wielsbeke",false,true,false,"Draw",true,false,,false,,90,0,0,0,0,0,0,,0.5,0,1,1,,,,
"https://www.rbfa.be/nl/wedstrijd/7520951","K. FC Varsenare A","K.S.C. Wielsbeke","Gaëtan Deschepper","17","K. FC Varsenare A",false,false,false,"Draw",true,false,,false,,90,0,0,0,0,0,0,,0.5,0,1,1,,,,
"https://www.rbfa.be/nl/wedstrijd/7520951","K. FC Varsenare A","K.S.C. Wielsbeke","Senne Van Thuyne","12","K.S.C. Wielsbeke",false,false,false,"Draw",true,false,,false,,90,0,0,0,0,0,0,,0.5,0,1,1,,,,
"https://www.rbfa.be/nl/wedstrijd/7520951","K. FC Varsenare A","K.S.C. Wielsbeke","Ilko Kesteleyn","22","K. FC Varsenare A",false,false,false,"Draw",true,false,,true,85,85,0,0,0,0,0,0,,0,-1,0,1,1,1,1,0
"https://www.rbfa.be/nl/wedstrijd/7520951","K. FC Varsenare A","K.S.C. Wielsbeke","Loris D'Haene","14","K.S.C. Wielsbeke",false,false,false,"Draw",true,false,,false,,90,0,0,0,0,0,0,,0.5,0,1,1,,,,
"https://www.rbfa.be/nl/wedstrijd/7520951","K. FC Varsenare A","K.S.C. Wielsbeke","Timon Bogaert","23","K. FC Varsenare A",false,false,false,"Draw",true,false,,false,,90,0,0,0,0,0,0,,0.5,0,1,1,,,,
"https://www.rbfa.be/nl/wedstrijd/7520951","K. FC Varsenare A","K.S.C. Wielsbeke","Charles Noppe","18","K.S.C. Wielsbeke",false,false,false,"Draw",true,false,,true,42,42,0,0,0,0,0,0,,0.5,0,0,0,0.5,0,1,1
"https://www.rbfa.be/nl/wedstrijd/7520951","K. FC Varsenare A","K.S.C. Wielsbeke","Bavo Butaye","24","K. FC Varsenare A",false,false,false,"Draw",true,false,,true,75,75,0,0,0,0,0,0,,0,-1,0,1,1,1,1,0
"https://www.rbfa.be/nl/wedstrijd/7520951","K. FC Varsenare A","K.S.C. Wielsbeke","Berre De Smet","44","K.S.C. Wielsbeke",false,false,false,"Draw",true,false,,false,,90,0,0,0,0,0,0,,0.5,0,1,1,,,,
"https://www.rbfa.be/nl/wedstrijd/7520951","K. FC Varsenare A","K.S.C. Wielsbeke","Andreas De Kerpel","31","K. FC Varsenare A",false,false,false,"Draw",true,false,,false,,90,0,0,0,0,0,0,,0.5,0,1,1,,,,
"https://www.rbfa.be/nl/wedstrijd/7520951","K. FC Varsenare A","K.S.C. Wielsbeke","Ian Maes","65","K.S.C. Wielsbeke",false,false,false,"Draw",true,false,,false,,90,0,0,0,0,0,0,,0.5,0,1,1,,,,
"https://www.rbfa.be/nl/wedstrijd/7520951","K. FC Varsenare A","K.S.C. Wielsbeke","Kasper Van Leirsberghe","83","K. FC Varsenare A",true,false,false,"Draw",false,false,,false,,0,0,0,0,0,0,0,,,,,,0.5,0,0,0
"https://www.rbfa.be/nl/wedstrijd/7520951","K. FC Varsenare A","K.S.C. Wielsbeke","Vic Callens","13","K.S.C. Wielsbeke",true,false,false,"Draw",false,false,,false,,0,0,0,0,0,0,0,,,,,,0.5,0,0,0
"https://www.rbfa.be/nl/wedstrijd/7520951","K. FC Varsenare A","K.S.C. Wielsbeke","Jules Colpaert","3","K. FC Varsenare A",false,false,false,"Draw",false,true,85,false,,5,0,0,0,1,0,0,,1,1,1,0,0,-1,0,1
"https://www.rbfa.be/nl/wedstrijd/7520951","K. FC Varsenare A","K.S.C. Wielsbeke","Thomas Coopman","7","K.S.C. Wielsbeke",false,false,false,"Draw",false,true,75,false,,15,0,0,0,0,0,0,,0,-1,0,1,1,1,1,0
"https://www.rbfa.be/nl/wedstrijd/7520951","K. FC Varsenare A","K.S.C. Wielsbeke","Brent Ooghe","6","K. FC Varsenare A",false,false,false,"Draw",false,true,75,false,,15,0,0,0,0,0,0,,1,1,1,0,0,-1,0,1
"https://www.rbfa.be/nl/wedstrijd/7520951","K. FC Varsenare A","K.S.C. Wielsbeke","Arne Beeuwsaert","15","K.S.C. Wielsbeke",false,false,false,"Draw",false,true,42,false,,48,0,0,0,0,0,0,,0.5,0,1,1,0.5,0,0,0
"https://www.rbfa.be/nl/wedstrijd/7520951","K. FC Varsenare A","K.S.C. Wielsbeke","Eleazar Osei-Berkoe","8","K. FC Varsenare A",false,false,false,"Draw",false,true,75,false,,15,0,0,0,0,0,0,,1,1,1,0,0,-1,0,1
"https://www.rbfa.be/nl/wedstrijd/7520951","K. FC Varsenare A","K.S.C. Wielsbeke","Gilles Van Maeldergem","16","K.S.C. Wielsbeke",false,false,false,"Draw",false,true,85,false,,5,0,0,0,0,0,0,,0,-1,0,1,1,1,1,0
"https://www.rbfa.be/nl/wedstrijd/7520951","K. FC Varsenare A","K.S.C. Wielsbeke","Kiron Beernaert","11","K. FC Varsenare A",false,false,false,"Draw",false,true,75,false,,15,1,0,0,0,0,0,,1,1,1,0,0,-1,0,1
"https://www.rbfa.be/nl/wedstrijd/7520952","K. VC Ardooie A","K. FC Heist A","Brent Callewaert","1","K. VC Ardooie A",true,true,false,"Win",true,false,,false,,90,0,0,0,0,0,0,,1,1,4,3,,,,
"https://www.rbfa.be/nl/wedstrijd/7520952","K. VC Ardooie A","K. FC Heist A","Miguel De Block","1","K. FC Heist A",true,false,false,"Loss",true,false,,false,,90,0,0,0,0,0,0,,0,-1,3,4,,,,
"https://www.rbfa.be/nl/wedstrijd/7520952","K. VC Ardooie A","K. FC Heist A","Achille Callens","4","K. VC Ardooie A",false,false,false,"Win",true,false,,false,,90,1,0,0,0,0,0,,1,1,4,3,,,,
"https://www.rbfa.be/nl/wedstrijd/7520952","K. VC Ardooie A","K. FC Heist A","Xander Timmerman","2","K. FC Heist A",false,false,false,"Loss",true,false,,false,,90,0,0,0,0,0,0,,0,-1,3,4,,,,
"https://www.rbfa.be/nl/wedstrijd/7520952","K. VC Ardooie A","K. FC Heist A","Maxim Ver Eecke","5","K. VC Ardooie A",false,false,false,"Win",true,false,,false,,90,0,0,0,0,0,0,,1,1,4,3,,,,
"https://www.rbfa.be/nl/wedstrijd/7520952","K. VC Ardooie A","K. FC Heist A","Thibo Gies","5","K. FC Heist A",false,false,false,"Loss",true,false,,true,61,61,0,0,0,0,0,0,,0,-3,0,3,1,2,3,1
"https://www.rbfa.be/nl/wedstrijd/7520952","K. VC Ardooie A","K. FC Heist A","Matisse Maelfait","6","K. VC Ardooie A",false,false,false,"Win",true,false,,false,,90,0,0,0,0,0,0,,1,1,4,3,,,,
"https://www.rbfa.be/nl/wedstrijd/7520952","K. VC Ardooie A","K. FC Heist A","Yoni Delporte","8","K. FC Heist A",false,true,false,"Loss",true,false,,false,,90,0,0,0,0,0,0,,0,-1,3,4,,,,
"https://www.rbfa.be/nl/wedstrijd/7520952","K. VC Ardooie A","K. FC Heist A","Edouard Holvoet","7","K. VC Ardooie A",false,false,false,"Win",true,false,,true,67,67,0,0,0,0,0,0,,1,2,3,1,0,-1,1,2
"https://www.rbfa.be/nl/wedstrijd/7520952","K. VC Ardooie A","K. FC Heist A","Tibo Andries","9","K. FC Heist A",false,false,false,"Loss",true,false,,false,,90,0,0,0,0,0,0,,0,-1,3,4,,,,
"https://www.rbfa.be/nl/wedstrijd/7520952","K. VC Ardooie A","K. FC Heist A","Giovanni Franco Simoês","8","K. VC Ardooie A",false,false,false,"Win",true,false,,true,4,4,0,0,0,0,0,0,,0.5,0,0,0,1,1,4,3
"https://www.rbfa.be/nl/wedstrijd/7520952","K. VC Ardooie A","K. FC Heist A","Brecht Timmerman","11","K. FC Heist A",false,false,false,"Loss",true,false,,true,76,76,0,0,0,0,0,0,,0.5,0,3,3,0,-1,0,1
"https://www.rbfa.be/nl/wedstrijd/7520952","K. VC Ardooie A","K. FC Heist A","Noah Dumortier","11","K. VC Ardooie A",false,false,false,"Win",true,false,,true,79,79,0,0,0,0,0,0,,0.5,0,3,3,1,1,1,0
"https://www.rbfa.be/nl/wedstrijd/7520952","K. VC Ardooie A","K. FC Heist A","Thomas Vuyts","13","K. FC Heist A",false,false,false,"Loss",true,false,,true,65,65,0,0,0,0,0,0,,0,-2,1,3,1,1,2,1
"https://www.rbfa.be/nl/wedstrijd/7520952","K. VC Ardooie A","K. FC Heist A","Brian Depondt","13","K. VC Ardooie A",false,false,false,"Win",true,false,,true,45,45,0,0,0,0,0,0,,1,1,1,0,0.5,0,3,3
"https://www.rbfa.be/nl/wedstrijd/7520952","K. VC Ardooie A","K. FC Heist A","Jarno Boone","15","K. FC Heist A",false,false,false,"Loss",true,false,,false,,90,0,0,0,0,0,0,,0,-1,3,4,,,,
"https://www.rbfa.be/nl/wedstrijd/7520952","K. VC Ardooie A","K. FC Heist A","Joran Lievrouw","15","K. VC Ardooie A",false,false,false,"Win",true,false,,true,67,67,0,0,0,0,0,0,,1,2,3,1,0,-1,1,2
"https://www.rbfa.be/nl/wedstrijd/7520952","K. VC Ardooie A","K. FC Heist A","Jan Claessens","22","K. FC Heist A",false,false,false,"Loss",true,false,,false,,90,0,0,0,0,0,0,,0,-1,3,4,,,,
"https://www.rbfa.be/nl/wedstrijd/7520952","K. VC Ardooie A","K. FC Heist A","Lennert Van De Putte","19","K. VC Ardooie A",false,false,false,"Win",true,false,,false,,90,1,0,0,0,0,0,,1,1,4,3,,,,
"https://www.rbfa.be/nl/wedstrijd/7520952","K. VC Ardooie A","K. FC Heist A","Quirino Raes","25","K. FC Heist A",false,false,false,"Loss",true,false,,true,61,61,0,0,0,0,0,0,,0,-3,0,3,1,2,3,1
"https://www.rbfa.be/nl/wedstrijd/7520952","K. VC Ardooie A","K. FC Heist A","Milan Rudy Deprest","22","K. VC Ardooie A",false,false,false,"Win",true,false,,false,,90,1,0,0,0,0,0,,1,1,4,3,,,,
"https://www.rbfa.be/nl/wedstrijd/7520952","K. VC Ardooie A","K. FC Heist A","Lenny Frank Buyl","29","K. FC Heist A",false,false,false,"Loss",true,false,,false,,90,1,0,0,0,0,0,,0,-1,3,4,,,,
"https://www.rbfa.be/nl/wedstrijd/7520952","K. VC Ardooie A","K. FC Heist A","Guillaume Tournicourt","3","K. VC Ardooie A",false,false,false,"Win",false,true,45,false,,45,0,0,0,0,0,0,,0.5,0,3,3,1,1,1,0
"https://www.rbfa.be/nl/wedstrijd/7520952","K. VC Ardooie A","K. FC Heist A","Diaz Denise Axelsson De Baets","4","K. FC Heist A",false,false,false,"Loss",false,true,76,false,,14,0,0,0,0,0,0,,0.5,0,1,1,0,-1,2,3
"https://www.rbfa.be/nl/wedstrijd/7520952","K. VC Ardooie A","K. FC Heist A","Aiden Lenihan","9","K. VC Ardooie A",false,false,false,"Win",false,true,67,false,,23,1,0,0,0,0,0,,0,-1,1,2,1,2,3,1
"https://www.rbfa.be/nl/wedstrijd/7520952","K. VC Ardooie A","K. FC Heist A","Kjell Delos","7","K. FC Heist A",false,false,false,"Loss",false,true,61,false,,29,0,0,0,0,0,0,,1,2,3,1,0,-3,0,3
"https://www.rbfa.be/nl/wedstrijd/7520952","K. VC Ardooie A","K. FC Heist A","Glenn Maddens","14","K. VC Ardooie A",false,false,false,"Win",false,true,4,false,,86,0,0,0,0,0,0,,1,1,4,3,0.5,0,0,0
"https://www.rbfa.be/nl/wedstrijd/7520952","K. VC Ardooie A","K. FC Heist A","Tenas Virgili","10","K. FC Heist A",false,false,false,"Loss",false,true,65,false,,25,2,0,0,0,0,0,,1,1,2,1,0,-2,1,3
"https://www.rbfa.be/nl/wedstrijd/7520952","K. VC Ardooie A","K. FC Heist A","Thimo Lerminez","16","K. VC Ardooie A",false,false,false,"Win",false,true,67,false,,23,0,0,0,0,0,0,,0,-1,1,2,1,2,3,1
"https://www.rbfa.be/nl/wedstrijd/7520952","K. VC Ardooie A","K. FC Heist A","Bruno Delhaye","14","K. FC Heist A",false,false,false,"Loss",false,true,61,false,,29,0,0,0,0,0,0,,1,2,3,1,0,-3,0,3
"https://www.rbfa.be/nl/wedstrijd/7520952","K. VC Ardooie A","K. FC Heist A","Gregory Hermans","28","K. VC Ardooie A",false,false,false,"Win",false,true,79,false,,11,0,0,0,0,0,0,,1,1,1,0,0.5,0,3,3
"https://www.rbfa.be/nl/wedstrijd/7520953","Club Roeselare","KFC Aalbeke Sport A","Gauthier Vandesteene","26","Club Roeselare",true,false,false,"Draw",true,false,,false,,90,0,0,0,0,0,0,,0.5,0,1,1,,,,
"https://www.rbfa.be/nl/wedstrijd/7520953","Club Roeselare","KFC Aalbeke Sport A","Thijs Debuyck","1","KFC Aalbeke Sport A",true,false,false,"Draw",true,false,,false,,90,0,0,0,0,0,0,,0.5,0,1,1,,,,
"https://www.rbfa.be/nl/wedstrijd/7520953","Club Roeselare","KFC Aalbeke Sport A","Arne Hélin","5","Club Roeselare",false,true,false,"Draw",true,false,,false,,90,0,0,0,0,0,0,,0.5,0,1,1,,,,
"https://www.rbfa.be/nl/wedstrijd/7520953","Club Roeselare","KFC Aalbeke Sport A","Lander Wyseur","3","KFC Aalbeke Sport A",false,false,false,"Draw",true,false,,false,,90,0,0,0,0,0,0,,0.5,0,1,1,,,,
"https://www.rbfa.be/nl/wedstrijd/7520953","Club Roeselare","KFC Aalbeke Sport A","Lauden Hugelier","6","Club Roeselare",false,false,false,"Draw",true,false,,false,,90,1,0,0,0,0,0,,0.5,0,1,1,,,,
"https://www.rbfa.be/nl/wedstrijd/7520953","Club Roeselare","KFC Aalbeke Sport A","Charles-Victor Otté","5","KFC Aalbeke Sport A",false,false,false,"Draw",true,false,,false,,90,0,0,0,0,0,0,,0.5,0,1,1,,,,
"https://www.rbfa.be/nl/wedstrijd/7520953","Club Roeselare","KFC Aalbeke Sport A","Bram Helin","7","Club Roeselare",false,false,false,"Draw",true,false,,false,,90,0,0,0,1,0,0,,0.5,0,1,1,,,,
"https://www.rbfa.be/nl/wedstrijd/7520953","Club Roeselare","KFC Aalbeke Sport A","Kevin Gallo","6","KFC Aalbeke Sport A",false,false,false,"Draw",true,false,,true,88,88,0,0,0,1,0,0,,1,1,1,0,0,-1,0,1
"https://www.rbfa.be/nl/wedstrijd/7520953","Club Roeselare","KFC Aalbeke Sport A","Yoran Deleu","8","Club Roeselare",false,false,false,"Draw",true,false,,false,,90,0,0,0,0,0,0,,0.5,0,1,1,,,,
"https://www.rbfa.be/nl/wedstrijd/7520953","Club Roeselare","KFC Aalbeke Sport A","Bjarne Vanderstraeten","7","KFC Aalbeke Sport A",false,false,false,"Draw",true,false,,false,,90,1,0,0,0,0,0,,0.5,0,1,1,,,,
"https://www.rbfa.be/nl/wedstrijd/7520953","Club Roeselare","KFC Aalbeke Sport A","Sam Vanhuyse","11","Club Roeselare",false,false,false,"Draw",true,false,,true,78,78,0,0,0,0,0,0,,0,-1,0,1,1,1,1,0
"https://www.rbfa.be/nl/wedstrijd/7520953","Club Roeselare","KFC Aalbeke Sport A","Amine Ahdach","8","KFC Aalbeke Sport A",false,false,false,"Draw",true,false,,true,69,69,0,0,0,0,0,0,,0.5,0,0,0,0.5,0,1,1
"https://www.rbfa.be/nl/wedstrijd/7520953","Club Roeselare","KFC Aalbeke Sport A","Cedric Makekula Mitu Muendele","13","Club Roeselare",false,false,false,"Draw",true,false,,false,,90,0,0,0,0,0,0,,0.5,0,1,1,,,,
"https://www.rbfa.be/nl/wedstrijd/7520953","Club Roeselare","KFC Aalbeke Sport A","Marvin Pierre Turcan","10","KFC Aalbeke Sport A",false,false,false,"Draw",true,false,,false,,90,0,0,0,0,0,0,,0.5,0,1,1,,,,
"https://www.rbfa.be/nl/wedstrijd/7520953","Club Roeselare","KFC Aalbeke Sport A","Vincent Provoost","14","Club Roeselare",false,false,false,"Draw",true,false,,false,,90,0,0,0,0,0,0,,0.5,0,1,1,,,,
"https://www.rbfa.be/nl/wedstrijd/7520953","Club Roeselare","KFC Aalbeke Sport A","Klaas Lievrouw","13","KFC Aalbeke Sport A",false,false,false,"Draw",true,false,,false,,90,0,0,0,0,0,0,,0.5,0,1,1,,,,
"https://www.rbfa.be/nl/wedstrijd/7520953","Club Roeselare","KFC Aalbeke Sport A","Michiel Verlinde","15","Club Roeselare",false,false,false,"Draw",true,false,,false,,90,0,0,0,0,0,0,,0.5,0,1,1,,,,
"https://www.rbfa.be/nl/wedstrijd/7520953","Club Roeselare","KFC Aalbeke Sport A","Taybi Bensalem","19","KFC Aalbeke Sport A",false,false,false,"Draw",true,false,,true,78,78,0,0,0,0,0,0,,1,1,1,0,0,-1,0,1
"https://www.rbfa.be/nl/wedstrijd/7520953","Club Roeselare","KFC Aalbeke Sport A","Gilles Decuyper","17","Club Roeselare",false,false,false,"Draw",true,false,,true,71,71,0,0,0,0,0,0,,0.5,0,0,0,0.5,0,1,1
"https://www.rbfa.be/nl/wedstrijd/7520953","Club Roeselare","KFC Aalbeke Sport A","Pieter De Winter","23","KFC Aalbeke Sport A",false,true,false,"Draw",true,false,,false,,90,0,0,0,1,0,0,,0.5,0,1,1,,,,
"https://www.rbfa.be/nl/wedstrijd/7520953","Club Roeselare","KFC Aalbeke Sport A","Simon Verlinde","19","Club Roeselare",false,false,false,"Draw",true,false,,true,83,83,0,0,0,0,0,0,,0,-1,0,1,1,1,1,0
"https://www.rbfa.be/nl/wedstrijd/7520953","Club Roeselare","KFC Aalbeke Sport A","Nathan Bunga Mbuta","99","KFC Aalbeke Sport A",false,false,false,"Draw",true,false,,true,78,78,0,0,0,0,0,0,,1,1,1,0,0,-1,0,1
"https://www.rbfa.be/nl/wedstrijd/7520953","Club Roeselare","KFC Aalbeke Sport A","Jordin Nico Decorte","1","Club Roeselare",true,false,false,"Draw",false,false,,false,,0,0,0,0,0,0,0,,,,,,0.5,0,0,0
"https://www.rbfa.be/nl/wedstrijd/7520953","Club Roeselare","KFC Aalbeke Sport A","Xandro Cagliostro","16","KFC Aalbeke Sport A",true,false,false,"Draw",false,false,,false,,0,0,0,0,0,0,0,,,,,,0.5,0,0,0
"https://www.rbfa.be/nl/wedstrijd/7520953","Club Roeselare","KFC Aalbeke Sport A","Mohamedamin El Issati","4","Club Roeselare",false,false,false,"Draw",false,true,78,false,,12,0,0,0,0,0,0,,1,1,1,0,0,-1,0,1
"https://www.rbfa.be/nl/wedstrijd/7520953","Club Roeselare","KFC Aalbeke Sport A","Thibaut Millecamps","17","KFC Aalbeke Sport A",false,false,false,"Draw",false,true,78,false,,12,0,0,0,0,0,0,,0,-1,0,1,1,1,1,0
"https://www.rbfa.be/nl/wedstrijd/7520953","Club Roeselare","KFC Aalbeke Sport A","Remi De Vlieghe","16","Club Roeselare",false,false,false,"Draw",false,false,,false,,0,0,0,0,0,0,0,,,,,,0.5,0,0,0
"https://www.rbfa.be/nl/wedstrijd/7520953","Club Roeselare","KFC Aalbeke Sport A","Lenny Buyssens","20","KFC Aalbeke Sport A",false,false,false,"Draw",false,true,88,false,,2,0,0,0,0,0,0,,0,-1,0,1,1,1,1,0
"https://www.rbfa.be/nl/wedstrijd/7520953","Club Roeselare","KFC Aalbeke Sport A","Gianni Vandecasteele","20","Club Roeselare",false,false,false,"Draw",false,true,71,false,,19,0,0,0,0,0,0,,0.5,0,1,1,0.5,0,0,0
"https://www.rbfa.be/nl/wedstrijd/7520953","Club Roeselare","KFC Aalbeke Sport A","Jasper Vanneste","24","KFC Aalbeke Sport A",false,false,false,"Draw",false,true,69,false,,21,0,0,0,0,0,0,,0.5,0,1,1,0.5,0,0,0
"https://www.rbfa.be/nl/wedstrijd/7520953","Club Roeselare","KFC Aalbeke Sport A","Simon Demeulenaere","24","Club Roeselare",false,false,false,"Draw",false,true,83,false,,7,0,0,0,0,0,0,,1,1,1,0,0,-1,0,1
"https://www.rbfa.be/nl/wedstrijd/7520953","Club Roeselare","KFC Aalbeke Sport A","Idriss Jacob","80","KFC Aalbeke Sport A",false,false,false,"Draw",false,true,78,false,,12,0,0,0,0,0,0,,0,-1,0,1,1,1,1,0
"https://www.rbfa.be/nl/wedstrijd/7520954","KFC Aalbeke Sport A","K. Sassp. Boezinge A","Thijs Debuyck","1","KFC Aalbeke Sport A",true,false,false,"Loss",true,false,,false,,90,0,0,0,0,0,0,,0,-1,1,2,,,,
"https://www.rbfa.be/nl/wedstrijd/7520954","KFC Aalbeke Sport A","K. Sassp. Boezinge A","Justin Vanbrabandt","89","K. Sassp. Boezinge A",true,true,false,"Win",true,false,,false,,90,0,0,0,0,0,0,,1,1,2,1,,,,
"https://www.rbfa.be/nl/wedstrijd/7520954","KFC Aalbeke Sport A","K. Sassp. Boezinge A","Lander Wyseur","3","KFC Aalbeke Sport A",false,false,false,"Loss",true,false,,false,,72,0,0,0,1,0,1,72,0,-2,0,2,1,1,1,0
"https://www.rbfa.be/nl/wedstrijd/7520954","KFC Aalbeke Sport A","K. Sassp. Boezinge A","Maxime Vanackere","2","K. Sassp. Boezinge A",false,false,false,"Win",true,false,,false,,90,0,0,0,0,0,0,,1,1,2,1,,,,
"https://www.rbfa.be/nl/wedstrijd/7520954","KFC Aalbeke Sport A","K. Sassp. Boezinge A","Bjarne Vanderstraeten","7","KFC Aalbeke Sport A",false,false,false,"Loss",true,false,,false,,90,1,0,0,0,0,0,,0,-1,1,2,,,,
"https://www.rbfa.be/nl/wedstrijd/7520954","KFC Aalbeke Sport A","K. Sassp. Boezinge A","Valentin Mahieu","3","K. Sassp. Boezinge A",false,false,false,"Win",true,false,,false,,90,0,0,0,1,0,0,,1,1,2,1,,,,
"https://www.rbfa.be/nl/wedstrijd/7520954","KFC Aalbeke Sport A","K. Sassp. Boezinge A","Marvin Pierre Turcan","10","KFC Aalbeke Sport A",false,false,false,"Loss",true,false,,true,79,79,0,0,0,1,0,0,,0,-1,1,2,0.5,0,0,0
"https://www.rbfa.be/nl/wedstrijd/7520954","KFC Aalbeke Sport A","K. Sassp. Boezinge A","Ibe Duflou","5","K. Sassp. Boezinge A",false,false,false,"Win",true,false,,true,37,37,0,0,0,0,0,0,,1,1,1,0,0.5,0,1,1
"https://www.rbfa.be/nl/wedstrijd/7520954","KFC Aalbeke Sport A","K. Sassp. Boezinge A","Klaas Lievrouw","13","KFC Aalbeke Sport A",false,false,false,"Loss",true,false,,false,,90,0,0,0,0,0,0,,0,-1,1,2,,,,
"https://www.rbfa.be/nl/wedstrijd/7520954","KFC Aalbeke Sport A","K. Sassp. Boezinge A","Ilyas Lakfif","9","K. Sassp. Boezinge A",false,false,false,"Win",true,false,,false,,87,1,0,0,1,0,1,87,1,1,2,1,0.5,0,0,0
"https://www.rbfa.be/nl/wedstrijd/7520954","KFC Aalbeke Sport A","K. Sassp. Boezinge A","Sabri Bensalem","14","KFC Aalbeke Sport A",false,false,false,"Loss",true,false,,false,,90,0,0,0,0,0,0,,0,-1,1,2,,,,
"https://www.rbfa.be/nl/wedstrijd/7520954","KFC Aalbeke Sport A","K. Sassp. Boezinge A","Robbe Vandergunst","12","K. Sassp. Boezinge A",false,false,false,"Win",true,false,,false,,90,0,0,0,0,0,0,,1,1,2,1,,,,
"https://www.rbfa.be/nl/wedstrijd/7520954","KFC Aalbeke Sport A","K. Sassp. Boezinge A","Pieter De Winter","23","KFC Aalbeke Sport A",false,true,false,"Loss",true,false,,false,,90,0,0,0,0,0,0,,0,-1,1,2,,,,
"https://www.rbfa.be/nl/wedstrijd/7520954","KFC Aalbeke Sport A","K. Sassp. Boezinge A","Joenes Kasmi","18","K. Sassp. Boezinge A",false,false,false,"Win",true,false,,false,,90,0,0,0,1,0,0,,1,1,2,1,,,,
"https://www.rbfa.be/nl/wedstrijd/7520954","KFC Aalbeke Sport A","K. Sassp. Boezinge A","Jasper Vanneste","24","KFC Aalbeke Sport A",false,false,false,"Loss",true,false,,true,57,57,0,0,0,0,0,0,,0,-2,0,2,1,1,1,0
"https://www.rbfa.be/nl/wedstrijd/7520954","KFC Aalbeke Sport A","K. Sassp. Boezinge A","Lennart Sampers","20","K. Sassp. Boezinge A",false,false,false,"Win",true,false,,false,,90,0,0,0,0,0,0,,1,1,2,1,,,,
"https://www.rbfa.be/nl/wedstrijd/7520954","KFC Aalbeke Sport A","K. Sassp. Boezinge A","Corentin Fabrice Cottenceau","28","KFC Aalbeke Sport A",false,false,false,"Loss",true,false,,true,46,46,0,0,0,0,0,0,,0,-1,0,1,0.5,0,1,1
"https://www.rbfa.be/nl/wedstrijd/7520954","KFC Aalbeke Sport A","K. Sassp. Boezinge A","Owen Casier","22","K. Sassp. Boezinge A",false,false,false,"Win",true,false,,true,84,84,0,0,0,0,0,0,,1,1,2,1,0.5,0,0,0
"https://www.rbfa.be/nl/wedstrijd/7520954","KFC Aalbeke Sport A","K. Sassp. Boezinge A","Jan De Winter","91","KFC Aalbeke Sport A",false,false,false,"Loss",true,false,,false,,90,0,0,0,1,0,0,,0,-1,1,2,,,,
"https://www.rbfa.be/nl/wedstrijd/7520954","KFC Aalbeke Sport A","K. Sassp. Boezinge A","Seppe Gantois","23","K. Sassp. Boezinge A",false,false,false,"Win",true,false,,true,69,69,1,0,0,0,0,0,,1,2,2,0,0,-1,0,1
"https://www.rbfa.be/nl/wedstrijd/7520954","KFC Aalbeke Sport A","K. Sassp. Boezinge A","Nathan Bunga Mbuta","99","KFC Aalbeke Sport A",false,false,false,"Loss",true,false,,true,68,68,0,0,0,0,0,0,,0,-2,0,2,1,1,1,0
"https://www.rbfa.be/nl/wedstrijd/7520954","KFC Aalbeke Sport A","K. Sassp. Boezinge A","Colin Sohier","24","K. Sassp. Boezinge A",false,false,false,"Win",true,false,,false,,90,0,0,0,0,0,0,,1,1,2,1,,,,
"https://www.rbfa.be/nl/wedstrijd/7520954","KFC Aalbeke Sport A","K. Sassp. Boezinge A","Charles-Victor Otté","5","KFC Aalbeke Sport A",false,false,false,"Loss",false,true,46,false,,44,0,0,0,0,0,0,,0.5,0,1,1,0,-1,0,1
"https://www.rbfa.be/nl/wedstrijd/7520954","KFC Aalbeke Sport A","K. Sassp. Boezinge A","Milan Cneudt","13","K. Sassp. Boezinge A",true,false,false,"Win",false,false,,false,,0,0,0,0,0,0,0,,,,,,0.5,0,0,0
"https://www.rbfa.be/nl/wedstrijd/7520954","KFC Aalbeke Sport A","K. Sassp. Boezinge A","Amine Ahdach","8","KFC Aalbeke Sport A",false,false,false,"Loss",false,true,79,false,,11,0,0,0,0,0,0,,0.5,0,0,0,0,-1,1,2
"https://www.rbfa.be/nl/wedstrijd/7520954","KFC Aalbeke Sport A","K. Sassp. Boezinge A","Robbe Dumont","8","K. Sassp. Boezinge A",false,false,false,"Win",false,true,37,false,,53,0,0,0,0,0,0,,0.5,0,1,1,1,1,1,0
"https://www.rbfa.be/nl/wedstrijd/7520954","KFC Aalbeke Sport A","K. Sassp. Boezinge A","Thibaut Millecamps","17","KFC Aalbeke Sport A",false,false,false,"Loss",false,true,68,false,,22,0,0,0,0,0,0,,1,1,1,0,0,-2,0,2
"https://www.rbfa.be/nl/wedstrijd/7520954","KFC Aalbeke Sport A","K. Sassp. Boezinge A","Remko Vandamme","11","K. Sassp. Boezinge A",false,false,false,"Win",false,true,84,false,,6,0,0,0,0,0,0,,0.5,0,0,0,1,1,2,1
"https://www.rbfa.be/nl/wedstrijd/7520954","KFC Aalbeke Sport A","K. Sassp. Boezinge A","Jeroen Vlieghe","21","KFC Aalbeke Sport A",false,false,false,"Loss",false,true,57,false,,33,0,0,0,0,0,0,,1,1,1,0,0,-2,0,2
"https://www.rbfa.be/nl/wedstrijd/7520954","KFC Aalbeke Sport A","K. Sassp. Boezinge A","Fabian Rassalle","14","K. Sassp. Boezinge A",false,false,false,"Win",false,true,69,false,,21,0,0,0,0,0,0,,0,-1,0,1,1,2,2,0
"https://www.rbfa.be/nl/wedstrijd/7520954","KFC Aalbeke Sport A","K. Sassp. Boezinge A","Idriss Jacob","80","KFC Aalbeke Sport A",false,false,false,"Loss",false,false,,false,,0,0,0,0,0,0,0,,,,,,0.5,0,0,0
"https://www.rbfa.be/nl/wedstrijd/7520954","KFC Aalbeke Sport A","K. Sassp. Boezinge A","Mathias Delboo","16","K. Sassp. Boezinge A",false,false,false,"Win",false,false,,false,,0,0,0,0,0,0,0,,,,,,0.5,0,0,0
"https://www.rbfa.be/nl/wedstrijd/7520957","K. SK Beveren-Leie A","FC Sp. Heestert A","Benoit Degruyter","1","K. SK Beveren-Leie A",true,true,false,"Loss",true,false,,false,,90,0,0,0,0,0,0,,0,-3,1,4,,,,
"https://www.rbfa.be/nl/wedstrijd/7520957","K. SK Beveren-Leie A","FC Sp. Heestert A","Tom Thieren","1","FC Sp. Heestert A",true,false,false,"Win",true,false,,false,,90,0,0,0,0,0,0,,1,3,4,1,,,,
"https://www.rbfa.be/nl/wedstrijd/7520957","K. SK Beveren-Leie A","FC Sp. Heestert A","Gianni Sobrie","5","K. SK Beveren-Leie A",false,false,false,"Loss",true,false,,false,,90,0,0,0,0,0,0,,0,-3,1,4,,,,
"https://www.rbfa.be/nl/wedstrijd/7520957","K. SK Beveren-Leie A","FC Sp. Heestert A","Mauro Mercher","5","FC Sp. Heestert A",false,false,false,"Win",true,false,,false,,90,1,0,0,1,0,0,,1,3,4,1,,,,
"https://www.rbfa.be/nl/wedstrijd/7520957","K. SK Beveren-Leie A","FC Sp. Heestert A","Alpha Mamoudou Sylla","7","K. SK Beveren-Leie A",false,false,false,"Loss",true,false,,true,52,52,0,0,0,0,0,0,,0,-1,1,2,0,-2,0,2
"https://www.rbfa.be/nl/wedstrijd/7520957","K. SK Beveren-Leie A","FC Sp. Heestert A","Nicolas Gheeraert","6","FC Sp. Heestert A",false,false,false,"Win",true,false,,false,,90,0,0,0,0,0,0,,1,3,4,1,,,,
"https://www.rbfa.be/nl/wedstrijd/7520957","K. SK Beveren-Leie A","FC Sp. Heestert A","Yani Desmet","10","K. SK Beveren-Leie A",false,false,false,"Loss",true,false,,false,,90,0,0,0,0,0,0,,0,-3,1,4,,,,
"https://www.rbfa.be/nl/wedstrijd/7520957","K. SK Beveren-Leie A","FC Sp. Heestert A","Aristote Madiani","7","FC Sp. Heestert A",false,false,false,"Win",true,false,,true,68,68,0,0,0,0,0,0,,1,3,4,1,0.5,0,0,0
"https://www.rbfa.be/nl/wedstrijd/7520957","K. SK Beveren-Leie A","FC Sp. Heestert A","Baptiste Vandoorne","12","K. SK Beveren-Leie A",false,false,false,"Loss",true,false,,false,,90,0,0,1,0,0,0,,0,-3,1,4,,,,
"https://www.rbfa.be/nl/wedstrijd/7520957","K. SK Beveren-Leie A","FC Sp. Heestert A","Lenny Rassalle","8","FC Sp. Heestert A",false,false,false,"Win",true,false,,false,,90,0,0,0,0,0,0,,1,3,4,1,,,,
"https://www.rbfa.be/nl/wedstrijd/7520957","K. SK Beveren-Leie A","FC Sp. Heestert A","Bryan Khetta","14","K. SK Beveren-Leie A",false,false,false,"Loss",true,false,,false,,90,0,0,0,0,0,0,,0,-3,1,4,,,,
"https://www.rbfa.be/nl/wedstrijd/7520957","K. SK Beveren-Leie A","FC Sp. Heestert A","Jeremy Guido Brogniez","10","FC Sp. Heestert A",false,false,false,"Win",true,false,,true,85,85,0,0,0,0,0,0,,1,3,4,1,0.5,0,0,0
"https://www.rbfa.be/nl/wedstrijd/7520957","K. SK Beveren-Leie A","FC Sp. Heestert A","Safouane Rahhab","15","K. SK Beveren-Leie A",false,false,false,"Loss",true,false,,true,84,84,0,0,0,0,0,0,,0,-3,1,4,0.5,0,0,0
"https://www.rbfa.be/nl/wedstrijd/7520957","K. SK Beveren-Leie A","FC Sp. Heestert A","Aaron Balcaen","11","FC Sp. Heestert A",false,false,false,"Win",true,false,,false,,90,0,0,0,1,0,0,,1,3,4,1,,,,
"https://www.rbfa.be/nl/wedstrijd/7520957","K. SK Beveren-Leie A","FC Sp. Heestert A","Dario Wandels","16","K. SK Beveren-Leie A",false,false,false,"Loss",true,false,,true,52,52,1,0,0,0,0,0,,0,-1,1,2,0,-2,0,2
"https://www.rbfa.be/nl/wedstrijd/7520957","K. SK Beveren-Leie A","FC Sp. Heestert A","Dylan David Bourquin","16","FC Sp. Heestert A",false,false,false,"Win",true,false,,false,,90,0,0,0,0,0,0,,1,3,4,1,,,,
"https://www.rbfa.be/nl/wedstrijd/7520957","K. SK Beveren-Leie A","FC Sp. Heestert A","Mathis De Vreeze","17","K. SK Beveren-Leie A",false,false,false,"Loss",true,false,,true,84,84,0,0,0,0,0,0,,0,-3,1,4,0.5,0,0,0
"https://www.rbfa.be/nl/wedstrijd/7520957","K. SK Beveren-Leie A","FC Sp. Heestert A","Mattice Bekaert","17","FC Sp. Heestert A",false,false,false,"Win",true,false,,false,,90,1,0,0,0,0,0,,1,3,4,1,,,,
"https://www.rbfa.be/nl/wedstrijd/7520957","K. SK Beveren-Leie A","FC Sp. Heestert A","Alessandro Dujardin","18","K. SK Beveren-Leie A",false,false,false,"Loss",true,false,,false,,90,0,0,0,1,0,0,,0,-3,1,4,,,,
"https://www.rbfa.be/nl/wedstrijd/7520957","K. SK Beveren-Leie A","FC Sp. Heestert A","Adrien Michel Hermant","18","FC Sp. Heestert A",false,false,false,"Win",true,false,,false,,90,1,0,0,0,0,0,,1,3,4,1,,,,
"https://www.rbfa.be/nl/wedstrijd/7520957","K. SK Beveren-Leie A","FC Sp. Heestert A","Gilles De Greve","19","K. SK Beveren-Leie A",false,false,false,"Loss",true,false,,false,,90,0,0,0,0,0,0,,0,-3,1,4,,,,
"https://www.rbfa.be/nl/wedstrijd/7520957","K. SK Beveren-Leie A","FC Sp. Heestert A","Pieter Vangheluwe","20","FC Sp. Heestert A",false,true,false,"Win",true,false,,true,77,77,0,0,0,0,0,0,,1,3,4,1,0.5,0,0,0
"https://www.rbfa.be/nl/wedstrijd/7520957","K. SK Beveren-Leie A","FC Sp. Heestert A","Lex Vaneeckhoutte","20","K. SK Beveren-Leie A",true,false,false,"Loss",false,false,,false,,0,0,0,0,0,0,0,,,,,,0.5,0,0,0
"https://www.rbfa.be/nl/wedstrijd/7520957","K. SK Beveren-Leie A","FC Sp. Heestert A","Arjen Ysenbaert","23","FC Sp. Heestert A",true,false,false,"Win",false,false,,false,,0,0,0,0,0,0,0,,,,,,0.5,0,0,0
"https://www.rbfa.be/nl/wedstrijd/7520957","K. SK Beveren-Leie A","FC Sp. Heestert A","Jari Longueville","4","K. SK Beveren-Leie A",false,false,false,"Loss",false,true,84,false,,6,0,0,0,0,0,0,,0.5,0,0,0,0,-3,1,4
"https://www.rbfa.be/nl/wedstrijd/7520957","K. SK Beveren-Leie A","FC Sp. Heestert A","Emmanuel Abew Asamoah","4","FC Sp. Heestert A",false,false,false,"Win",false,false,,false,,0,0,0,0,0,0,0,,,,,,0.5,0,0,0
"https://www.rbfa.be/nl/wedstrijd/7520957","K. SK Beveren-Leie A","FC Sp. Heestert A","Dmitry Konstantinovich Kryzhanovskiy","9","K. SK Beveren-Leie A",false,false,false,"Loss",false,true,52,false,,38,0,0,0,0,0,0,,0,-2,0,2,0,-1,1,2
"https://www.rbfa.be/nl/wedstrijd/7520957","K. SK Beveren-Leie A","FC Sp. Heestert A","Imad Zmimer","9","FC Sp. Heestert A",false,false,false,"Win",false,true,77,false,,13,0,0,0,0,0,0,,0.5,0,0,0,1,3,4,1
"https://www.rbfa.be/nl/wedstrijd/7520957","K. SK Beveren-Leie A","FC Sp. Heestert A","Ilyas Akhandaf","11","K. SK Beveren-Leie A",false,false,false,"Loss",false,true,52,false,,38,0,0,0,1,0,0,,0,-2,0,2,0,-1,1,2
"https://www.rbfa.be/nl/wedstrijd/7520957","K. SK Beveren-Leie A","FC Sp. Heestert A","Dries Loosveldt","15","FC Sp. Heestert A",false,false,false,"Win",false,true,85,false,,5,0,0,0,0,0,0,,0.5,0,0,0,1,3,4,1
"https://www.rbfa.be/nl/wedstrijd/7520957","K. SK Beveren-Leie A","FC Sp. Heestert A","Rimas Vande Vyver","13","K. SK Beveren-Leie A",false,false,false,"Loss",false,true,84,false,,6,0,0,0,0,0,0,,0.5,0,0,0,0,-3,1,4
"https://www.rbfa.be/nl/wedstrijd/7520957","K. SK Beveren-Leie A","FC Sp. Heestert A","Yanis Khefif","22","FC Sp. Heestert A",false,false,false,"Win",false,true,68,false,,22,0,0,0,0,0,0,,1,1,1,0,1,2,3,1
"https://www.rbfa.be/nl/wedstrijd/7520956","K. RC Bissegem","K. FC Varsenare A","Emiel Martens","1","K. RC Bissegem",true,false,true,"Draw",true,false,,false,,90,0,0,0,0,0,0,,0.5,0,0,0,,,,
"https://www.rbfa.be/nl/wedstrijd/7520956","K. RC Bissegem","K. FC Varsenare A","Kasper Van Leirsberghe","83","K. FC Varsenare A",true,false,true,"Draw",true,false,,false,,90,0,0,0,0,0,0,,0.5,0,0,0,,,,
"https://www.rbfa.be/nl/wedstrijd/7520956","K. RC Bissegem","K. FC Varsenare A","Zito Bostoen","4","K. RC Bissegem",false,false,false,"Draw",true,false,,false,,90,0,0,0,0,0,0,,0.5,0,0,0,,,,
"https://www.rbfa.be/nl/wedstrijd/7520956","K. RC Bissegem","K. FC Varsenare A","Benoit Onraet","4","K. FC Varsenare A",false,false,false,"Draw",true,false,,false,,90,0,0,0,0,0,0,,0.5,0,0,0,,,,
"https://www.rbfa.be/nl/wedstrijd/7520956","K. RC Bissegem","K. FC Varsenare A","Ewoud Defevere","5","K. RC Bissegem",false,false,false,"Draw",true,false,,false,,90,0,0,0,1,0,0,,0.5,0,0,0,,,,
"https://www.rbfa.be/nl/wedstrijd/7520956","K. RC Bissegem","K. FC Varsenare A","Matteo Compernolle","5","K. FC Varsenare A",false,false,false,"Draw",true,false,,false,,90,0,0,0,0,0,0,,0.5,0,0,0,,,,
"https://www.rbfa.be/nl/wedstrijd/7520956","K. RC Bissegem","K. FC Varsenare A","Glenn Lapeire","7","K. RC Bissegem",false,false,false,"Draw",true,false,,true,90,90,0,0,0,0,0,0,,0.5,0,0,0,,,,
"https://www.rbfa.be/nl/wedstrijd/7520956","K. RC Bissegem","K. FC Varsenare A","Brent Ooghe","6","K. FC Varsenare A",false,false,false,"Draw",true,false,,false,,90,0,0,0,0,0,0,,0.5,0,0,0,,,,
"https://www.rbfa.be/nl/wedstrijd/7520956","K. RC Bissegem","K. FC Varsenare A","Harm Vansteenkiste","8","K. RC Bissegem",false,false,false,"Draw",true,false,,false,,90,0,0,0,0,0,0,,0.5,0,0,0,,,,
"https://www.rbfa.be/nl/wedstrijd/7520956","K. RC Bissegem","K. FC Varsenare A","Jari Van De Maele","9","K. FC Varsenare A",false,true,false,"Draw",true,false,,false,,90,0,0,0,0,0,0,,0.5,0,0,0,,,,
"https://www.rbfa.be/nl/wedstrijd/7520956","K. RC Bissegem","K. FC Varsenare A","Lennert Lingier","9","K. RC Bissegem",false,false,false,"Draw",true,false,,true,88,88,0,0,0,0,0,0,,0.5,0,0,0,0.5,0,0,0
"https://www.rbfa.be/nl/wedstrijd/7520956","K. RC Bissegem","K. FC Varsenare A","Milan Van De Maele","10","K. FC Varsenare A",false,false,false,"Draw",true,false,,false,,90,0,0,0,0,0,0,,0.5,0,0,0,,,,
"https://www.rbfa.be/nl/wedstrijd/7520956","K. RC Bissegem","K. FC Varsenare A","Andres Dewaele","10","K. RC Bissegem",false,false,false,"Draw",true,false,,false,,90,0,0,0,0,0,0,,0.5,0,0,0,,,,
"https://www.rbfa.be/nl/wedstrijd/7520956","K. RC Bissegem","K. FC Varsenare A","Kiron Beernaert","11","K. FC Varsenare A",false,false,false,"Draw",true,false,,true,86,86,0,0,0,0,0,0,,0.5,0,0,0,0.5,0,0,0
"https://www.rbfa.be/nl/wedstrijd/7520956","K. RC Bissegem","K. FC Varsenare A","Ismaïl El Ouassif","11","K. RC Bissegem",false,false,false,"Draw",true,false,,true,75,75,0,0,0,1,0,0,,0.5,0,0,0,0.5,0,0,0
"https://www.rbfa.be/nl/wedstrijd/7520956","K. RC Bissegem","K. FC Varsenare A","Ilko Kesteleyn","22","K. FC Varsenare A",false,false,false,"Draw",true,false,,false,,90,0,0,0,0,0,0,,0.5,0,0,0,,,,
"https://www.rbfa.be/nl/wedstrijd/7520956","K. RC Bissegem","K. FC Varsenare A","Bruno Dhoop","17","K. RC Bissegem",false,false,false,"Draw",true,false,,false,,90,0,0,0,0,0,0,,0.5,0,0,0,,,,
"https://www.rbfa.be/nl/wedstrijd/7520956","K. RC Bissegem","K. FC Varsenare A","Timon Bogaert","23","K. FC Varsenare A",false,false,false,"Draw",true,false,,true,86,86,0,0,0,1,0,0,,0.5,0,0,0,0.5,0,0,0
"https://www.rbfa.be/nl/wedstrijd/7520956","K. RC Bissegem","K. FC Varsenare A","Jenci Dejonghe","18","K. RC Bissegem",false,true,false,"Draw",true,false,,false,,90,0,0,0,1,0,0,,0.5,0,0,0,,,,
"https://www.rbfa.be/nl/wedstrijd/7520956","K. RC Bissegem","K. FC Varsenare A","Bavo Butaye","24","K. FC Varsenare A",false,false,false,"Draw",true,false,,true,86,86,0,0,0,0,0,0,,0.5,0,0,0,0.5,0,0,0
"https://www.rbfa.be/nl/wedstrijd/7520956","K. RC Bissegem","K. FC Varsenare A","Elias Ben Ali","20","K. RC Bissegem",false,false,false,"Draw",true,false,,false,,90,0,0,0,0,0,0,,0.5,0,0,0,,,,
"https://www.rbfa.be/nl/wedstrijd/7520956","K. RC Bissegem","K. FC Varsenare A","Andreas De Kerpel","31","K. FC Varsenare A",false,false,false,"Draw",true,false,,false,,90,0,0,0,0,0,0,,0.5,0,0,0,,,,
"https://www.rbfa.be/nl/wedstrijd/7520956","K. RC Bissegem","K. FC Varsenare A","Arnold Vandenborre","21","K. RC Bissegem",true,false,false,"Draw",false,false,,false,,0,0,0,0,0,0,0,,,,,,0.5,0,0,0
"https://www.rbfa.be/nl/wedstrijd/7520956","K. RC Bissegem","K. FC Varsenare A","Sebastien Cattoor","48","K. FC Varsenare A",true,false,false,"Draw",false,false,,false,,0,0,0,0,0,0,0,,,,,,0.5,0,0,0
"https://www.rbfa.be/nl/wedstrijd/7520956","K. RC Bissegem","K. FC Varsenare A","Noah Vanhouwaert","3","K. RC Bissegem",false,false,false,"Draw",false,true,90,false,,0,0,0,0,0,0,0,,,,,,0.5,0,0,0
"https://www.rbfa.be/nl/wedstrijd/7520956","K. RC Bissegem","K. FC Varsenare A","Eleazar Osei-Berkoe","8","K. FC Varsenare A",false,false,false,"Draw",false,true,86,false,,4,0,0,0,0,0,0,,0.5,0,0,0,0.5,0,0,0
"https://www.rbfa.be/nl/wedstrijd/7520956","K. RC Bissegem","K. FC Varsenare A","Ennio Franklin Tack","16","K. RC Bissegem",false,false,false,"Draw",false,true,88,false,,2,0,0,0,0,0,0,,0.5,0,0,0,0.5,0,0,0
"https://www.rbfa.be/nl/wedstrijd/7520956","K. RC Bissegem","K. FC Varsenare A","Rune Vandamme-Vinckier","13","K. FC Varsenare A",false,false,false,"Draw",false,true,86,false,,4,0,0,0,0,0,0,,0.5,0,0,0,0.5,0,0,0
"https://www.rbfa.be/nl/wedstrijd/7520956","K. RC Bissegem","K. FC Varsenare A","Robin Douven","19","K. RC Bissegem",false,false,false,"Draw",false,true,75,false,,15,0,0,0,0,0,0,,0.5,0,0,0,0.5,0,0,0
"https://www.rbfa.be/nl/wedstrijd/7520956","K. RC Bissegem","K. FC Varsenare A","Martijn Ameel","19","K. FC Varsenare A",false,false,false,"Draw",false,true,86,false,,4,0,0,0,0,0,0,,0.5,0,0,0,0.5,0,0,0
"https://www.rbfa.be/nl/wedstrijd/7520956","K. RC Bissegem","K. FC Varsenare A","Clément Michel Doolaeghe","25","K. RC Bissegem",false,false,false,"Draw",false,false,,false,,0,0,0,0,0,0,0,,,,,,0.5,0,0,0
"https://www.rbfa.be/nl/wedstrijd/7520955","SV Ingelmunster A","Club Roeselare","Matthias Ghyselinck","22","SV Ingelmunster A",true,false,false,"Draw",true,false,,false,,90,0,0,0,0,0,0,,0.5,0,1,1,,,,
"https://www.rbfa.be/nl/wedstrijd/7520955","SV Ingelmunster A","Club Roeselare","Gauthier Vandesteene","26","Club Roeselare",true,false,false,"Draw",true,false,,false,,90,0,0,0,0,0,0,,0.5,0,1,1,,,,
"https://www.rbfa.be/nl/wedstrijd/7520955","SV Ingelmunster A","Club Roeselare","Christ Bruno Mbiakob","4","SV Ingelmunster A",false,false,false,"Draw",true,false,,false,,90,0,0,0,0,0,0,,0.5,0,1,1,,,,
"https://www.rbfa.be/nl/wedstrijd/7520955","SV Ingelmunster A","Club Roeselare","Jean-Baptiste Johan Devolder","4","Club Roeselare",false,false,false,"Draw",true,false,,true,46,46,0,0,0,0,0,0,,0.5,0,0,0,0.5,0,1,1
"https://www.rbfa.be/nl/wedstrijd/7520955","SV Ingelmunster A","Club Roeselare","Henry Van Parys","6","SV Ingelmunster A",false,false,false,"Draw",true,false,,false,,90,0,0,0,0,0,0,,0.5,0,1,1,,,,
"https://www.rbfa.be/nl/wedstrijd/7520955","SV Ingelmunster A","Club Roeselare","Arne Hélin","5","Club Roeselare",false,true,false,"Draw",true,false,,false,,90,0,0,0,0,0,0,,0.5,0,1,1,,,,
"https://www.rbfa.be/nl/wedstrijd/7520955","SV Ingelmunster A","Club Roeselare","Remco Kentie","7","SV Ingelmunster A",false,false,false,"Draw",true,false,,false,,90,0,0,0,0,0,0,,0.5,0,1,1,,,,
"https://www.rbfa.be/nl/wedstrijd/7520955","SV Ingelmunster A","Club Roeselare","Lauden Hugelier","6","Club Roeselare",false,false,false,"Draw",true,false,,false,,90,0,0,0,0,0,0,,0.5,0,1,1,,,,
"https://www.rbfa.be/nl/wedstrijd/7520955","SV Ingelmunster A","Club Roeselare","Alexandre Vandemaele","9","SV Ingelmunster A",false,false,false,"Draw",true,false,,false,,90,0,0,0,0,0,0,,0.5,0,1,1,,,,
"https://www.rbfa.be/nl/wedstrijd/7520955","SV Ingelmunster A","Club Roeselare","Bram Helin","7","Club Roeselare",false,false,false,"Draw",true,false,,false,,90,0,0,0,1,0,0,,0.5,0,1,1,,,,
"https://www.rbfa.be/nl/wedstrijd/7520955","SV Ingelmunster A","Club Roeselare","Xander Vankeirsbilck","10","SV Ingelmunster A",false,false,false,"Draw",true,false,,true,69,69,1,0,0,0,0,0,,0.5,0,1,1,0.5,0,0,0
"https://www.rbfa.be/nl/wedstrijd/7520955","SV Ingelmunster A","Club Roeselare","Yoran Deleu","8","Club Roeselare",false,false,false,"Draw",true,false,,true,61,61,0,0,0,0,0,0,,0.5,0,1,1,0.5,0,0,0
"https://www.rbfa.be/nl/wedstrijd/7520955","SV Ingelmunster A","Club Roeselare","Michiel Hanssens","12","SV Ingelmunster A",false,false,false,"Draw",true,false,,false,,90,0,0,0,1,0,0,,0.5,0,1,1,,,,
"https://www.rbfa.be/nl/wedstrijd/7520955","SV Ingelmunster A","Club Roeselare","Cedric Makekula Mitu Muendele","13","Club Roeselare",false,false,false,"Draw",true,false,,true,77,77,0,0,0,0,0,0,,0.5,0,1,1,0.5,0,0,0
"https://www.rbfa.be/nl/wedstrijd/7520955","SV Ingelmunster A","Club Roeselare","Yoric Volckaert","14","SV Ingelmunster A",false,true,false,"Draw",true,false,,false,,90,0,0,0,0,0,0,,0.5,0,1,1,,,,
"https://www.rbfa.be/nl/wedstrijd/7520955","SV Ingelmunster A","Club Roeselare","Vincent Provoost","14","Club Roeselare",false,false,false,"Draw",true,false,,false,,90,0,0,0,1,0,0,,0.5,0,1,1,,,,
"https://www.rbfa.be/nl/wedstrijd/7520955","SV Ingelmunster A","Club Roeselare","Vedran Verheule","15","SV Ingelmunster A",false,false,false,"Draw",true,false,,false,,90,0,0,0,0,0,0,,0.5,0,1,1,,,,
"https://www.rbfa.be/nl/wedstrijd/7520955","SV Ingelmunster A","Club Roeselare","Michiel Verlinde","15","Club Roeselare",false,false,false,"Draw",true,false,,false,,90,0,0,0,0,0,0,,0.5,0,1,1,,,,
"https://www.rbfa.be/nl/wedstrijd/7520955","SV Ingelmunster A","Club Roeselare","Jean-Louis Vyaene","16","SV Ingelmunster A",false,false,false,"Draw",true,false,,false,,90,0,0,0,0,0,0,,0.5,0,1,1,,,,
"https://www.rbfa.be/nl/wedstrijd/7520955","SV Ingelmunster A","Club Roeselare","Gilles Decuyper","17","Club Roeselare",false,false,false,"Draw",true,false,,false,,90,0,0,0,0,0,0,,0.5,0,1,1,,,,
"https://www.rbfa.be/nl/wedstrijd/7520955","SV Ingelmunster A","Club Roeselare","Simon Vanmarcke","17","SV Ingelmunster A",false,false,false,"Draw",true,false,,false,,90,0,0,0,0,0,0,,0.5,0,1,1,,,,
"https://www.rbfa.be/nl/wedstrijd/7520955","SV Ingelmunster A","Club Roeselare","Simon Verlinde","19","Club Roeselare",false,false,false,"Draw",true,false,,true,46,46,0,0,0,0,0,0,,0.5,0,0,0,0.5,0,1,1
"https://www.rbfa.be/nl/wedstrijd/7520955","SV Ingelmunster A","Club Roeselare","Lowie Van Renterghem","1","SV Ingelmunster A",true,false,false,"Draw",false,false,,false,,0,0,0,0,0,0,0,,,,,,0.5,0,0,0
"https://www.rbfa.be/nl/wedstrijd/7520955","SV Ingelmunster A","Club Roeselare","Jordin Nico Decorte","1","Club Roeselare",true,false,false,"Draw",false,false,,false,,0,0,0,0,0,0,0,,,,,,0.5,0,0,0
"https://www.rbfa.be/nl/wedstrijd/7520955","SV Ingelmunster A","Club Roeselare","Adam Khalil El-Sayed","5","SV Ingelmunster A",false,false,false,"Draw",false,false,,false,,0,0,0,0,0,0,0,,,,,,0.5,0,0,0
"https://www.rbfa.be/nl/wedstrijd/7520955","SV Ingelmunster A","Club Roeselare","Mohamedamin El Issati","2","Club Roeselare",false,false,false,"Draw",false,true,77,false,,13,0,0,0,0,0,0,,0.5,0,0,0,0.5,0,1,1
"https://www.rbfa.be/nl/wedstrijd/7520955","SV Ingelmunster A","Club Roeselare","Thiemen Vandeginste","13","SV Ingelmunster A",false,false,false,"Draw",false,false,,false,,0,0,0,0,0,0,0,,,,,,0.5,0,0,0
"https://www.rbfa.be/nl/wedstrijd/7520955","SV Ingelmunster A","Club Roeselare","Sam Vanhuyse","11","Club Roeselare",false,false,false,"Draw",false,true,46,false,,44,1,0,0,0,0,0,,0.5,0,1,1,0.5,0,0,0
"https://www.rbfa.be/nl/wedstrijd/7520955","SV Ingelmunster A","Club Roeselare","Andres Baert","18","SV Ingelmunster A",false,false,false,"Draw",false,false,,false,,0,0,0,0,0,0,0,,,,,,0.5,0,0,0
"https://www.rbfa.be/nl/wedstrijd/7520955","SV Ingelmunster A","Club Roeselare","Gianni Vandecasteele","20","Club Roeselare",false,false,false,"Draw",false,true,46,false,,44,0,0,0,0,0,0,,0.5,0,1,1,0.5,0,0,0
"https://www.rbfa.be/nl/wedstrijd/7520955","SV Ingelmunster A","Club Roeselare","Dylan Seys","24","SV Ingelmunster A",false,false,false,"Draw",false,true,69,false,,21,0,0,0,1,0,0,,0.5,0,0,0,0.5,0,1,1
"https://www.rbfa.be/nl/wedstrijd/7520955","SV Ingelmunster A","Club Roeselare","Brent Mandeville","21","Club Roeselare",false,false,false,"Draw",false,true,61,false,,29,0,0,0,1,0,0,,0.5,0,0,0,0.5,0,1,1
"https://www.rbfa.be/nl/wedstrijd/7520958","K.S.C. Wielsbeke","K. SV Veurne A","Matisse De Groote","22","K.S.C. Wielsbeke",true,false,false,"Win",true,false,,false,,90,0,0,0,0,0,0,,1,6,8,2,,,,
"https://www.rbfa.be/nl/wedstrijd/7520958","K.S.C. Wielsbeke","K. SV Veurne A","Wout Vandendriessche","54","K. SV Veurne A",true,false,false,"Loss",true,false,,false,,90,0,0,0,0,0,0,,0,-6,2,8,,,,
"https://www.rbfa.be/nl/wedstrijd/7520958","K.S.C. Wielsbeke","K. SV Veurne A","Dries Wysselinck","4","K.S.C. Wielsbeke",false,false,false,"Win",true,false,,true,81,81,0,0,0,0,0,0,,1,5,7,2,1,1,1,0
"https://www.rbfa.be/nl/wedstrijd/7520958","K.S.C. Wielsbeke","K. SV Veurne A","Pieter Dedrie","3","K. SV Veurne A",false,false,false,"Loss",true,false,,false,,90,0,0,0,0,0,0,,0,-6,2,8,,,,
"https://www.rbfa.be/nl/wedstrijd/7520958","K.S.C. Wielsbeke","K. SV Veurne A","Kenneth Deryckere","6","K.S.C. Wielsbeke",false,false,false,"Win",true,false,,true,84,84,0,0,0,0,0,0,,1,5,7,2,1,1,1,0
"https://www.rbfa.be/nl/wedstrijd/7520958","K.S.C. Wielsbeke","K. SV Veurne A","Gianni Jooris","7","K. SV Veurne A",false,false,false,"Loss",true,false,,true,79,79,0,0,0,0,0,0,,0,-5,2,7,0,-1,0,1
"https://www.rbfa.be/nl/wedstrijd/7520958","K.S.C. Wielsbeke","K. SV Veurne A","Rune Jacques Vandenborre","8","K.S.C. Wielsbeke",false,false,false,"Win",true,false,,true,71,71,0,0,0,0,0,0,,1,3,5,2,1,3,3,0
"https://www.rbfa.be/nl/wedstrijd/7520958","K.S.C. Wielsbeke","K. SV Veurne A","Jordy Bardyn","8","K. SV Veurne A",false,false,false,"Loss",true,false,,true,57,57,0,0,0,0,0,0,,0,-3,2,5,0,-3,0,3
"https://www.rbfa.be/nl/wedstrijd/7520958","K.S.C. Wielsbeke","K. SV Veurne A","Seppe Jeroen Lecour","9","K.S.C. Wielsbeke",false,false,false,"Win",true,false,,false,,90,3,0,0,0,0,0,,1,6,8,2,,,,
"https://www.rbfa.be/nl/wedstrijd/7520958","K.S.C. Wielsbeke","K. SV Veurne A","Dayne Clarebout","9","K. SV Veurne A",false,false,false,"Loss",true,false,,false,,90,2,0,0,0,0,0,,0,-6,2,8,,,,
"https://www.rbfa.be/nl/wedstrijd/7520958","K.S.C. Wielsbeke","K. SV Veurne A","Jonathan Verstraete","11","K.S.C. Wielsbeke",false,true,false,"Win",true,false,,false,,90,1,0,0,0,0,0,,1,6,8,2,,,,
"https://www.rbfa.be/nl/wedstrijd/7520958","K.S.C. Wielsbeke","K. SV Veurne A","Luca Baekelandt","10","K. SV Veurne A",false,true,false,"Loss",true,false,,false,,90,0,0,0,0,0,0,,0,-6,2,8,,,,
"https://www.rbfa.be/nl/wedstrijd/7520958","K.S.C. Wielsbeke","K. SV Veurne A","Loris D'Haene","14","K.S.C. Wielsbeke",false,false,false,"Win",true,false,,false,,90,0,0,0,0,0,0,,1,6,8,2,,,,
"https://www.rbfa.be/nl/wedstrijd/7520958","K.S.C. Wielsbeke","K. SV Veurne A","Dante Blanckaert","17","K. SV Veurne A",false,false,false,"Loss",true,false,,false,,90,0,0,0,0,0,0,,0,-6,2,8,,,,
"https://www.rbfa.be/nl/wedstrijd/7520958","K.S.C. Wielsbeke","K. SV Veurne A","Charles Noppe","18","K.S.C. Wielsbeke",false,false,false,"Win",true,false,,true,71,71,1,0,0,1,0,0,,1,3,5,2,1,3,3,0
"https://www.rbfa.be/nl/wedstrijd/7520958","K.S.C. Wielsbeke","K. SV Veurne A","Bart Winnock","21","K. SV Veurne A",false,false,false,"Loss",true,false,,false,,90,0,0,0,0,0,0,,0,-6,2,8,,,,
"https://www.rbfa.be/nl/wedstrijd/7520958","K.S.C. Wielsbeke","K. SV Veurne A","Kassmi Mohamed Ali","24","K.S.C. Wielsbeke",false,false,false,"Win",true,false,,false,,90,0,0,0,0,0,0,,1,6,8,2,,,,
"https://www.rbfa.be/nl/wedstrijd/7520958","K.S.C. Wielsbeke","K. SV Veurne A","Kevin Chateau","22","K. SV Veurne A",false,false,false,"Loss",true,false,,true,69,69,0,0,0,0,0,0,,0,-3,2,5,0,-3,0,3
"https://www.rbfa.be/nl/wedstrijd/7520958","K.S.C. Wielsbeke","K. SV Veurne A","Berre De Smet","44","K.S.C. Wielsbeke",false,false,false,"Win",true,false,,false,,90,0,0,0,0,0,0,,1,6,8,2,,,,
"https://www.rbfa.be/nl/wedstrijd/7520958","K.S.C. Wielsbeke","K. SV Veurne A","Kasper De Keyrel","24","K. SV Veurne A",false,false,false,"Loss",true,false,,false,,90,0,0,0,0,0,0,,0,-6,2,8,,,,
"https://www.rbfa.be/nl/wedstrijd/7520958","K.S.C. Wielsbeke","K. SV Veurne A","Ian Maes","65","K.S.C. Wielsbeke",false,false,false,"Win",true,false,,false,,90,1,0,0,0,0,0,,1,6,8,2,,,,
"https://www.rbfa.be/nl/wedstrijd/7520958","K.S.C. Wielsbeke","K. SV Veurne A","Anouk Vanysacker","44","K. SV Veurne A",false,false,false,"Loss",true,false,,true,79,79,0,0,0,0,0,0,,0,-5,2,7,0,-1,0,1
"https://www.rbfa.be/nl/wedstrijd/7520958","K.S.C. Wielsbeke","K. SV Veurne A","Vic Callens","13","K.S.C. Wielsbeke",true,false,false,"Win",false,false,,false,,0,0,0,0,0,0,0,,,,,,0.5,0,0,0
"https://www.rbfa.be/nl/wedstrijd/7520958","K.S.C. Wielsbeke","K. SV Veurne A","Gilles Van Holm","1","K. SV Veurne A",true,false,false,"Loss",false,false,,false,,0,0,0,0,0,0,0,,,,,,0.5,0,0,0
"https://www.rbfa.be/nl/wedstrijd/7520958","K.S.C. Wielsbeke","K. SV Veurne A","Thomas Coopman","7","K.S.C. Wielsbeke",false,false,false,"Win",false,true,71,false,,19,1,0,0,0,0,0,,1,3,3,0,1,3,5,2
"https://www.rbfa.be/nl/wedstrijd/7520958","K.S.C. Wielsbeke","K. SV Veurne A","Axel Leeman","20","K. SV Veurne A",false,false,false,"Loss",false,true,79,false,,11,0,0,0,0,0,0,,0,-2,0,2,0,-4,2,6
"https://www.rbfa.be/nl/wedstrijd/7520958","K.S.C. Wielsbeke","K. SV Veurne A","Arne Beeuwsaert","15","K.S.C. Wielsbeke",false,false,false,"Win",false,true,81,false,,9,1,0,0,0,0,0,,1,1,1,0,1,5,7,2
"https://www.rbfa.be/nl/wedstrijd/7520958","K.S.C. Wielsbeke","K. SV Veurne A","Cis Goesaert","28","K. SV Veurne A",false,false,false,"Loss",false,true,79,false,,11,0,0,0,0,0,0,,0,-2,0,2,0,-4,2,6
"https://www.rbfa.be/nl/wedstrijd/7520958","K.S.C. Wielsbeke","K. SV Veurne A","Gilles Van Maeldergem","16","K.S.C. Wielsbeke",false,false,false,"Win",false,true,71,false,,19,0,0,0,0,0,0,,1,3,3,0,1,3,5,2
"https://www.rbfa.be/nl/wedstrijd/7520958","K.S.C. Wielsbeke","K. SV Veurne A","Joppe Rathé","47","K. SV Veurne A",false,false,false,"Loss",false,true,57,false,,33,0,0,0,0,0,0,,0,-4,0,4,0,-2,2,4
"https://www.rbfa.be/nl/wedstrijd/7520958","K.S.C. Wielsbeke","K. SV Veurne A","Emiel Pannecoucke","58","K.S.C. Wielsbeke",false,false,false,"Win",false,true,84,false,,6,0,0,0,0,0,0,,1,1,1,0,1,5,7,2
"https://www.rbfa.be/nl/wedstrijd/7520958","K.S.C. Wielsbeke","K. SV Veurne A","Jessy Blanckaert","55","K. SV Veurne A",false,false,false,"Loss",false,true,69,false,,21,0,0,0,0,0,0,,0,-3,0,3,0,-3,2,5
"https://www.rbfa.be/nl/wedstrijd/7520961","K. FC Marke A","K. VC Ardooie A","Anthony Degrendel","26","K. FC Marke A",true,false,false,"Win",true,false,,false,,90,0,0,0,0,0,0,,1,1,4,3,,,,
"https://www.rbfa.be/nl/wedstrijd/7520961","K. FC Marke A","K. VC Ardooie A","Brent Callewaert","1","K. VC Ardooie A",true,true,false,"Loss",true,false,,false,,90,0,0,0,0,0,0,,0,-1,3,4,,,,
"https://www.rbfa.be/nl/wedstrijd/7520961","K. FC Marke A","K. VC Ardooie A","Lander Denduyver","6","K. FC Marke A",false,false,false,"Win",true,false,,true,11,11,0,0,0,0,0,0,,0,-1,0,1,1,2,4,2
"https://www.rbfa.be/nl/wedstrijd/7520961","K. FC Marke A","K. VC Ardooie A","Guillaume Tournicourt","3","K. VC Ardooie A",false,false,false,"Loss",true,false,,false,,90,1,0,0,1,0,0,,0,-1,3,4,,,,
"https://www.rbfa.be/nl/wedstrijd/7520961","K. FC Marke A","K. VC Ardooie A","Arne Naessens","8","K. FC Marke A",false,true,false,"Win",true,false,,false,,90,0,0,0,0,0,0,,1,1,4,3,,,,
"https://www.rbfa.be/nl/wedstrijd/7520961","K. FC Marke A","K. VC Ardooie A","Achille Callens","4","K. VC Ardooie A",false,false,false,"Loss",true,false,,false,,90,0,0,0,0,0,0,,0,-1,3,4,,,,
"https://www.rbfa.be/nl/wedstrijd/7520961","K. FC Marke A","K. VC Ardooie A","Jelle Duthoo","9","K. FC Marke A",false,false,false,"Win",true,false,,false,,90,1,0,0,0,0,0,,1,1,4,3,,,,
"https://www.rbfa.be/nl/wedstrijd/7520961","K. FC Marke A","K. VC Ardooie A","Maxim Ver Eecke","5","K. VC Ardooie A",false,false,false,"Loss",true,false,,false,,90,0,0,0,0,0,0,,0,-1,3,4,,,,
"https://www.rbfa.be/nl/wedstrijd/7520961","K. FC Marke A","K. VC Ardooie A","Thomas Menghis","10","K. FC Marke A",false,false,false,"Win",true,false,,true,67,67,0,0,0,0,0,0,,1,1,2,1,0.5,0,2,2
"https://www.rbfa.be/nl/wedstrijd/7520961","K. FC Marke A","K. VC Ardooie A","Edouard Holvoet","7","K. VC Ardooie A",false,false,false,"Loss",true,false,,true,86,86,0,0,0,0,0,0,,1,1,3,2,0,-2,0,2
"https://www.rbfa.be/nl/wedstrijd/7520961","K. FC Marke A","K. VC Ardooie A","Bob Desmet","11","K. FC Marke A",false,false,false,"Win",true,false,,false,,90,0,0,0,1,0,0,,1,1,4,3,,,,
"https://www.rbfa.be/nl/wedstrijd/7520961","K. FC Marke A","K. VC Ardooie A","Gianluca Cardoen","10","K. VC Ardooie A",false,false,false,"Loss",true,false,,false,,90,0,0,0,0,0,0,,0,-1,3,4,,,,
"https://www.rbfa.be/nl/wedstrijd/7520961","K. FC Marke A","K. VC Ardooie A","Benjamin Bonte","17","K. FC Marke A",false,false,false,"Win",true,false,,true,53,53,0,0,0,0,0,0,,1,1,2,1,0.5,0,2,2
"https://www.rbfa.be/nl/wedstrijd/7520961","K. FC Marke A","K. VC Ardooie A","Glenn Maddens","14","K. VC Ardooie A",false,false,false,"Loss",true,false,,false,,90,0,0,0,0,0,0,,0,-1,3,4,,,,
"https://www.rbfa.be/nl/wedstrijd/7520961","K. FC Marke A","K. VC Ardooie A","Emile Vanluchene","18","K. FC Marke A",false,false,false,"Win",true,false,,true,67,67,0,0,0,1,0,0,,1,1,2,1,0.5,0,2,2
"https://www.rbfa.be/nl/wedstrijd/7520961","K. FC Marke A","K. VC Ardooie A","Joran Lievrouw","15","K. VC Ardooie A",false,false,false,"Loss",true,false,,false,,90,0,0,0,0,0,0,,0,-1,3,4,,,,
"https://www.rbfa.be/nl/wedstrijd/7520961","K. FC Marke A","K. VC Ardooie A","Thibault Trioen","19","K. FC Marke A",false,false,false,"Win",true,false,,false,,90,3,0,0,1,0,0,,1,1,4,3,,,,
"https://www.rbfa.be/nl/wedstrijd/7520961","K. FC Marke A","K. VC Ardooie A","Lennert Van De Putte","19","K. VC Ardooie A",false,false,false,"Loss",true,false,,true,89,89,1,0,0,0,0,0,,1,1,3,2,0,-2,0,2
"https://www.rbfa.be/nl/wedstrijd/7520961","K. FC Marke A","K. VC Ardooie A","Jarne Wullaert","34","K. FC Marke A",false,false,false,"Win",true,false,,false,,90,0,0,0,1,0,0,,1,1,4,3,,,,
"https://www.rbfa.be/nl/wedstrijd/7520961","K. FC Marke A","K. VC Ardooie A","Milan Rudy Deprest","22","K. VC Ardooie A",false,false,false,"Loss",true,false,,true,89,89,0,0,0,0,0,0,,1,1,3,2,0,-2,0,2
"https://www.rbfa.be/nl/wedstrijd/7520961","K. FC Marke A","K. VC Ardooie A","Amaury Demuynck","73","K. FC Marke A",false,false,false,"Win",true,false,,false,,90,0,0,0,0,0,0,,1,1,4,3,,,,
"https://www.rbfa.be/nl/wedstrijd/7520961","K. FC Marke A","K. VC Ardooie A","Gregory Hermans","28","K. VC Ardooie A",false,false,false,"Loss",true,false,,true,16,16,1,0,0,0,0,0,,1,1,1,0,0,-2,2,4
"https://www.rbfa.be/nl/wedstrijd/7520961","K. FC Marke A","K. VC Ardooie A","Bastien Servaege","28","K. FC Marke A",true,false,false,"Win",false,false,,false,,0,0,0,0,0,0,0,,,,,,0.5,0,0,0
"https://www.rbfa.be/nl/wedstrijd/7520961","K. FC Marke A","K. VC Ardooie A","Richard De Meyer","25","K. VC Ardooie A",true,false,false,"Loss",false,false,,false,,0,0,0,0,0,0,0,,,,,,0.5,0,0,0
"https://www.rbfa.be/nl/wedstrijd/7520961","K. FC Marke A","K. VC Ardooie A","Hannes Tieberghien","14","K. FC Marke A",false,false,false,"Win",false,true,67,false,,23,0,0,0,0,0,0,,0.5,0,2,2,1,1,2,1
"https://www.rbfa.be/nl/wedstrijd/7520961","K. FC Marke A","K. VC Ardooie A","Noah Dumortier","8","K. VC Ardooie A",false,false,false,"Loss",false,true,86,false,,4,0,0,0,0,0,0,,0,-2,0,2,1,1,3,2
"https://www.rbfa.be/nl/wedstrijd/7520961","K. FC Marke A","K. VC Ardooie A","Jasper Cafmeyer","20","K. FC Marke A",false,false,false,"Win",false,true,67,false,,23,0,0,0,0,0,0,,0.5,0,2,2,1,1,2,1
"https://www.rbfa.be/nl/wedstrijd/7520961","K. FC Marke A","K. VC Ardooie A","Aiden Lenihan","9","K. VC Ardooie A",false,false,false,"Loss",false,true,16,false,,74,0,0,0,1,0,0,,0,-2,2,4,1,1,1,0
"https://www.rbfa.be/nl/wedstrijd/7520961","K. FC Marke A","K. VC Ardooie A","Noé Dirk Rogard","23","K. FC Marke A",false,false,false,"Win",false,true,53,false,,37,0,0,0,0,0,0,,0.5,0,2,2,1,1,2,1
"https://www.rbfa.be/nl/wedstrijd/7520961","K. FC Marke A","K. VC Ardooie A","Achiel Denijs","11","K. VC Ardooie A",false,false,false,"Loss",false,true,89,false,,1,0,0,0,0,0,0,,0,-2,0,2,1,1,3,2
"https://www.rbfa.be/nl/wedstrijd/7520961","K. FC Marke A","K. VC Ardooie A","Jannis Bourgeois","24","K. FC Marke A",false,false,false,"Win",false,true,11,false,,79,0,0,0,0,0,0,,1,2,4,2,0,-1,0,1
"https://www.rbfa.be/nl/wedstrijd/7520961","K. FC Marke A","K. VC Ardooie A","Jordi Loncke","23","K. VC Ardooie A",false,false,false,"Loss",false,true,89,false,,1,0,0,0,0,0,0,,0,-2,0,2,1,1,3,2
"https://www.rbfa.be/nl/wedstrijd/7520960","K. FC Heist A","K. Eendr. Wervik A","Miguel De Block","1","K. FC Heist A",true,false,true,"Draw",true,false,,false,,90,0,0,0,0,0,0,,0.5,0,0,0,,,,
"https://www.rbfa.be/nl/wedstrijd/7520960","K. FC Heist A","K. Eendr. Wervik A","Dylan Olievier","1","K. Eendr. Wervik A",true,false,true,"Draw",true,false,,false,,90,0,0,0,0,0,0,,0.5,0,0,0,,,,
"https://www.rbfa.be/nl/wedstrijd/7520960","K. FC Heist A","K. Eendr. Wervik A","Xander Timmerman","2","K. FC Heist A",false,false,false,"Draw",true,false,,false,,90,0,0,0,0,0,0,,0.5,0,0,0,,,,
"https://www.rbfa.be/nl/wedstrijd/7520960","K. FC Heist A","K. Eendr. Wervik A","Younes Haci","2","K. Eendr. Wervik A",false,false,false,"Draw",true,false,,false,,90,0,0,0,0,0,0,,0.5,0,0,0,,,,
"https://www.rbfa.be/nl/wedstrijd/7520960","K. FC Heist A","K. Eendr. Wervik A","Thibo Gies","5","K. FC Heist A",false,false,false,"Draw",true,false,,true,75,75,0,0,0,0,0,0,,0.5,0,0,0,0.5,0,0,0
"https://www.rbfa.be/nl/wedstrijd/7520960","K. FC Heist A","K. Eendr. Wervik A","Olivann Bossom","3","K. Eendr. Wervik A",false,false,false,"Draw",true,false,,false,,90,0,0,0,0,0,0,,0.5,0,0,0,,,,
"https://www.rbfa.be/nl/wedstrijd/7520960","K. FC Heist A","K. Eendr. Wervik A","Yoni Delporte","8","K. FC Heist A",false,true,false,"Draw",true,false,,false,,90,0,0,0,0,0,0,,0.5,0,0,0,,,,
"https://www.rbfa.be/nl/wedstrijd/7520960","K. FC Heist A","K. Eendr. Wervik A","Youssef Bouyfoulkitne","4","K. Eendr. Wervik A",false,false,false,"Draw",true,false,,false,,90,0,0,0,1,0,0,,0.5,0,0,0,,,,
"https://www.rbfa.be/nl/wedstrijd/7520960","K. FC Heist A","K. Eendr. Wervik A","Tibo Andries","9","K. FC Heist A",false,false,false,"Draw",true,false,,false,,90,0,0,0,1,0,0,,0.5,0,0,0,,,,
"https://www.rbfa.be/nl/wedstrijd/7520960","K. FC Heist A","K. Eendr. Wervik A","Neil Serbouh","6","K. Eendr. Wervik A",false,false,false,"Draw",true,false,,false,,90,0,0,0,0,0,0,,0.5,0,0,0,,,,
"https://www.rbfa.be/nl/wedstrijd/7520960","K. FC Heist A","K. Eendr. Wervik A","Thomas Vuyts","13","K. FC Heist A",false,false,false,"Draw",true,false,,true,75,75,0,0,0,0,0,0,,0.5,0,0,0,0.5,0,0,0
"https://www.rbfa.be/nl/wedstrijd/7520960","K. FC Heist A","K. Eendr. Wervik A","Emiel Stevens","8","K. Eendr. Wervik A",false,true,false,"Draw",true,false,,false,,90,0,0,0,0,0,0,,0.5,0,0,0,,,,
"https://www.rbfa.be/nl/wedstrijd/7520960","K. FC Heist A","K. Eendr. Wervik A","Bruno Delhaye","14","K. FC Heist A",false,false,false,"Draw",true,false,,true,71,71,0,0,0,0,0,0,,0.5,0,0,0,0.5,0,0,0
"https://www.rbfa.be/nl/wedstrijd/7520960","K. FC Heist A","K. Eendr. Wervik A","Abdoul Salam Sow","15","K. Eendr. Wervik A",false,false,false,"Draw",true,false,,false,,90,0,0,0,0,0,0,,0.5,0,0,0,,,,
"https://www.rbfa.be/nl/wedstrijd/7520960","K. FC Heist A","K. Eendr. Wervik A","Jarno Boone","15","K. FC Heist A",false,false,false,"Draw",true,false,,false,,90,0,0,0,0,0,0,,0.5,0,0,0,,,,
"https://www.rbfa.be/nl/wedstrijd/7520960","K. FC Heist A","K. Eendr. Wervik A","Arthur Crombez","17","K. Eendr. Wervik A",false,false,false,"Draw",true,false,,true,73,73,0,0,0,0,0,0,,0.5,0,0,0,0.5,0,0,0
"https://www.rbfa.be/nl/wedstrijd/7520960","K. FC Heist A","K. Eendr. Wervik A","Brecht Timmerman","20","K. FC Heist A",false,false,false,"Draw",true,false,,false,,90,0,0,0,0,0,0,,0.5,0,0,0,,,,
"https://www.rbfa.be/nl/wedstrijd/7520960","K. FC Heist A","K. Eendr. Wervik A","Geoffrey Coppin","22","K. Eendr. Wervik A",false,false,false,"Draw",true,false,,false,,90,0,0,0,0,0,0,,0.5,0,0,0,,,,
"https://www.rbfa.be/nl/wedstrijd/7520960","K. FC Heist A","K. Eendr. Wervik A","Jan Claessens","22","K. FC Heist A",false,false,false,"Draw",true,false,,false,,90,0,0,0,0,0,0,,0.5,0,0,0,,,,
"https://www.rbfa.be/nl/wedstrijd/7520960","K. FC Heist A","K. Eendr. Wervik A","Bilal Al Ghami","31","K. Eendr. Wervik A",false,false,false,"Draw",true,false,,true,66,66,0,0,0,0,0,0,,0.5,0,0,0,0.5,0,0,0
"https://www.rbfa.be/nl/wedstrijd/7520960","K. FC Heist A","K. Eendr. Wervik A","Lenny Frank Buyl","29","K. FC Heist A",false,false,false,"Draw",true,false,,false,,90,0,0,0,0,0,0,,0.5,0,0,0,,,,
"https://www.rbfa.be/nl/wedstrijd/7520960","K. FC Heist A","K. Eendr. Wervik A","Joseph Sylla","32","K. Eendr. Wervik A",false,false,false,"Draw",true,false,,true,73,73,0,0,0,0,0,0,,0.5,0,0,0,0.5,0,0,0
"https://www.rbfa.be/nl/wedstrijd/7520960","K. FC Heist A","K. Eendr. Wervik A","Bram De Baets","74","K. FC Heist A",true,false,false,"Draw",false,false,,false,,0,0,0,0,0,0,0,,,,,,0.5,0,0,0
"https://www.rbfa.be/nl/wedstrijd/7520960","K. FC Heist A","K. Eendr. Wervik A","Maxim Driessens","24","K. Eendr. Wervik A",true,false,false,"Draw",false,false,,false,,0,0,0,0,0,0,0,,,,,,0.5,0,0,0
"https://www.rbfa.be/nl/wedstrijd/7520960","K. FC Heist A","K. Eendr. Wervik A","Bixenti Ducoulombier","6","K. FC Heist A",false,false,false,"Draw",false,true,75,false,,15,0,0,0,0,0,0,,0.5,0,0,0,0.5,0,0,0
"https://www.rbfa.be/nl/wedstrijd/7520960","K. FC Heist A","K. Eendr. Wervik A","Jonathan Harrang","5","K. Eendr. Wervik A",false,false,false,"Draw",false,true,66,false,,24,0,0,0,0,0,0,,0.5,0,0,0,0.5,0,0,0
"https://www.rbfa.be/nl/wedstrijd/7520960","K. FC Heist A","K. Eendr. Wervik A","Kjell Delos","7","K. FC Heist A",false,false,false,"Draw",false,true,71,false,,19,0,0,0,1,0,0,,0.5,0,0,0,0.5,0,0,0
"https://www.rbfa.be/nl/wedstrijd/7520960","K. FC Heist A","K. Eendr. Wervik A","David-Emanuel Savu","9","K. Eendr. Wervik A",false,false,false,"Draw",false,false,,false,,0,0,0,0,0,0,0,,,,,,0.5,0,0,0
"https://www.rbfa.be/nl/wedstrijd/7520960","K. FC Heist A","K. Eendr. Wervik A","Tenas Virgili","10","K. FC Heist A",false,false,false,"Draw",false,true,75,false,,15,0,0,0,0,0,0,,0.5,0,0,0,0.5,0,0,0
"https://www.rbfa.be/nl/wedstrijd/7520960","K. FC Heist A","K. Eendr. Wervik A","Adil Haci","11","K. Eendr. Wervik A",false,false,false,"Draw",false,true,73,false,,17,0,0,0,0,0,0,,0.5,0,0,0,0.5,0,0,0
"https://www.rbfa.be/nl/wedstrijd/7520960","K. FC Heist A","K. Eendr. Wervik A","Tiago Dejaegher","11","K. FC Heist A",false,false,false,"Draw",false,false,,false,,0,0,0,0,0,0,0,,,,,,0.5,0,0,0
"https://www.rbfa.be/nl/wedstrijd/7520960","K. FC Heist A","K. Eendr. Wervik A","Kamal Diaz Jlal","14","K. Eendr. Wervik A",false,false,false,"Draw",false,true,73,false,,17,0,0,0,0,0,0,,0.5,0,0,0,0.5,0,0,0
"https://www.rbfa.be/nl/wedstrijd/7520959","K.R.C. Waregem A","S.V. Wevelgem City A","Soren Dutoit","1","K.R.C. Waregem A",true,false,false,"Draw",true,false,,false,,90,0,0,0,0,0,0,,0.5,0,1,1,,,,
"https://www.rbfa.be/nl/wedstrijd/7520959","K.R.C. Waregem A","S.V. Wevelgem City A","Jorgen Rogiers","1","S.V. Wevelgem City A",true,true,false,"Draw",true,false,,false,,90,0,0,0,0,0,0,,0.5,0,1,1,,,,
"https://www.rbfa.be/nl/wedstrijd/7520959","K.R.C. Waregem A","S.V. Wevelgem City A","Siebe Depraetere","2","K.R.C. Waregem A",false,false,false,"Draw",true,false,,false,,90,0,0,0,0,0,0,,0.5,0,1,1,,,,
"https://www.rbfa.be/nl/wedstrijd/7520959","K.R.C. Waregem A","S.V. Wevelgem City A","Gauthier Van De Geuchte","3","S.V. Wevelgem City A",false,false,false,"Draw",true,false,,true,74,74,0,0,0,0,0,0,,0.5,0,1,1,0.5,0,0,0
"https://www.rbfa.be/nl/wedstrijd/7520959","K.R.C. Waregem A","S.V. Wevelgem City A","Robbe Driessens","3","K.R.C. Waregem A",false,false,false,"Draw",true,false,,true,51,51,0,0,0,0,0,0,,0.5,0,1,1,0.5,0,0,0
"https://www.rbfa.be/nl/wedstrijd/7520959","K.R.C. Waregem A","S.V. Wevelgem City A","Victor Cuvelier","6","S.V. Wevelgem City A",false,false,false,"Draw",true,false,,false,,90,0,0,0,0,0,0,,0.5,0,1,1,,,,
"https://www.rbfa.be/nl/wedstrijd/7520959","K.R.C. Waregem A","S.V. Wevelgem City A","Denzel Van Fleteren","5","K.R.C. Waregem A",false,true,false,"Draw",true,false,,false,,90,0,0,0,0,0,0,,0.5,0,1,1,,,,
"https://www.rbfa.be/nl/wedstrijd/7520959","K.R.C. Waregem A","S.V. Wevelgem City A","Jordy Beirlaen","7","S.V. Wevelgem City A",false,false,false,"Draw",true,false,,false,,90,0,0,0,0,0,0,,0.5,0,1,1,,,,
"https://www.rbfa.be/nl/wedstrijd/7520959","K.R.C. Waregem A","S.V. Wevelgem City A","Jörg Roger Dutoit","7","K.R.C. Waregem A",false,false,false,"Draw",true,false,,false,,90,0,0,0,0,0,0,,0.5,0,1,1,,,,
"https://www.rbfa.be/nl/wedstrijd/7520959","K.R.C. Waregem A","S.V. Wevelgem City A","Jasper Noël Beyens","9","S.V. Wevelgem City A",false,false,false,"Draw",true,false,,false,,90,0,0,0,0,0,0,,0.5,0,1,1,,,,
"https://www.rbfa.be/nl/wedstrijd/7520959","K.R.C. Waregem A","S.V. Wevelgem City A","Jarne Vanderpoorten","8","K.R.C. Waregem A",false,false,false,"Draw",true,false,,false,,90,1,0,0,1,0,0,,0.5,0,1,1,,,,
"https://www.rbfa.be/nl/wedstrijd/7520959","K.R.C. Waregem A","S.V. Wevelgem City A","Thibau Laevens","10","S.V. Wevelgem City A",false,false,false,"Draw",true,false,,true,80,80,0,0,0,0,0,0,,0.5,0,1,1,0.5,0,0,0
"https://www.rbfa.be/nl/wedstrijd/7520959","K.R.C. Waregem A","S.V. Wevelgem City A","Simon Vandenabeele","9","K.R.C. Waregem A",false,false,false,"Draw",true,false,,true,45,45,0,0,0,0,0,0,,0.5,0,1,1,0.5,0,0,0
"https://www.rbfa.be/nl/wedstrijd/7520959","K.R.C. Waregem A","S.V. Wevelgem City A","Marc Couckuyt","14","S.V. Wevelgem City A",false,false,false,"Draw",true,false,,false,,90,1,0,0,0,0,0,,0.5,0,1,1,,,,
"https://www.rbfa.be/nl/wedstrijd/7520959","K.R.C. Waregem A","S.V. Wevelgem City A","Tjardo Vanderghinste","14","K.R.C. Waregem A",false,false,false,"Draw",true,false,,true,75,75,0,0,0,0,0,0,,0.5,0,1,1,0.5,0,0,0
"https://www.rbfa.be/nl/wedstrijd/7520959","K.R.C. Waregem A","S.V. Wevelgem City A","Tibo Margo","16","S.V. Wevelgem City A",false,false,false,"Draw",true,false,,true,12,12,0,0,0,0,0,0,,0.5,0,0,0,0.5,0,1,1
"https://www.rbfa.be/nl/wedstrijd/7520959","K.R.C. Waregem A","S.V. Wevelgem City A","Mathis Lievens","19","K.R.C. Waregem A",false,false,false,"Draw",true,false,,false,,90,0,0,0,0,0,0,,0.5,0,1,1,,,,
"https://www.rbfa.be/nl/wedstrijd/7520959","K.R.C. Waregem A","S.V. Wevelgem City A","Gilles Bouckaert","17","S.V. Wevelgem City A",false,false,false,"Draw",true,false,,false,,90,0,0,0,0,0,0,,0.5,0,1,1,,,,
"https://www.rbfa.be/nl/wedstrijd/7520959","K.R.C. Waregem A","S.V. Wevelgem City A","Emiel Delmulle","20","K.R.C. Waregem A",false,false,false,"Draw",true,false,,true,61,61,0,0,0,0,0,0,,0.5,0,1,1,0.5,0,0,0
"https://www.rbfa.be/nl/wedstrijd/7520959","K.R.C. Waregem A","S.V. Wevelgem City A","Maxime Cottignie","19","S.V. Wevelgem City A",false,false,false,"Draw",true,false,,false,,90,0,0,0,0,0,0,,0.5,0,1,1,,,,
"https://www.rbfa.be/nl/wedstrijd/7520959","K.R.C. Waregem A","S.V. Wevelgem City A","Arnaut Devenyns","21","K.R.C. Waregem A",false,false,false,"Draw",true,false,,false,,90,0,0,0,0,0,0,,0.5,0,1,1,,,,
"https://www.rbfa.be/nl/wedstrijd/7520959","K.R.C. Waregem A","S.V. Wevelgem City A","Mehdi Oumedjeber","20","S.V. Wevelgem City A",false,false,false,"Draw",true,false,,false,,90,0,0,0,0,0,0,,0.5,0,1,1,,,,
"https://www.rbfa.be/nl/wedstrijd/7520959","K.R.C. Waregem A","S.V. Wevelgem City A","Kyran Vantieghem","13","K.R.C. Waregem A",true,false,false,"Draw",false,false,,false,,0,0,0,0,0,0,0,,,,,,0.5,0,0,0
"https://www.rbfa.be/nl/wedstrijd/7520959","K.R.C. Waregem A","S.V. Wevelgem City A","Anton Masselis","24","S.V. Wevelgem City A",true,false,false,"Draw",false,false,,false,,0,0,0,0,0,0,0,,,,,,0.5,0,0,0
"https://www.rbfa.be/nl/wedstrijd/7520959","K.R.C. Waregem A","S.V. Wevelgem City A","Leko Albert Verbauwhede","4","K.R.C. Waregem A",false,false,false,"Draw",false,true,61,false,,29,0,0,0,0,0,0,,0.5,0,0,0,0.5,0,1,1
"https://www.rbfa.be/nl/wedstrijd/7520959","K.R.C. Waregem A","S.V. Wevelgem City A","Gilles Hamers","5","S.V. Wevelgem City A",false,false,false,"Draw",false,true,74,false,,16,0,0,0,0,0,0,,0.5,0,0,0,0.5,0,1,1
"https://www.rbfa.be/nl/wedstrijd/7520959","K.R.C. Waregem A","S.V. Wevelgem City A","Robbe Debue","11","K.R.C. Waregem A",false,false,false,"Draw",false,true,45,false,,45,0,0,0,0,0,0,,0,-1,0,1,1,1,1,0
"https://www.rbfa.be/nl/wedstrijd/7520959","K.R.C. Waregem A","S.V. Wevelgem City A","Clément Castelain","12","S.V. Wevelgem City A",false,false,false,"Draw",false,false,,false,,0,0,0,0,0,0,0,,,,,,0.5,0,0,0
"https://www.rbfa.be/nl/wedstrijd/7520959","K.R.C. Waregem A","S.V. Wevelgem City A","Kengi Callens","12","K.R.C. Waregem A",false,false,false,"Draw",false,true,51,false,,39,0,0,0,0,0,0,,0.5,0,0,0,0.5,0,1,1
"https://www.rbfa.be/nl/wedstrijd/7520959","K.R.C. Waregem A","S.V. Wevelgem City A","Raf Vanhuylebrouck","21","S.V. Wevelgem City A",false,false,false,"Draw",false,true,12,false,,78,0,0,0,0,0,0,,0.5,0,1,1,0.5,0,0,0
"https://www.rbfa.be/nl/wedstrijd/7520959","K.R.C. Waregem A","S.V. Wevelgem City A","Matteo Dujardin","17","K.R.C. Waregem A",false,false,false,"Draw",false,true,75,false,,15,0,0,0,0,0,0,,0.5,0,0,0,0.5,0,1,1
"https://www.rbfa.be/nl/wedstrijd/7520959","K.R.C. Waregem A","S.V. Wevelgem City A","Said Hafidh Khatib","22","S.V. Wevelgem City A",false,false,false,"Draw",false,true,80,false,,10,0,0,0,0,0,0,,0.5,0,0,0,0.5,0,1,1